threshold,true_negatives,false_positives,false_negatives,true_positives,precision,recall,f1,specificity,predicted_positive_rate,is_f1_maximizer,is_selected
0.02825845903634364,0,3438,0,427,0.11047865459249677,1,0.19897483690587139,0,1,False,False
0.033846517613893276,1,3437,0,427,0.1105072463768116,1,0.19902120717781405,0.00029086678301337986,0.99974126778783956,False,False
0.035020606939913226,2,3436,0,427,0.11053585296401761,1,0.19906759906759905,0.00058173356602675972,0.99948253557567912,False,False
0.03526651013512392,2,3436,1,426,0.11030554117037804,0.99765807962529274,0.19864770342737234,0.00058173356602675972,0.99922380336351879,False,False
0.036566424614201287,3,3435,1,426,0.11033411033411034,0.99765807962529274,0.19869402985074625,0.00087260034904013963,0.99896507115135835,False,False
0.036900009202726215,4,3434,1,426,0.11036269430051814,0.99765807962529274,0.19874037788663401,0.0011634671320535194,0.99870633893919791,False,False
0.037060508282546145,5,3433,1,426,0.11039129308110909,0.99765807962529274,0.19878674755016332,0.0014543339150668994,0.99844760672703747,False,False
0.038233347971269357,6,3432,1,426,0.1104199066874028,0.99765807962529274,0.19883313885647608,0.0017452006980802793,0.99818887451487714,False,False
0.038358194002090201,7,3431,1,426,0.11044853513093078,0.99765807962529274,0.19887955182072831,0.0020360674810936592,0.99793014230271671,False,False
0.038639528947057585,8,3430,1,426,0.11047717842323651,0.99765807962529274,0.19892598645809012,0.0023269342641070389,0.99767141009055627,False,False
0.040668821206950492,9,3429,1,426,0.11050583657587548,0.99765807962529274,0.1989724427837459,0.002617801047120419,0.99741267787839583,False,False
0.040991801697383895,10,3428,1,426,0.11053450960041515,0.99765807962529274,0.19901892081289418,0.0029086678301337987,0.9971539456662355,False,False
0.041072623789237594,11,3427,1,426,0.11056319750843499,0.99765807962529274,0.19906542056074766,0.0031995346131471784,0.99689521345407506,False,False
0.041325563130029525,12,3426,1,426,0.11059190031152648,0.99765807962529274,0.1991119420425333,0.0034904013961605585,0.99663648124191462,False,False
0.041500488522041572,13,3425,1,426,0.11062061802129317,0.99765807962529274,0.19915848527349228,0.0037812681791739382,0.99637774902975418,False,False
0.041573337528535974,14,3424,1,426,0.11064935064935065,0.99765807962529274,0.19920505026888005,0.0040721349621873184,0.99611901681759374,False,False
0.04184864411786831,15,3423,1,426,0.11067809820732658,0.99765807962529274,0.19925163704396634,0.0043630017452006981,0.99586028460543341,False,False
0.043039320044218031,16,3422,1,426,0.11070686070686071,0.99765807962529274,0.19929824561403511,0.0046538685282140778,0.99560155239327297,False,False
0.043610120820820435,17,3421,1,426,0.11073563815960488,0.99765807962529274,0.19934487599438463,0.0049447353112274574,0.99534282018111253,False,False
0.043729106497706838,18,3420,1,426,0.11076443057722309,0.99765807962529274,0.19939152820032763,0.005235602094240838,0.99508408796895209,False,False
0.043781033126753452,19,3419,1,426,0.11079323797139141,0.99765807962529274,0.199438202247191,0.0055264688772542177,0.99482535575679176,False,False
0.044338507080098018,20,3418,1,426,0.11082206035379813,0.99765807962529274,0.19948489815031609,0.0058173356602675974,0.99456662354463132,False,False
0.044531855568503066,21,3417,1,426,0.11085089773614364,0.99765807962529274,0.19953161592505858,0.0061082024432809771,0.99430789133247088,False,False
0.044967663903972561,22,3416,1,426,0.11087975013014055,0.99765807962529274,0.19957835558678846,0.0063990692262943568,0.99404915912031044,False,False
0.044987543639083215,23,3415,1,426,0.11090861754751367,0.99765807962529274,0.19962511715089037,0.0066899360093077374,0.99379042690815012,False,False
0.045531177047693168,24,3414,1,426,0.11093749999999999,0.99765807962529274,0.19967190063276308,0.0069808027923211171,0.99353169469598968,False,False
0.045612600603935967,25,3413,1,426,0.11096639749934879,0.99765807962529274,0.19971870604781994,0.0072716695753344968,0.99327296248382924,False,False
0.045744953795728606,26,3412,1,426,0.11099531005732152,0.99765807962529274,0.19976553341148887,0.0075625363583478765,0.9930142302716688,False,False
0.045809415045459469,27,3411,1,426,0.11102423768569195,0.99765807962529274,0.19981238273921201,0.0078534031413612562,0.99275549805950836,False,False
0.046346071360521733,28,3410,1,426,0.11105318039624609,0.99765807962529274,0.19985925404644619,0.0081442699243746367,0.99249676584734803,False,False
0.046856601111732343,29,3409,1,426,0.11108213820078226,0.99765807962529274,0.19990614734866261,0.0084351367073880155,0.99223803363518759,False,False
0.047119658788613746,30,3408,1,426,0.1111111111111111,0.99765807962529274,0.1999530626613471,0.0087260034904013961,0.99197930142302715,False,False
0.047251035026891305,31,3407,1,426,0.11114009913905556,0.99765807962529274,0.19999999999999996,0.0090168702734147767,0.99172056921086671,False,False
0.047793930380469481,32,3406,1,426,0.11116910229645094,0.99765807962529274,0.2000469593801362,0.0093077370564281555,0.99146183699870638,False,False
0.048248121213643871,33,3405,1,426,0.11119812059514488,0.99765807962529274,0.2000939408172851,0.0095986038394415361,0.99120310478654594,False,False
0.048456230224922132,34,3404,1,426,0.11122715404699739,0.99765807962529274,0.20014094432699084,0.0098894706224549149,0.9909443725743855,False,False
0.0488197096432718,34,3404,2,425,0.11099503786889527,0.99531615925058547,0.19971804511278193,0.0098894706224549149,0.99068564036222506,False,False
0.049422304392163427,35,3403,2,425,0.11102403343782655,0.99531615925058547,0.19976498237367804,0.010180337405468295,0.99042690815006473,False,False
0.049429563961559224,36,3402,2,425,0.11105304415991639,0.99531615925058547,0.19981194170192759,0.010471204188481676,0.99016817593790429,False,False
0.049682813476738981,37,3401,2,425,0.11108207004704652,0.99531615925058547,0.19985892311309664,0.010762070971495055,0.98990944372574385,False,False
0.049736497388942369,38,3400,2,425,0.1111111111111111,0.99531615925058547,0.19990592662276574,0.011052937754508435,0.98965071151358341,False,False
0.049742173330099324,38,3400,3,424,0.11087866108786611,0.99297423887587821,0.19948247471183253,0.011052937754508435,0.98939197930142297,False,False
0.049977824930319895,39,3399,3,424,0.11090766413811143,0.99297423887587821,0.19952941176470587,0.011343804537521814,0.98913324708926265,False,False
0.050028911341865823,40,3398,3,424,0.11093668236525379,0.99297423887587821,0.19957637091080255,0.011634671320535195,0.98887451487710221,False,False
0.050060875152910883,41,3397,3,424,0.1109657157812091,0.99297423887587821,0.19962335216572502,0.011925538103548575,0.98861578266494177,False,False
0.050170629555564471,42,3396,3,424,0.11099476439790576,0.99297423887587821,0.19967035554509066,0.012216404886561954,0.98835705045278133,False,False
0.050226529260059133,43,3395,3,424,0.11102382822728463,0.99297423887587821,0.19971738106453132,0.012507271669575335,0.988098318240621,False,False
0.050251385791912746,44,3394,3,424,0.11105290728129912,0.99297423887587821,0.19976442873969377,0.012798138452588714,0.98783958602846056,False,False
0.050356818333254297,45,3393,3,424,0.11108200157191511,0.99297423887587821,0.19981149858623937,0.013089005235602094,0.98758085381630012,False,False
0.050572783054069113,46,3392,3,424,0.1111111111111111,0.99297423887587821,0.19985859061984443,0.013379872018615475,0.98732212160413968,False,False
0.05072860526876008,47,3391,3,424,0.11114023591087811,0.99297423887587821,0.19990570485619991,0.013670738801628854,0.98706338939197935,False,False
0.05074858929998885,48,3390,3,424,0.11116937598321971,0.99297423887587821,0.19995284131101154,0.013961605584642234,0.98680465717981891,False,False
0.050872730847825905,49,3389,3,424,0.11119853134015212,0.99297423887587821,0.20000000000000001,0.014252472367655613,0.98654592496765847,False,False
0.050905392016809325,50,3388,3,424,0.11122770199370409,0.99297423887587821,0.20004718093890067,0.014543339150668994,0.98628719275549803,False,False
0.051074291402907625,51,3387,3,424,0.11125688795591708,0.99297423887587821,0.20009438414346389,0.014834205933682374,0.98602846054333759,False,False
0.051166511210636201,52,3386,3,424,0.11128608923884514,0.99297423887587821,0.20014160962945479,0.015125072716695753,0.98576972833117726,False,False
0.051225820826794694,53,3385,3,424,0.111315305854555,0.99297423887587821,0.20018885741265344,0.015415939499709133,0.98551099611901682,False,False
0.051301406732078336,54,3384,3,424,0.11134453781512606,0.99297423887587821,0.20023612750885478,0.015706806282722512,0.98525226390685638,False,False
0.051393137948348863,55,3383,3,424,0.11137378513265038,0.99297423887587821,0.20028341993386867,0.015997673065735893,0.98499353169469595,False,False
0.051601915367808907,56,3382,3,424,0.11140304781923278,0.99297423887587821,0.20033073470351995,0.016288539848749273,0.98473479948253562,False,False
0.051685183165321884,57,3381,3,424,0.1114323258869908,0.99297423887587821,0.20037807183364839,0.016579406631762654,0.98447606727037518,False,False
0.051745647480243538,58,3380,3,424,0.11146161934805468,0.99297423887587821,0.20042543134010873,0.016870273414776031,0.98421733505821474,False,False
0.052175846385161109,59,3379,3,424,0.11149092821456745,0.99297423887587821,0.20047281323877067,0.017161140197789412,0.9839586028460543,False,False
0.05219255738179495,60,3378,3,424,0.1115202524986849,0.99297423887587821,0.20052021754551902,0.017452006980802792,0.98369987063389397,False,False
0.052299130155958072,61,3377,3,424,0.11154959221257564,0.99297423887587821,0.20056764427625356,0.017742873763816173,0.98344113842173353,False,False
0.052366475301836128,62,3376,3,424,0.11157894736842106,0.99297423887587821,0.20061509344688908,0.018033740546829553,0.98318240620957309,False,False
0.052659991374439399,63,3375,3,424,0.11160831797841538,0.99297423887587821,0.20066256507335545,0.01832460732984293,0.98292367399741265,False,False
0.05274122849512753,64,3374,3,424,0.11163770405476567,0.99297423887587821,0.20071005917159765,0.018615474112856311,0.98266494178525221,False,False
0.052857072137353689,65,3373,3,424,0.11166710560969186,0.99297423887587821,0.20075757575757575,0.018906340895869692,0.98240620957309188,False,False
0.053086304855735171,66,3372,3,424,0.11169652265542676,0.99297423887587821,0.20080511484726499,0.019197207678883072,0.98214747736093144,False,False
0.05310477857988849,67,3371,3,424,0.11172595520421608,0.99297423887587821,0.20085267645665564,0.019488074461896453,0.981888745148771,False,False
0.053105271761583452,68,3370,3,424,0.1117554032683184,0.99297423887587821,0.20090026060175314,0.01977894124490983,0.98163001293661056,False,False
0.053229974061107674,69,3369,3,424,0.11178486686000527,0.99297423887587821,0.20094786729857819,0.02006980802792321,0.98137128072445023,False,False
0.053563775987815108,70,3368,3,424,0.11181434599156118,0.99297423887587821,0.20099549656316659,0.020360674810936591,0.98111254851228979,False,False
0.053882138393078767,71,3367,3,424,0.11184384067528357,0.99297423887587821,0.20104314841156945,0.020651541593949971,0.98085381630012936,False,False
0.05395412139842938,72,3366,3,424,0.11187335092348286,0.99297423887587821,0.201090822859853,0.020942408376963352,0.98059508408796892,False,False
0.054091925164718606,73,3365,3,424,0.11190287674848245,0.99297423887587821,0.20113851992409867,0.021233275159976729,0.98033635187580859,False,False
0.054148581697676945,74,3364,3,424,0.1119324181626188,0.99297423887587821,0.20118623962040333,0.02152414194299011,0.98007761966364815,False,False
0.054566674838316849,75,3363,3,424,0.11196197517824136,0.99297423887587821,0.20123398196487896,0.02181500872600349,0.97981888745148771,False,False
0.054706181217749492,76,3362,3,424,0.11199154780771263,0.99297423887587821,0.20128174697365298,0.022105875509016871,0.97956015523932727,False,False
0.054830768134882267,77,3361,3,424,0.11202113606340819,0.99297423887587821,0.20132953466286799,0.022396742292030251,0.97930142302716683,False,False
0.054840852896597139,78,3360,3,424,0.11205073995771671,0.99297423887587821,0.20137734504868204,0.022687609075043629,0.9790426908150065,False,False
0.054943781602551679,79,3359,3,424,0.11208035950303992,0.99297423887587821,0.20142517814726843,0.022978475858057009,0.97878395860284606,False,False
0.054947094696890603,80,3358,3,424,0.1121099947117927,0.99297423887587821,0.20147303397481586,0.02326934264107039,0.97852522639068562,False,False
0.054978336551839133,81,3357,3,424,0.11213964559640306,0.99297423887587821,0.20152091254752852,0.02356020942408377,0.97826649417852518,False,False
0.055084421355123633,82,3356,3,424,0.11216931216931217,0.99297423887587821,0.20156881388162587,0.023851076207097151,0.97800776196636485,False,False
0.05508699235617058,83,3355,3,424,0.11219899444297433,0.99297423887587821,0.20161673799334281,0.024141942990110528,0.97774902975420441,False,False
0.055200620315356365,84,3354,3,424,0.11222869242985707,0.99297423887587821,0.20166468489892986,0.024432809773123908,0.97749029754204397,False,False
0.055234991979302976,85,3353,3,424,0.11225840614244109,0.99297423887587821,0.20171265461465274,0.024723676556137289,0.97723156532988353,False,False
0.055419563727023342,86,3352,3,424,0.11228813559322035,0.99297423887587821,0.20176064715679276,0.02501454333915067,0.97697283311772321,False,False
0.055454528722632582,87,3351,3,424,0.11231788079470199,0.99297423887587821,0.20180866254164681,0.02530541012216405,0.97671410090556277,False,False
0.055455989889325555,88,3350,3,424,0.11234764175940647,0.99297423887587821,0.20185670078552725,0.025596276905177427,0.97645536869340233,False,False
0.055517069126613222,89,3349,3,424,0.11237741849986747,0.99297423887587821,0.20190476190476189,0.025887143688190808,0.97619663648124189,False,False
0.055538921048440111,90,3348,3,424,0.11240721102863202,0.99297423887587821,0.20195284591569421,0.026178010471204188,0.97593790426908145,False,False
0.055642958807880401,90,3348,4,423,0.11217183770883055,0.99063231850117095,0.20152453549309193,0.026178010471204188,0.97567917205692112,False,False
0.055840772676153214,91,3347,4,423,0.11220159151193634,0.99063231850117095,0.20157255182273054,0.026468877254217569,0.97542043984476068,False,False
0.055865287539147691,92,3346,4,423,0.11223136110374105,0.99063231850117095,0.20162059103908483,0.026759744037230949,0.97516170763260024,False,False
0.055882171775019897,93,3345,4,423,0.11226114649681529,0.99063231850117095,0.20166865315852206,0.027050610820244327,0.9749029754204398,False,False
0.055897933086572774,94,3344,4,423,0.11229094770374304,0.99063231850117095,0.20171673819742492,0.027341477603257707,0.97464424320827947,False,False
0.055961597791058589,95,3343,4,423,0.11232076473712162,0.99063231850117095,0.20176484617219176,0.027632344386271088,0.97438551099611903,False,False
0.055985064172224638,96,3342,4,423,0.11235059760956176,0.99063231850117095,0.20181297709923665,0.027923211169284468,0.97412677878395859,False,False
0.056003775632526905,97,3341,4,423,0.11238044633368757,0.99063231850117095,0.20186113099498929,0.028214077952297849,0.97386804657179815,False,False
0.056008073222878554,98,3340,4,423,0.11241031092213659,0.99063231850117095,0.20190930787589498,0.028504944735311226,0.97360931435963782,False,False
0.056015962569005644,99,3339,4,423,0.11244019138755981,0.99063231850117095,0.20195750775841489,0.028795811518324606,0.97335058214747738,False,False
0.05616351098203072,100,3338,4,423,0.11247008774262164,0.99063231850117095,0.20200573065902577,0.029086678301337987,0.97309184993531694,False,False
0.056200652269965803,101,3337,4,423,0.1125,0.99063231850117095,0.2020539765942202,0.029377545084351368,0.9728331177231565,False,False
0.056203877482878875,102,3336,4,423,0.11252992817238627,0.99063231850117095,0.20210224558050641,0.029668411867364748,0.97257438551099606,False,False
0.056224146064231643,103,3335,4,423,0.11255987227248536,0.99063231850117095,0.20215053763440857,0.029959278650378125,0.97231565329883574,False,False
0.056312998525287365,103,3335,5,422,0.11232366249667287,0.98829039812646369,0.20172084130019122,0.029959278650378125,0.9720569210866753,False,False
0.056632274061514151,104,3334,5,422,0.11235356762513313,0.98829039812646369,0.20176906526416449,0.030250145433391506,0.97179818887451486,False,False
0.056684028279763592,105,3333,5,422,0.11238348868175765,0.98829039812646369,0.20181731229076996,0.030541012216404886,0.97153945666235442,False,False
0.056791876430348491,106,3332,5,422,0.11241342567927544,0.98829039812646369,0.20186558239655583,0.030831878999418267,0.97128072445019409,False,False
0.056815579979206998,107,3331,5,422,0.11244337863042898,0.98829039812646369,0.2019138755980861,0.031122745782431648,0.97102199223803365,False,False
0.0569005440097997,108,3330,5,422,0.11247334754797442,0.98829039812646369,0.20196219191194065,0.031413612565445025,0.97076326002587321,False,False
0.056919877042511065,109,3329,5,422,0.11250333244468141,0.98829039812646369,0.20201053135471519,0.031704479348458409,0.97050452781371277,False,False
0.056930703712654171,110,3328,5,422,0.11253333333333333,0.98829039812646369,0.20205889394302129,0.031995346131471786,0.97024579560155244,False,False
0.056979553746280109,111,3327,5,422,0.11256335022672713,0.98829039812646369,0.2021072796934866,0.032286212914485163,0.969987063389392,False,False
0.057037740625801067,112,3326,5,422,0.11259338313767342,0.98829039812646369,0.20215568862275449,0.032577079697498547,0.96972833117723156,False,False
0.057199432238594035,113,3325,5,422,0.11262343207899653,0.98829039812646369,0.20220412074748442,0.032867946480511924,0.96946959896507112,False,False
0.057334839673584784,114,3324,5,422,0.11265349706353443,0.98829039812646369,0.20225257608435177,0.033158813263525308,0.96921086675291068,False,False
0.057343572506098076,115,3323,5,422,0.11268357810413886,0.98829039812646369,0.20230105465004794,0.033449680046538685,0.96895213454075035,False,False
0.057369225873856594,116,3322,5,422,0.11271367521367522,0.98829039812646369,0.20234955646128025,0.033740546829552062,0.96869340232858991,False,False
0.057370272837050859,117,3321,5,422,0.11274378840502271,0.98829039812646369,0.20239808153477221,0.034031413612565446,0.96843467011642947,False,False
0.057469262860751547,118,3320,5,422,0.1127739176910743,0.98829039812646369,0.20244662988726317,0.034322280395578823,0.96817593790426903,False,False
0.05757521650347127,119,3319,5,422,0.1128040630847367,0.98829039812646369,0.20249520153550862,0.034613147178592207,0.96791720569210871,False,False
0.057579250469411244,120,3318,5,422,0.11283422459893049,0.98829039812646369,0.20254379649628032,0.034904013961605584,0.96765847347994827,False,False
0.057580136875969717,121,3317,5,422,0.11286440224659,0.98829039812646369,0.2025924147863658,0.035194880744618962,0.96739974126778783,False,False
0.057627828296015954,122,3316,5,422,0.11289459604066346,0.98829039812646369,0.20264105642256902,0.035485747527632346,0.96714100905562739,False,False
0.057722655935566802,123,3315,5,422,0.11292480599411292,0.98829039812646369,0.20268972142170985,0.035776614310645723,0.96688227684346706,False,False
0.057732014522113462,124,3314,5,422,0.11295503211991435,0.98829039812646369,0.20273840980062455,0.036067481093659107,0.96662354463130662,False,False
0.057779925850174288,125,3313,5,422,0.11298527443105756,0.98829039812646369,0.2027871215761653,0.036358347876672484,0.96636481241914618,False,False
0.057816638583362473,126,3312,5,422,0.11301553294054634,0.98829039812646369,0.20283585676520066,0.036649214659685861,0.96610608020698574,False,False
0.057862051710283927,127,3311,5,422,0.11304580766139834,0.98829039812646369,0.20288461538461539,0.036940081442699245,0.9658473479948253,False,False
0.057901392141630315,128,3310,5,422,0.11307609860664523,0.98829039812646369,0.20293339745131039,0.037230948225712622,0.96558861578266497,False,False
0.057938232587612534,129,3309,5,422,0.11310640578933262,0.98829039812646369,0.20298220298220296,0.037521815008726006,0.96532988357050453,False,False
0.05827115274597057,130,3308,5,422,0.1131367292225201,0.98829039812646369,0.20303103199422662,0.037812681791739383,0.96507115135834409,False,False
0.058367015456589712,131,3307,5,422,0.11316706891928131,0.98829039812646369,0.20307988450433107,0.03810354857475276,0.96481241914618365,False,False
0.058412179682137556,132,3306,5,422,0.11319742489270386,0.98829039812646369,0.20312876052948253,0.038394415357766144,0.96455368693402332,False,False
0.058479476770839249,133,3305,5,422,0.11322779715588946,0.98829039812646369,0.20317766008666346,0.038685282140779521,0.96429495472186288,False,False
0.058538219721369807,134,3304,5,422,0.11325818572195384,0.98829039812646369,0.20322658319287262,0.038976148923792905,0.96403622250970245,False,False
0.058564043154497862,135,3303,5,422,0.11328859060402685,0.98829039812646369,0.20327552986512526,0.039267015706806283,0.96377749029754201,False,False
0.058689569262593555,135,3303,6,421,0.11305048335123523,0.98594847775175642,0.20284268850879308,0.039267015706806283,0.96351875808538168,False,False
0.058695022011387002,136,3302,6,421,0.11308084877786731,0.98594847775175642,0.20289156626506022,0.03955788248981966,0.96326002587322124,False,False
0.058772781374246644,137,3301,6,421,0.11311123052122515,0.98594847775175642,0.20294046758255002,0.039848749272833044,0.9630012936610608,False,False
0.058799484760394281,138,3300,6,421,0.11314162859446385,0.98594847775175642,0.2029893924783028,0.040139616055846421,0.96274256144890036,False,False
0.058977442862067853,139,3299,6,421,0.11317204301075269,0.98594847775175642,0.20303834096937545,0.040430482838859805,0.96248382923674003,False,False
0.059161954213376132,140,3298,6,421,0.11320247378327507,0.98594847775175642,0.20308731307284128,0.040721349621873182,0.96222509702457959,False,False
0.059194350587758932,141,3297,6,421,0.11323292092522862,0.98594847775175642,0.20313630880579012,0.041012216404886559,0.96196636481241915,False,False
0.059207991038877653,142,3296,6,421,0.11326338444982513,0.98594847775175642,0.2031853281853282,0.041303083187899943,0.96170763260025871,False,False
0.059214856622978172,143,3295,6,421,0.11329386437029064,0.98594847775175642,0.20323437122857835,0.04159394997091332,0.96144890038809827,False,False
0.059226342647458123,144,3294,6,421,0.11332436069986541,0.98594847775175642,0.20328343795267986,0.041884816753926704,0.96119016817593794,False,False
0.059425210631114493,145,3293,6,421,0.11335487345180398,0.98594847775175642,0.20333252837478868,0.042175683536940081,0.9609314359637775,False,False
0.059569737465260883,146,3292,6,421,0.11338540263937517,0.98594847775175642,0.2033816425120773,0.042466550319953458,0.96067270375161706,False,False
0.059949142846527255,147,3291,6,421,0.11341594827586207,0.98594847775175642,0.20343078038173473,0.042757417102966842,0.96041397153945662,False,False
0.059978374788239593,148,3290,6,421,0.11344651037456212,0.98594847775175642,0.20347994200096667,0.043048283885980219,0.96015523932729629,False,False
0.06002170989221859,149,3289,6,421,0.11347708894878707,0.98594847775175642,0.20352912738699541,0.043339150668993603,0.95989650711513586,False,False
0.060061900070600457,150,3288,6,421,0.11350768401186304,0.98594847775175642,0.20357833655705998,0.043630017452006981,0.95963777490297542,False,False
0.060093854027993471,151,3287,6,421,0.11353829557713054,0.98594847775175642,0.20362756952841599,0.043920884235020358,0.95937904269081498,False,False
0.060163705146996024,152,3286,6,421,0.11356892365794442,0.98594847775175642,0.20367682631833572,0.044211751018033742,0.95912031047865465,False,False
0.060249984963951141,153,3285,6,421,0.11359956826767405,0.98594847775175642,0.20372610694410839,0.044502617801047119,0.95886157826649421,False,False
0.060306204523390895,154,3284,6,421,0.1136302294197031,0.98594847775175642,0.20377541142303968,0.044793484584060503,0.95860284605433377,False,False
0.06045704016921457,155,3283,6,421,0.11366090712742981,0.98594847775175642,0.20382473977245222,0.04508435136707388,0.95834411384217333,False,False
0.060508126506135421,156,3282,6,421,0.1136916014042668,0.98594847775175642,0.20387409200968523,0.045375218150087257,0.95808538163001289,False,False
0.060570748382055339,157,3281,6,421,0.11372231226364128,0.98594847775175642,0.20392346815209494,0.045666084933100641,0.95782664941785256,False,False
0.06058698200885905,158,3280,6,421,0.11375303971899486,0.98594847775175642,0.20397286821705427,0.045956951716114018,0.95756791720569212,False,False
0.060588239945723432,159,3279,6,421,0.11378378378378379,0.98594847775175642,0.20402229222195298,0.046247818499127402,0.95730918499353168,False,False
0.060589825318024017,160,3278,6,421,0.11381454447147878,0.98594847775175642,0.20407174018419774,0.046538685282140779,0.95705045278137124,False,False
0.060804329927444958,161,3277,6,421,0.11384532179556517,0.98594847775175642,0.20412121212121209,0.046829552065154156,0.95679172056921091,False,False
0.060907459566631642,162,3276,6,421,0.11387611576954287,0.98594847775175642,0.20417070805043644,0.04712041884816754,0.95653298835705047,False,False
0.060995384154610803,162,3276,7,420,0.11363636363636363,0.98360655737704916,0.2037351443123939,0.04712041884816754,0.95627425614489003,False,False
0.06107055800060824,162,3276,8,419,0.11339648173207037,0.9812646370023419,0.20329936923823388,0.04712041884816754,0.95601552393272959,False,False
0.061153783335664555,163,3275,8,419,0.11342717920952897,0.9812646370023419,0.2033487017714147,0.047411285631180917,0.95575679172056927,False,False
0.061328140681335921,164,3274,8,419,0.11345789331167073,0.9812646370023419,0.20339805825242718,0.047702152414194302,0.95549805950840883,False,False
0.061432077794047621,165,3273,8,419,0.11348862405200433,0.9812646370023419,0.20344743869871329,0.047993019197207679,0.95523932729624839,False,False
0.061479258574182988,166,3272,8,419,0.11351937144405311,0.9812646370023419,0.20349684312773195,0.048283885980221056,0.95498059508408795,False,False
0.061516202417462022,167,3271,8,419,0.11355013550135501,0.9812646370023419,0.20354627155695892,0.04857475276323444,0.95472186287192751,False,False
0.061559528293058198,168,3270,8,419,0.11358091623746272,0.9812646370023419,0.20359572400388726,0.048865619546247817,0.95446313065976718,False,False
0.061559930092343264,169,3269,8,419,0.11361171366594359,0.9812646370023419,0.20364520048602672,0.049156486329261201,0.95420439844760674,False,False
0.061584915609470221,170,3268,8,419,0.11364252780037971,0.9812646370023419,0.20369470102090426,0.049447353112274578,0.9539456662354463,False,False
0.061588553843657239,171,3267,8,419,0.11367335865436788,0.9812646370023419,0.2037442256260637,0.049738219895287955,0.95368693402328586,False,False
0.061681092850048289,172,3266,8,419,0.11370420624151967,0.9812646370023419,0.20379377431906615,0.050029086678301339,0.95342820181112553,False,False
0.061742821261401376,173,3265,8,419,0.11373507057546145,0.9812646370023419,0.20384334711748966,0.050319953461314716,0.95316946959896509,False,False
0.061806795636822863,174,3264,8,419,0.11376595166983437,0.9812646370023419,0.20389294403892944,0.0506108202443281,0.95291073738680465,False,False
0.061814131378157604,175,3263,8,419,0.1137968495382944,0.9812646370023419,0.20394256510099779,0.050901687027341477,0.95265200517464421,False,False
0.061824869790536918,176,3262,8,419,0.11382776419451236,0.9812646370023419,0.20399221032132422,0.051192553810354854,0.95239327296248388,False,False
0.061869698556850386,177,3261,8,419,0.11385869565217391,0.9812646370023419,0.20404187971755541,0.051483420593368238,0.95213454075032344,False,False
0.061892751934948594,178,3260,8,419,0.11388964392497962,0.9812646370023419,0.20409157330735508,0.051774287376381616,0.951875808538163,False,False
0.061894880792872184,179,3259,8,419,0.11392060902664491,0.9812646370023419,0.2041412911084044,0.052065154159395,0.95161707632600256,False,False
0.061937711076701027,180,3258,8,419,0.11395159097090019,0.9812646370023419,0.20419103313840156,0.052356020942408377,0.95135834411384212,False,False
0.06215652328320552,181,3257,8,419,0.11398258977149076,0.9812646370023419,0.20424079941506215,0.052646887725421754,0.9510996119016818,False,False
0.062235346405563052,182,3256,8,419,0.11401360544217687,0.9812646370023419,0.20429058995611898,0.052937754508435138,0.95084087968952136,False,False
0.062273425847565907,183,3255,8,419,0.11404463799673381,0.9812646370023419,0.20434040477932208,0.053228621291448515,0.95058214747736092,False,False
0.062298007456757384,184,3254,8,419,0.11407568744895182,0.9812646370023419,0.20439024390243901,0.053519488074461899,0.95032341526520048,False,False
0.062333090792754169,185,3253,8,419,0.11410675381263617,0.9812646370023419,0.20444010734325446,0.053810354857475276,0.95006468305304015,False,False
0.062407301823530728,186,3252,8,419,0.11413783710160719,0.9812646370023419,0.20448999511957053,0.054101221640488653,0.94980595084087971,False,False
0.062447837554891847,187,3251,8,419,0.11416893732970028,0.9812646370023419,0.20453990724920673,0.054392088423502037,0.94954721862871927,False,False
0.062467043203041916,188,3250,8,419,0.11420005451076587,0.9812646370023419,0.20458984374999997,0.054682955206515414,0.94928848641655883,False,False
0.062497663200750522,189,3249,8,419,0.11423118865866957,0.9812646370023419,0.20463980463980466,0.054973821989528798,0.9490297542043985,False,False
0.062573026733097378,190,3248,8,419,0.11426233978729207,0.9812646370023419,0.20468978993649242,0.055264688772542175,0.94877102199223806,False,False
0.062604691801306844,191,3247,8,419,0.11429350791052918,0.9812646370023419,0.20473979965795261,0.055555555555555552,0.94851228978007762,False,False
0.062717168881869581,192,3246,8,419,0.11432469304229195,0.9812646370023419,0.2047898338220919,0.055846422338568937,0.94825355756791718,False,False
0.062837504923507204,193,3245,8,419,0.11435589519650655,0.9812646370023419,0.20483989244683454,0.056137289121582314,0.94799482535575674,False,False
0.062879426601005831,194,3244,8,419,0.11438711438711438,0.9812646370023419,0.2048899755501222,0.056428155904595698,0.94773609314359641,False,False
0.062967547914679289,194,3244,9,418,0.11414527580557073,0.97892271662763464,0.20445096600635851,0.056428155904595698,0.94747736093143597,False,False
0.063009100096634796,195,3243,9,418,0.11417645452062278,0.97892271662763464,0.20450097847358123,0.056719022687609075,0.94721862871927553,False,False
0.063010818190064655,196,3242,9,418,0.11420765027322405,0.97892271662763464,0.20455101541472961,0.057009889470622452,0.9469598965071151,False,False
0.063096959762363361,197,3241,9,418,0.11423886307734353,0.97892271662763464,0.2046010768477729,0.057300756253635836,0.94670116429495477,False,False
0.063177922039605552,198,3240,9,418,0.11427009294696555,0.97892271662763464,0.20465116279069767,0.057591623036649213,0.94644243208279433,False,False
0.063255170183056805,199,3239,9,418,0.11430133989608969,0.97892271662763464,0.20470127326150833,0.057882489819662597,0.94618369987063389,False,False
0.063259371412407978,200,3238,9,418,0.11433260393873085,0.97892271662763464,0.20475140827822677,0.058173356602675974,0.94592496765847345,False,False
0.063264006543191018,201,3237,9,418,0.11436388508891929,0.97892271662763464,0.2048015678588927,0.058464223385689351,0.94566623544631312,False,False
0.06327160498252718,202,3236,9,418,0.11439518336070061,0.97892271662763464,0.20485175202156336,0.058755090168702735,0.94540750323415268,False,False
0.063273111556607115,203,3235,9,418,0.11442649876813578,0.97892271662763464,0.20490196078431372,0.059045956951716112,0.94514877102199224,False,False
0.063307356090597677,204,3234,9,418,0.1144578313253012,0.97892271662763464,0.20495219416523655,0.059336823734729496,0.9448900388098318,False,False
0.063323900692566798,205,3233,9,418,0.11448918104628869,0.97892271662763464,0.20500245218244237,0.059627690517742873,0.94463130659767136,False,False
0.063333488806664714,206,3232,9,418,0.11452054794520548,0.97892271662763464,0.20505273485405937,0.059918557300756251,0.94437257438551103,False,False
0.063373487922765703,207,3231,9,418,0.11455193203617429,0.97892271662763464,0.20510304219823355,0.060209424083769635,0.94411384217335059,False,False
0.063425613301646963,208,3230,9,418,0.11458333333333333,0.97892271662763464,0.20515337423312885,0.060500290866783012,0.94385510996119015,False,False
0.063430921520748029,209,3229,9,418,0.11461475185083631,0.97892271662763464,0.20520373097692687,0.060791157649796396,0.94359637774902971,False,False
0.063448831865752967,210,3228,9,418,0.11464618760285245,0.97892271662763464,0.20525411244782718,0.061082024432809773,0.94333764553686938,False,False
0.063465213956092448,211,3227,9,418,0.11467764060356653,0.97892271662763464,0.20530451866404714,0.06137289121582315,0.94307891332470895,False,False
0.063519134214509207,212,3226,9,418,0.11470911086717893,0.97892271662763464,0.20535494964382214,0.061663757998836534,0.94282018111254851,False,False
0.06354923563995625,213,3225,9,418,0.11474059840790557,0.97892271662763464,0.20540540540540542,0.061954624781849911,0.94256144890038807,False,False
0.063549319783025679,214,3224,9,418,0.11477210323997804,0.97892271662763464,0.2054558859670681,0.062245491564863295,0.94230271668822774,False,False
0.063556938992664083,215,3223,9,418,0.11480362537764351,0.97892271662763464,0.20550639134709933,0.062536358347876672,0.9420439844760673,False,False
0.063579920252589003,216,3222,9,418,0.11483516483516483,0.97892271662763464,0.20555692156380623,0.062827225130890049,0.94178525226390686,False,False
0.063595959856633771,217,3221,9,418,0.11486672162682056,0.97892271662763464,0.20560747663551401,0.063118091913903426,0.94152652005174642,False,False
0.063615472667249262,218,3220,9,418,0.1148982957669049,0.97892271662763464,0.2056580565805658,0.063408958696916817,0.94126778783958598,False,False
0.063627224669605117,219,3219,9,418,0.1149298872697278,0.97892271662763464,0.20570866141732286,0.063699825479930194,0.94100905562742565,False,False
0.063655456906469912,220,3218,9,418,0.11496149614961496,0.97892271662763464,0.20575929116416439,0.063990692262943571,0.94075032341526521,False,False
0.063693770256026752,221,3217,9,418,0.11499312242090784,0.97892271662763464,0.20580994583948797,0.064281559045956949,0.94049159120310477,False,False
0.063725120317987216,221,3217,10,417,0.1147495872317006,0.97658079625292737,0.20536813592711156,0.064281559045956949,0.94023285899094433,False,False
0.063736274109270769,222,3216,10,417,0.11478117258464079,0.97658079625292737,0.20541871921182264,0.064572425828970326,0.939974126778784,False,False
0.063775699032334238,222,3216,11,416,0.11453744493392071,0.97423887587822011,0.20497659522049766,0.064572425828970326,0.93971539456662356,False,False
0.063783090917267971,223,3215,11,416,0.11456898925915726,0.97423887587822011,0.20502710694923609,0.064863292611983717,0.93945666235446312,False,False
0.063863427769920059,224,3214,11,416,0.11460055096418732,0.97423887587822011,0.20507764357899924,0.065154159394997094,0.93919793014230268,False,False
0.063976915167092613,225,3213,11,416,0.11463213006337834,0.97423887587822011,0.20512820512820512,0.065445026178010471,0.93893919793014236,False,False
0.064128644459361839,226,3212,11,416,0.11466372657111357,0.97423887587822011,0.20517879161528979,0.065735892961023848,0.93868046571798192,False,False
0.064141200351964134,227,3211,11,416,0.11469534050179211,0.97423887587822011,0.20522940305870746,0.066026759744037225,0.93842173350582148,False,False
0.064162674575171871,228,3210,11,416,0.11472697186982901,0.97423887587822011,0.20528003947693069,0.066317626527050616,0.93816300129366104,False,False
0.064197754458157688,229,3209,11,416,0.11475862068965517,0.97423887587822011,0.20533070088845015,0.066608493310063993,0.9379042690815006,False,False
0.064297884343195402,230,3208,11,416,0.11479028697571744,0.97423887587822011,0.20538138731177488,0.06689936009307737,0.93764553686934027,False,False
0.064378454912185135,231,3207,11,416,0.11482197074247862,0.97423887587822011,0.20543209876543209,0.067190226876090747,0.93738680465717983,False,False
0.064397686841325019,232,3206,11,416,0.11485367200441744,0.97423887587822011,0.20548283526796737,0.067481093659104124,0.93712807244501939,False,False
0.064527099157394185,233,3205,11,416,0.11488539077602872,0.97423887587822011,0.20553359683794464,0.067771960442117515,0.93686934023285895,False,False
0.064531062180629803,234,3204,11,416,0.11491712707182321,0.97423887587822011,0.20558438349394612,0.068062827225130892,0.93661060802069862,False,False
0.064544169695927356,234,3204,12,415,0.11467256148107212,0.97189695550351285,0.20514087988136431,0.068062827225130892,0.93635187580853818,False,False
0.064580472757646598,235,3203,12,415,0.11470425649530128,0.97189695550351285,0.20519159456118666,0.06835369400814427,0.93609314359637774,False,False
0.064614097341446963,236,3202,12,415,0.11473596903511198,0.97189695550351285,0.20524233432245303,0.068644560791157647,0.9358344113842173,False,False
0.064729883372085545,237,3201,12,415,0.11476769911504425,0.97189695550351285,0.20529309918377447,0.068935427574171024,0.93557567917205697,False,False
0.064780170432591808,238,3200,12,415,0.11479944674965421,0.97189695550351285,0.2053438891637803,0.069226294357184415,0.93531694695989653,False,False
0.064828507708749858,239,3199,12,415,0.11483121195351412,0.97189695550351285,0.20539470428111853,0.069517161140197792,0.93505821474773609,False,False
0.064897809471167134,240,3198,12,415,0.11486299474121228,0.97189695550351285,0.20544554455445543,0.069808027923211169,0.93479948253557565,False,False
0.064916713264726353,241,3197,12,415,0.11489479512735326,0.97189695550351285,0.20549641000247584,0.070098894706224546,0.93454075032341521,False,False
0.064918359560684785,242,3196,12,415,0.11492661312655773,0.97189695550351285,0.20554730064388307,0.070389761489237923,0.93428201811125489,False,False
0.065039573724148411,243,3195,12,415,0.1149584487534626,0.97189695550351285,0.20559821649739907,0.070680628272251314,0.93402328589909445,False,False
0.06510016767345031,244,3194,12,415,0.11499030202272098,0.97189695550351285,0.20564915758176414,0.070971495055264691,0.93376455368693401,False,False
0.065100349531314619,245,3193,12,415,0.11502217294900222,0.97189695550351285,0.2057001239157373,0.071262361838278068,0.93350582147477357,False,False
0.06511041226477185,246,3192,12,415,0.11505406154699196,0.97189695550351285,0.20575111551809619,0.071553228621291445,0.93324708926261324,False,False
0.065130401784395678,247,3191,12,415,0.11508596783139212,0.97189695550351285,0.20580213240763701,0.071844095404304822,0.9329883570504528,False,False
0.065161126736851011,248,3190,12,415,0.11511789181692095,0.97189695550351285,0.20585317460317462,0.072134962187318213,0.93272962483829236,False,False
0.065205806558883139,249,3189,12,415,0.11514983351831298,0.97189695550351285,0.20590424212354255,0.072425828970331591,0.93247089262613192,False,False
0.065315490209279695,250,3188,12,415,0.11518179295031918,0.97189695550351285,0.20595533498759305,0.072716695753344968,0.93221216041397159,False,False
0.065353152642410622,251,3187,12,415,0.11521377012770682,0.97189695550351285,0.20600645321419708,0.073007562536358345,0.93195342820181115,False,False
0.065395844778376649,251,3187,13,414,0.11496806442654818,0.96955503512880559,0.20556107249255212,0.073007562536358345,0.93169469598965071,False,False
0.065480286937528623,252,3186,13,414,0.115,0.96955503512880559,0.2056121182021356,0.073298429319371722,0.93143596377749027,False,False
0.065684364114336202,253,3185,13,414,0.11503195332036677,0.96955503512880559,0.20566318926974667,0.073589296102385113,0.93117723156532983,False,False
0.065692458484929092,254,3184,13,414,0.1150639244024458,0.96955503512880559,0.20571428571428568,0.07388016288539849,0.9309184993531695,False,False
0.065755386832494891,255,3183,13,414,0.11509591326105087,0.96955503512880559,0.20576540755467193,0.074171029668411867,0.93065976714100906,False,False
0.065756529799013294,256,3182,13,414,0.11512791991101223,0.96955503512880559,0.2058165548098434,0.074461896451425244,0.93040103492884862,False,False
0.065762254565168932,257,3181,13,414,0.11515994436717664,0.96955503512880559,0.20586772749875684,0.074752763234438621,0.93014230271668819,False,False
0.065808431360565037,258,3180,13,414,0.11519198664440734,0.96955503512880559,0.20591892564038797,0.075043630017452012,0.92988357050452786,False,False
0.065875307107980979,259,3179,13,414,0.11522404675758419,0.96955503512880559,0.20597014925373131,0.075334496800465389,0.92962483829236742,False,False
0.065904503042600898,260,3178,13,414,0.11525612472160357,0.96955503512880559,0.20602139835780048,0.075625363583478766,0.92936610608020698,False,False
0.065922468543875012,261,3177,13,414,0.11528822055137844,0.96955503512880559,0.20607267297162768,0.075916230366492143,0.92910737386804654,False,False
0.06599059370483347,262,3176,13,414,0.11532033426183844,0.96955503512880559,0.20612397311426434,0.07620709714950552,0.92884864165588621,False,False
0.066006261401762537,263,3175,13,414,0.11535246586792978,0.96955503512880559,0.20617529880478089,0.076497963932518911,0.92858990944372577,False,False
0.066016057456094693,264,3174,13,414,0.11538461538461539,0.96955503512880559,0.20622665006226651,0.076788830715532289,0.92833117723156533,False,False
0.066065223324330472,265,3173,13,414,0.11541678282687483,0.96955503512880559,0.20627802690582961,0.077079697498545666,0.92807244501940489,False,False
0.066114953178725164,266,3172,13,414,0.11544896820970441,0.96955503512880559,0.20632942935459755,0.077370564281559043,0.92781371280724445,False,False
0.066138136938976105,267,3171,13,414,0.11548117154811716,0.96955503512880559,0.20638085742771684,0.07766143106457242,0.92755498059508412,False,False
0.066153991001482421,268,3170,13,414,0.11551339285714286,0.96955503512880559,0.20643231114435304,0.077952297847585811,0.92729624838292368,False,False
0.066180985964702593,269,3169,13,414,0.11554563215182807,0.96955503512880559,0.20648379052369079,0.078243164630599188,0.92703751617076324,False,False
0.066190231664446625,270,3168,13,414,0.11557788944723618,0.96955503512880559,0.20653529558493391,0.078534031413612565,0.9267787839586028,False,False
0.066194048064751557,271,3167,13,414,0.11561016475844736,0.96955503512880559,0.20658682634730541,0.078824898196625942,0.92652005174644247,False,False
0.066209482643278472,272,3166,13,414,0.11564245810055866,0.96955503512880559,0.20663838283004743,0.079115764979639319,0.92626131953428203,False,False
0.066285192685409527,273,3165,13,414,0.11567476948868399,0.96955503512880559,0.20668996505242138,0.07940663176265271,0.9260025873221216,False,False
0.066312276784473226,274,3164,13,414,0.11570709893795417,0.96955503512880559,0.20674157303370788,0.079697498545666087,0.92574385510996116,False,False
0.06647327953184827,275,3163,13,414,0.11573944646351692,0.96955503512880559,0.20679320679320679,0.079988365328679464,0.92548512289780083,False,False
0.066519621273586071,275,3163,14,413,0.11549217002237136,0.96721311475409832,0.20634524106919808,0.079988365328679464,0.92522639068564039,False,False
0.066519801222030356,276,3162,14,413,0.11552447552447552,0.96721311475409832,0.2063968015992004,0.080279232111692841,0.92496765847347995,False,False
0.066541299973981338,277,3161,14,413,0.11555679910464466,0.96721311475409832,0.20644838790302425,0.080570098894706219,0.92470892626131951,False,False
0.066578602415497609,278,3160,14,413,0.11558914077805765,0.96721311475409832,0.20650000000000002,0.08086096567771961,0.92445019404915907,False,False
0.066627447848313093,279,3159,14,413,0.11562150055991041,0.96721311475409832,0.20655163790947736,0.081151832460732987,0.92419146183699874,False,False
0.066673475066854115,280,3158,14,413,0.11565387846541585,0.96721311475409832,0.20660330165082541,0.081442699243746364,0.9239327296248383,False,False
0.066677138114099907,281,3157,14,413,0.11568627450980393,0.96721311475409832,0.20665499124343259,0.081733566026759741,0.92367399741267786,False,False
0.06668363194776597,282,3156,14,413,0.11571868870832167,0.96721311475409832,0.20670670670670671,0.082024432809773118,0.92341526520051742,False,False
0.066718028244639682,283,3155,14,413,0.11575112107623318,0.96721311475409832,0.2067584480600751,0.082315299592786509,0.92315653298835709,False,False
0.066775301751429553,284,3154,14,413,0.11578357162881973,0.96721311475409832,0.20681021532298446,0.082606166375799886,0.92289780077619665,False,False
0.066845602884813671,285,3153,14,413,0.1158160403813797,0.96721311475409832,0.20686200851490108,0.082897033158813263,0.92263906856403621,False,False
0.066847105403718327,286,3152,14,413,0.11584852734922861,0.96721311475409832,0.20691382765531061,0.08318789994182664,0.92238033635187577,False,False
0.066864885842836397,287,3151,14,413,0.11588103254769921,0.96721311475409832,0.20696567276371838,0.083478766724840017,0.92212160413971545,False,False
0.066895436888726234,288,3150,14,413,0.11591355599214145,0.96721311475409832,0.20701754385964913,0.083769633507853408,0.92186287192755501,False,False
0.067067690772009067,289,3149,14,413,0.11594609769792251,0.96721311475409832,0.20706944096264726,0.084060500290866785,0.92160413971539457,False,False
0.06707896088463608,290,3148,14,413,0.11597865768042685,0.96721311475409832,0.20712136409227683,0.084351367073880162,0.92134540750323413,False,False
0.067087362947529441,291,3147,14,413,0.11601123595505618,0.96721311475409832,0.20717331326812138,0.08464223385689354,0.92108667529107369,False,False
0.067176004208717985,292,3146,14,413,0.11604383253722955,0.96721311475409832,0.20722528850978425,0.084933100639906917,0.92082794307891336,False,False
0.067242389596557206,293,3145,14,413,0.11607644744238337,0.96721311475409832,0.20727728983688834,0.085223967422920308,0.92056921086675292,False,False
0.067272961076342938,294,3144,14,413,0.11610908068597132,0.96721311475409832,0.20732931726907633,0.085514834205933685,0.92031047865459248,False,False
0.067274271128198018,295,3143,14,413,0.11614173228346457,0.96721311475409832,0.20738137082601055,0.085805700988947062,0.92005174644243204,False,False
0.067344560530704534,296,3142,14,413,0.11617440225035162,0.96721311475409832,0.20743345052737316,0.086096567771960439,0.91979301423027171,False,False
0.067373819481602995,296,3142,15,412,0.11592571750140687,0.96487119437939106,0.20698317005777445,0.086096567771960439,0.91953428201811127,False,False
0.067441767486521614,297,3141,15,412,0.11595834506051224,0.96487119437939106,0.20703517587939699,0.086387434554973816,0.91927554980595083,False,False
0.067468144798748228,298,3140,15,412,0.11599099099099099,0.96487119437939106,0.2070872078411661,0.086678301337987207,0.91901681759379039,False,False
0.067503922294158691,299,3139,15,412,0.11602365530836384,0.96487119437939106,0.20713926596279539,0.086969168121000584,0.91875808538163006,False,False
0.067513908511672674,300,3138,15,412,0.11605633802816902,0.96487119437939106,0.20719135026401811,0.087260034904013961,0.91849935316946962,False,False
0.067525626358533195,301,3137,15,412,0.11608903916596225,0.96487119437939106,0.20724346076458752,0.087550901687027338,0.91824062095730918,False,False
0.067529085305807465,302,3136,15,412,0.1161217587373168,0.96487119437939106,0.2072955974842767,0.087841768470040715,0.91798188874514874,False,False
0.067585194506715074,303,3135,15,412,0.11615449675782351,0.96487119437939106,0.20734776044287873,0.088132635253054106,0.9177231565329883,False,False
0.067606636309189949,304,3134,15,412,0.1161872532430908,0.96487119437939106,0.20739994966020639,0.088423502036067483,0.91746442432082798,False,False
0.067623003332439618,305,3133,15,412,0.11622002820874471,0.96487119437939106,0.20745216515609266,0.08871436881908086,0.91720569210866754,False,False
0.067654049113864467,306,3132,15,412,0.1162528216704289,0.96487119437939106,0.20750440695039035,0.089005235602094238,0.9169469598965071,False,False
0.067664431056440835,307,3131,15,412,0.11628563364380469,0.96487119437939106,0.20755667506297229,0.089296102385107615,0.91668822768434666,False,False
0.06769341198320579,308,3130,15,412,0.1163184641445511,0.96487119437939106,0.20760896951373142,0.089586969168121006,0.91642949547218633,False,False
0.067729085440220729,309,3129,15,412,0.11635131318836486,0.96487119437939106,0.20766129032258066,0.089877835951134383,0.91617076326002589,False,False
0.067775671380801789,310,3128,15,412,0.11638418079096045,0.96487119437939106,0.20771363750945299,0.09016870273414776,0.91591203104786545,False,False
0.067797043712167257,311,3127,15,412,0.11641706696807008,0.96487119437939106,0.20776601109430154,0.090459569517161137,0.91565329883570501,False,False
0.067835117424482713,312,3126,15,412,0.11644997173544375,0.96487119437939106,0.20781841109709961,0.090750436300174514,0.91539456662354468,False,False
0.067892840620861372,313,3125,15,412,0.11648289510884931,0.96487119437939106,0.20787083753784058,0.091041303083187905,0.91513583441138424,False,False
0.067902441505093072,314,3124,15,412,0.1165158371040724,0.96487119437939106,0.20792329043653798,0.091332169866201282,0.9148771021992238,False,False
0.067912956798040339,315,3123,15,412,0.11654879773691655,0.96487119437939106,0.20797576981322563,0.091623036649214659,0.91461836998706336,False,False
0.067916663176798148,316,3122,15,412,0.11658177702320317,0.96487119437939106,0.20802827568795759,0.091913903432228036,0.91435963777490292,False,False
0.068039683855249319,317,3121,15,412,0.11661477497877158,0.96487119437939106,0.20808080808080809,0.092204770215241413,0.91410090556274259,False,False
0.068077421247547842,318,3120,15,412,0.11664779161947905,0.96487119437939106,0.20813336701187171,0.092495636998254804,0.91384217335058215,False,False
0.068091288635651698,319,3119,15,412,0.11668082696120079,0.96487119437939106,0.20818595250126326,0.092786503781268181,0.91358344113842171,False,False
0.068096581745055229,320,3118,15,412,0.11671388101983003,0.96487119437939106,0.20823856456911802,0.093077370564281559,0.91332470892626128,False,False
0.068105589960661725,321,3117,15,412,0.11674695381127798,0.96487119437939106,0.20829120323559147,0.093368237347294936,0.91306597671410095,False,False
0.068109148409258247,321,3117,16,411,0.11649659863945579,0.9625292740046838,0.20783817951959546,0.093368237347294936,0.91280724450194051,False,False
0.068172613067847609,322,3116,16,411,0.11652962857952935,0.9625292740046838,0.20789074355083459,0.093659104130308313,0.91254851228978007,False,False
0.068193764645440275,323,3115,16,411,0.11656267725467952,0.9625292740046838,0.20794333417657473,0.093949970913321704,0.91228978007761963,False,False
0.068211865944592526,324,3114,16,411,0.11659574468085106,0.9625292740046838,0.20799595141700405,0.094240837696335081,0.9120310478654593,False,False
0.068240997298662717,325,3113,16,411,0.11662883087400681,0.9625292740046838,0.20804859529233105,0.094531704479348458,0.91177231565329886,False,False
0.068281972010483874,326,3112,16,411,0.11666193585012773,0.9625292740046838,0.20810126582278479,0.094822571262361835,0.91151358344113842,False,False
0.068374232775605087,327,3111,16,411,0.11669505962521294,0.9625292740046838,0.20815396302861483,0.095113438045375212,0.91125485122897798,False,False
0.068380197714205296,328,3110,16,411,0.11672820221527976,0.9625292740046838,0.20820668693009117,0.095404304828388603,0.91099611901681754,False,False
0.068423534237980685,329,3109,16,411,0.11676136363636364,0.9625292740046838,0.20825943754750445,0.09569517161140198,0.91073738680465721,False,False
0.068466321749381678,330,3108,16,411,0.11679454390451834,0.9625292740046838,0.20831221490116575,0.095986038394415357,0.91047865459249677,False,False
0.068469597871850793,331,3107,16,411,0.11682774303581581,0.9625292740046838,0.20836501901140683,0.096276905177428734,0.91021992238033633,False,False
0.068481698562156745,332,3106,16,411,0.11686096104634631,0.9625292740046838,0.20841784989858014,0.096567771960442111,0.90996119016817589,False,False
0.068500593197762166,333,3105,16,411,0.11689419795221843,0.9625292740046838,0.20847070758305861,0.096858638743455502,0.90970245795601556,False,False
0.06854715672856207,334,3104,16,411,0.11692745376955903,0.9625292740046838,0.20852359208523591,0.097149505526468879,0.90944372574385512,False,False
0.068633392988376923,335,3103,16,411,0.11696072851451338,0.9625292740046838,0.20857650342552653,0.097440372309482257,0.90918499353169469,False,False
0.068687974412110289,336,3102,16,411,0.11699402220324509,0.9625292740046838,0.2086294416243655,0.097731239092495634,0.90892626131953425,False,False
0.068850209487146305,337,3101,16,411,0.11702733485193621,0.9625292740046838,0.20868240670220869,0.098022105875509011,0.90866752910737392,False,False
0.068891885730032243,338,3100,16,411,0.11706066647678724,0.9625292740046838,0.20873539867953275,0.098312972658522402,0.90840879689521348,False,False
0.068893503142216872,338,3100,17,410,0.11680911680911681,0.96018735362997654,0.20828041656083313,0.098312972658522402,0.90815006468305304,False,False
0.068933599948657234,339,3099,17,410,0.11684240524365916,0.96018735362997654,0.20833333333333331,0.098603839441535779,0.9078913324708926,False,False
0.068945925119110602,340,3098,17,410,0.11687571265678449,0.96018735362997654,0.20838627700127066,0.098894706224549156,0.90763260025873216,False,False
0.068968459786611563,341,3097,17,410,0.11690903906472769,0.96018735362997654,0.20843924758515506,0.099185573007562533,0.90737386804657183,False,False
0.06897075936379217,342,3096,17,410,0.11694238448374215,0.96018735362997654,0.20849224510551742,0.09947643979057591,0.90711513583441139,False,False
0.069099569454560486,343,3095,17,410,0.11697574893009986,0.96018735362997654,0.2085452695829095,0.099767306573589301,0.90685640362225095,False,False
0.069104954067421689,344,3094,17,410,0.11700913242009132,0.96018735362997654,0.20859832103790385,0.10005817335660268,0.90659767141009051,False,False
0.069105153861000371,345,3093,17,410,0.11704253497002569,0.96018735362997654,0.20865139949109415,0.10034904013961606,0.90633893919793018,False,False
0.069106257753364569,346,3092,17,410,0.11707595659623073,0.96018735362997654,0.20870450496309495,0.10063990692262943,0.90608020698576974,False,False
0.06915720024387377,347,3091,17,410,0.11710939731505285,0.96018735362997654,0.20875763747454179,0.10093077370564281,0.9058214747736093,False,False
0.069193029342323062,348,3090,17,410,0.11714285714285715,0.96018735362997654,0.20881079704609115,0.1012216404886562,0.90556274256144886,False,False
0.069193976934141047,349,3089,17,410,0.11717633609602744,0.96018735362997654,0.2088639836984208,0.10151250727166958,0.90530401034928853,False,False
0.06923872934800461,350,3088,17,410,0.11720983419096627,0.96018735362997654,0.20891719745222931,0.10180337405468295,0.9050452781371281,False,False
0.069240732590085396,351,3087,17,410,0.11724335144409494,0.96018735362997654,0.2089704383282365,0.10209424083769633,0.90478654592496766,False,False
0.069264580876988016,352,3086,17,410,0.11727688787185354,0.96018735362997654,0.20902370634718326,0.10238510762070971,0.90452781371280722,False,False
0.069294788230850696,353,3085,17,410,0.11731044349070101,0.96018735362997654,0.20907700152983172,0.1026759744037231,0.90426908150064678,False,False
0.069306916815386824,354,3084,17,410,0.11734401831711505,0.96018735362997654,0.20913032389696506,0.10296684118673648,0.90401034928848645,False,False
0.069334704188366597,355,3083,17,410,0.11737761236759232,0.96018735362997654,0.20918367346938777,0.10325770796974985,0.90375161707632601,False,False
0.069338842497489547,356,3082,17,410,0.11741122565864834,0.96018735362997654,0.2092370502679255,0.10354857475276323,0.90349288486416557,False,False
0.069353451110077374,357,3081,17,410,0.11744485820681753,0.96018735362997654,0.20929045431342524,0.10383944153577661,0.90323415265200513,False,False
0.069402810358852665,358,3080,17,410,0.1174785100286533,0.96018735362997654,0.20934388562675516,0.10413030831879,0.9029754204398448,False,False
0.069462101370881671,358,3080,18,409,0.11722556606477501,0.95784543325526927,0.20888661899897856,0.10413030831879,0.90271668822768436,False,False
0.06957210505567249,359,3079,18,409,0.1172591743119266,0.95784543325526927,0.20893997445721582,0.10442117510180338,0.90245795601552392,False,False
0.069624806342801854,360,3078,18,409,0.11729280183538858,0.95784543325526927,0.20899335717935616,0.10471204188481675,0.90219922380336348,False,False
0.069697419325509782,361,3077,18,409,0.11732644865174986,0.95784543325526927,0.20904676718630208,0.10500290866783013,0.90194049159120315,False,False
0.069717504722684884,362,3076,18,409,0.11736011477761836,0.95784543325526927,0.20910020449897748,0.10529377545084351,0.90168175937904271,False,False
0.069724119629122547,363,3075,18,409,0.11739380022962112,0.95784543325526927,0.20915366913832778,0.1055846422338569,0.90142302716688227,False,False
0.06973880132237581,364,3074,18,409,0.11742750502440424,0.95784543325526927,0.20920716112531967,0.10587550901687028,0.90116429495472183,False,False
0.069743994290435651,365,3073,18,409,0.11746122917863297,0.95784543325526927,0.2092606804809414,0.10616637579988365,0.90090556274256139,False,False
0.06978047541149425,366,3072,18,409,0.11749497270899167,0.95784543325526927,0.20931422722620266,0.10645724258289703,0.90064683053040107,False,False
0.069898391125844714,367,3071,18,409,0.11752873563218391,0.95784543325526927,0.20936780138213462,0.10674810936591041,0.90038809831824063,False,False
0.069985889364110127,368,3070,18,409,0.11756251796493246,0.95784543325526927,0.20942140296979006,0.1070389761489238,0.90012936610608019,False,False
0.069996149685072548,369,3069,18,409,0.1175963197239793,0.95784543325526927,0.20947503201024328,0.10732984293193717,0.89987063389391975,False,False
0.070027872431152979,370,3068,18,409,0.1176301409260857,0.95784543325526927,0.2095286885245902,0.10762070971495055,0.89961190168175942,False,False
0.070047200084378786,371,3067,18,409,0.11766398158803222,0.95784543325526927,0.20958237253394824,0.10791157649796393,0.89935316946959898,False,False
0.070058740816999296,372,3066,18,409,0.11769784172661871,0.95784543325526927,0.20963608405945666,0.10820244328097731,0.89909443725743854,False,False
0.070075545532160291,373,3065,18,409,0.11773172135866436,0.95784543325526927,0.20968982312227633,0.1084933100639907,0.8988357050452781,False,False
0.070097691405857698,374,3064,18,409,0.11776562050100778,0.95784543325526927,0.20974358974358975,0.10878417684700407,0.89857697283311777,False,False
0.070114344718543678,375,3063,18,409,0.11779953917050691,0.95784543325526927,0.20979738394460118,0.10907504363001745,0.89831824062095733,False,False
0.070134306559717766,376,3062,18,409,0.11783347738403918,0.95784543325526927,0.20985120574653668,0.10936591041303083,0.89805950840879689,False,False
0.07031649717542672,377,3061,18,409,0.11786743515850144,0.95784543325526927,0.20990505517064412,0.10965677719604421,0.89780077619663645,False,False
0.070354198175114624,378,3060,18,409,0.11790141251081003,0.95784543325526927,0.20995893223819304,0.1099476439790576,0.89754204398447601,False,False
0.070383247679412411,379,3059,18,409,0.11793540945790081,0.95784543325526927,0.21001283697047496,0.11023851076207097,0.89728331177231568,False,False
0.070621307585197107,380,3058,18,409,0.11796942601672916,0.95784543325526927,0.21006676938880325,0.11052937754508435,0.89702457956015524,False,False
0.070624156266929042,381,3057,18,409,0.11800346220427005,0.95784543325526927,0.21012072951451322,0.11082024432809773,0.8967658473479948,False,False
0.070665054923911633,381,3057,19,408,0.11774891774891776,0.95550351288056201,0.20966084275436794,0.11082024432809773,0.89650711513583436,False,False
0.070725181372682744,382,3056,19,408,0.11778290993071594,0.95550351288056201,0.20971472629144181,0.1111111111111111,0.89624838292367404,False,False
0.070802171539764328,383,3055,19,408,0.11781692174415247,0.95550351288056201,0.20976863753213368,0.1114019778941245,0.8959896507115136,False,False
0.070806106770778685,384,3054,19,408,0.11785095320623917,0.95550351288056201,0.20982257649781436,0.11169284467713787,0.89573091849935316,False,False
0.070824275763902586,385,3053,19,408,0.11788500433400752,0.95550351288056201,0.20987654320987653,0.11198371146015125,0.89547218628719272,False,False
0.070832308463026739,386,3052,19,408,0.11791907514450867,0.95550351288056201,0.20993053768973499,0.11227457824316463,0.89521345407503239,False,False
0.070834449465607408,387,3051,19,408,0.11795316565481354,0.95550351288056201,0.20998455995882656,0.112565445026178,0.89495472186287195,False,False
0.070838855339434292,388,3050,19,408,0.11798727588201273,0.95550351288056201,0.21003861003861007,0.1128563118091914,0.89469598965071151,False,False
0.070850404669551587,388,3050,20,407,0.11773213769164015,0.95316159250585475,0.20957775489186406,0.1128563118091914,0.89443725743855107,False,False
0.070874219608812489,388,3050,21,406,0.11747685185185185,0.95081967213114749,0.20911666237445273,0.1128563118091914,0.89417852522639063,False,False
0.070887637802878642,389,3049,21,406,0.1175108538350217,0.95081967213114749,0.20917053065430188,0.11314717859220477,0.8939197930142303,False,False
0.070979659076933294,390,3048,21,406,0.11754487550665894,0.95081967213114749,0.20922442669415098,0.11343804537521815,0.89366106080206986,False,False
0.071000014163721634,391,3047,21,406,0.11757891688386909,0.95081967213114749,0.20927835051546392,0.11372891215823153,0.89340232858990942,False,False
0.071010187122376389,392,3046,21,406,0.11761297798377753,0.95081967213114749,0.20933230213972673,0.1140197789412449,0.89314359637774898,False,False
0.071074350676789522,393,3045,21,406,0.11764705882352941,0.95081967213114749,0.20938628158844766,0.11431064572425829,0.89288486416558865,False,False
0.071162338381017209,394,3044,21,406,0.11768115942028985,0.95081967213114749,0.20944028888315708,0.11460151250727167,0.89262613195342821,False,False
0.071214546432437645,395,3043,21,406,0.11771527979124384,0.95081967213114749,0.20949432404540766,0.11489237929028505,0.89236739974126777,False,False
0.071220848325145525,395,3043,22,405,0.11745939675174014,0.94847775175644033,0.20903225806451611,0.11489237929028505,0.89210866752910734,False,False
0.071229315957861167,396,3042,22,405,0.1174934725848564,0.94847775175644033,0.20908621579762521,0.11518324607329843,0.89184993531694701,False,False
0.071246431907869071,397,3041,22,405,0.1175275681950087,0.94847775175644033,0.209140201394268,0.1154741128563118,0.89159120310478657,False,False
0.071247606727025264,398,3040,22,405,0.11756168359941944,0.94847775175644033,0.20919421487603307,0.11576497963932519,0.89133247089262613,False,False
0.071289516695542288,399,3039,22,405,0.11759581881533102,0.94847775175644033,0.20924825626453111,0.11605584642233857,0.89107373868046569,False,False
0.07136476463786158,399,3039,23,404,0.11733952948010457,0.94613583138173307,0.20878552971576228,0.11605584642233857,0.89081500646830536,False,False
0.071434771530681465,400,3038,23,404,0.11737361998837885,0.94613583138173307,0.20883949340914965,0.11634671320535195,0.89055627425614492,False,False
0.071455535093034941,401,3037,23,404,0.11740773031095612,0.94613583138173307,0.20889348500517063,0.11663757998836533,0.89029754204398448,False,False
0.071479102055113347,402,3036,23,404,0.11744186046511627,0.94613583138173307,0.20894750452547192,0.1169284467713787,0.89003880983182404,False,False
0.071542599659949316,402,3036,24,403,0.11718522826403024,0.94379391100702581,0.20848422141748574,0.1169284467713787,0.8897800776196636,False,False
0.07155251656745211,403,3035,24,403,0.11721931355439209,0.94379391100702581,0.20853816300129369,0.11721931355439209,0.88952134540750327,False,False
0.071563880184112028,403,3035,25,402,0.11696246726796625,0.94145199063231855,0.20807453416149069,0.11721931355439209,0.88926261319534283,False,False
0.071575176350956948,404,3034,25,402,0.1169965075669383,0.94145199063231855,0.2081283976184313,0.11751018033740547,0.88900388098318239,False,False
0.071620326508941651,405,3033,25,402,0.11703056768558952,0.94145199063231855,0.20818228896944588,0.11780104712041885,0.88874514877102195,False,False
0.071623469398030451,406,3032,25,402,0.11706464764123471,0.94145199063231855,0.20823620823620823,0.11809191390343222,0.88848641655886162,False,False
0.071668417321564384,407,3031,25,402,0.11709874745120885,0.94145199063231855,0.20829015544041449,0.1183827806864456,0.88822768434670119,False,False
0.071680130584377735,408,3030,25,402,0.11713286713286714,0.94145199063231855,0.20834413060378337,0.11867364746945899,0.88796895213454075,False,False
0.071722792248787859,409,3029,25,402,0.11716700670358496,0.94145199063231855,0.20839813374805599,0.11896451425247237,0.88771021992238031,False,False
0.071728393081313124,410,3028,25,402,0.11720116618075802,0.94145199063231855,0.2084521648949961,0.11925538103548575,0.88745148771021998,False,False
0.071730681609531041,411,3027,25,402,0.11723534558180228,0.94145199063231855,0.20850622406639002,0.11954624781849912,0.88719275549805954,False,False
0.071754662451372991,412,3026,25,402,0.11726954492415402,0.94145199063231855,0.2085603112840467,0.1198371146015125,0.8869340232858991,False,False
0.071791634128439794,413,3025,25,402,0.11730376422526992,0.94145199063231855,0.20861442656979762,0.12012798138452589,0.88667529107373866,False,False
0.071853890755642913,414,3024,25,402,0.11733800350262696,0.94145199063231855,0.20866856994549704,0.12041884816753927,0.88641655886157822,False,False
0.071874577583423652,415,3023,25,402,0.11737226277372263,0.94145199063231855,0.2087227414330218,0.12070971495055265,0.88615782664941789,False,False
0.071882782324376532,416,3022,25,402,0.11740654205607477,0.94145199063231855,0.20877694105427164,0.12100058173356602,0.88589909443725745,False,False
0.071899833263181639,417,3021,25,402,0.11744084136722173,0.94145199063231855,0.20883116883116881,0.1212914485165794,0.88564036222509701,False,False
0.071976021129178058,418,3020,25,402,0.11747516072472239,0.94145199063231855,0.20888542478565864,0.12158231529959279,0.88538163001293657,False,False
0.072093863820941836,419,3019,25,402,0.11750950014615609,0.94145199063231855,0.20893970893970895,0.12187318208260617,0.88512289780077624,False,False
0.072103295375214996,420,3018,25,402,0.11754385964912281,0.94145199063231855,0.20899402131531064,0.12216404886561955,0.8848641655886158,False,False
0.072147074287877561,420,3018,26,401,0.11728575606902603,0.93911007025761128,0.20852834113364535,0.12216404886561955,0.88460543337645536,False,False
0.072163539793039438,421,3017,26,401,0.11732007021650087,0.93911007025761128,0.20858257477243172,0.12245491564863292,0.88434670116429492,False,False
0.072186505968182352,422,3016,26,401,0.11735440444834651,0.93911007025761128,0.20863683662851201,0.1227457824316463,0.8840879689521346,False,False
0.072248209049802337,423,3015,26,401,0.11738875878220141,0.93911007025761128,0.2086911267239136,0.12303664921465969,0.88382923673997416,False,False
0.072307785938602348,424,3014,26,401,0.11742313323572474,0.93911007025761128,0.20874544508068713,0.12332751599767307,0.88357050452781372,False,False
0.072323277413838968,425,3013,26,401,0.11745752782659637,0.93911007025761128,0.20879979172090601,0.12361838278068644,0.88331177231565328,False,False
0.072360722038085773,426,3012,26,401,0.11749194257251684,0.93911007025761128,0.20885416666666667,0.12390924956369982,0.88305304010349284,False,False
0.072362865447072738,427,3011,26,401,0.11752637749120751,0.93911007025761128,0.20890856994008858,0.1242001163467132,0.88279430789133251,False,False
0.072443574165582877,428,3010,26,401,0.11756083260041043,0.93911007025761128,0.20896300156331424,0.12449098312972659,0.88253557567917207,False,False
0.072473780161694826,429,3009,26,401,0.11759530791788857,0.93911007025761128,0.20901746155850925,0.12478184991273997,0.88227684346701163,False,False
0.072478471607767325,429,3009,27,400,0.11733646230566148,0.93676814988290402,0.20855057351407716,0.12478184991273997,0.88201811125485119,False,False
0.072481945819913463,430,3008,27,400,0.11737089201877934,0.93676814988290402,0.20860495436766621,0.12507271669575334,0.88175937904269086,False,False
0.072570361092301278,431,3007,27,400,0.11740534194305841,0.93676814988290402,0.20865936358894105,0.12536358347876672,0.88150064683053042,False,False
0.072709475021418224,432,3006,27,400,0.11743981209630065,0.93676814988290402,0.20871380120010438,0.1256544502617801,0.88124191461836998,False,False
0.072729546990738386,433,3005,27,400,0.11747430249632893,0.93676814988290402,0.20876826722338207,0.12594531704479348,0.88098318240620954,False,False
0.07273945383419532,434,3004,27,400,0.11750881316098707,0.93676814988290402,0.20882276168102323,0.12623618382780685,0.88072445019404921,False,False
0.072755766861900675,435,3003,27,400,0.11754334410813988,0.93676814988290402,0.20887728459530028,0.12652705061082026,0.88046571798188877,False,False
0.07277515243378202,436,3002,27,400,0.11757789535567313,0.93676814988290402,0.20893183598850876,0.12681791739383363,0.88020698576972833,False,False
0.07278398033306871,437,3001,27,400,0.11761246692149367,0.93676814988290402,0.2089864158829676,0.12710878417684701,0.87994825355756789,False,False
0.072867071111378953,438,3000,27,400,0.11764705882352941,0.93676814988290402,0.20904102430101909,0.12739965095986039,0.87968952134540745,False,False
0.072911779181317679,439,2999,27,400,0.11768167107972934,0.93676814988290402,0.20909566126502874,0.12769051774287377,0.87943078913324713,False,False
0.072941224735982801,440,2998,27,400,0.11771630370806356,0.93676814988290402,0.20915032679738557,0.12798138452588714,0.87917205692108669,False,False
0.07297767952553913,441,2997,27,400,0.1177509567265234,0.93676814988290402,0.20920502092050208,0.12827225130890052,0.87891332470892625,False,False
0.072983494392533266,442,2996,27,400,0.11778563015312132,0.93676814988290402,0.20925974365681402,0.1285631180919139,0.87865459249676581,False,False
0.072994457332877447,443,2995,27,400,0.11782032400589101,0.93676814988290402,0.20931449502878077,0.12885398487492727,0.87839586028460548,False,False
0.073122353784492139,444,2994,27,400,0.11785503830288745,0.93676814988290402,0.20936927505888508,0.12914485165794065,0.87813712807244504,False,False
0.073155901488375571,445,2993,27,400,0.11788977306218686,0.93676814988290402,0.20942408376963351,0.12943571844095406,0.8778783958602846,False,False
0.073247615597515775,446,2992,27,400,0.11792452830188679,0.93676814988290402,0.20947892118355593,0.12972658522396743,0.87761966364812416,False,False
0.073286616703344715,447,2991,27,400,0.11795930404010617,0.93676814988290402,0.20953378732320588,0.13001745200698081,0.87736093143596383,False,False
0.073305223387866741,448,2990,27,400,0.11799410029498525,0.93676814988290402,0.20958868221116059,0.13030831878999419,0.87710219922380339,False,False
0.073313411178353605,449,2989,27,400,0.11802891708468574,0.93676814988290402,0.20964360587002098,0.13059918557300756,0.87684346701164295,False,False
0.073313925578483569,450,2988,27,400,0.1180637544273908,0.93676814988290402,0.20969855832241155,0.13089005235602094,0.87658473479948251,False,False
0.073320375231585383,450,2988,28,399,0.11780336581045173,0.93442622950819676,0.20922915574200315,0.13089005235602094,0.87632600258732207,False,False
0.073402215159020803,451,2987,28,399,0.11783815711754282,0.93442622950819676,0.20928402832415421,0.13118091913903432,0.87606727037516174,False,False
0.07345184271070862,452,2986,28,399,0.11787296898079763,0.93442622950819676,0.20933892969569778,0.1314717859220477,0.8758085381630013,False,False
0.073488941752248918,452,2986,29,398,0.11761229314420804,0.9320843091334895,0.20886906323799531,0.1314717859220477,0.87554980595084086,False,False
0.073499555989622017,453,2985,29,398,0.11764705882352941,0.9320843091334895,0.20892388451443572,0.13176265270506107,0.87529107373868043,False,False
0.073565347890937119,454,2984,29,398,0.11768184506209343,0.9320843091334895,0.20897873457600419,0.13205351948807445,0.8750323415265201,False,False
0.073592889866992847,455,2983,29,398,0.11771665187814256,0.9320843091334895,0.20903361344537816,0.13234438627108785,0.87477360931435966,False,False
0.073626464247133538,456,2982,29,398,0.11775147928994083,0.9320843091334895,0.20908852114525872,0.13263525305410123,0.87451487710219922,False,False
0.073634653730889149,457,2981,29,398,0.1177863273157739,0.9320843091334895,0.209143457698371,0.13292611983711461,0.87425614489003878,False,False
0.073699764645393115,458,2980,29,398,0.11782119597394908,0.9320843091334895,0.20919842312746384,0.13321698662012799,0.87399741267787845,False,False
0.073737302602181032,459,2979,29,398,0.11785608528279538,0.9320843091334895,0.2092534174553102,0.13350785340314136,0.87373868046571801,False,False
0.073754602523653692,460,2978,29,398,0.1178909952606635,0.9320843091334895,0.20930844070470678,0.13379872018615474,0.87347994825355757,False,False
0.073848737968854966,461,2977,29,398,0.11792592592592592,0.9320843091334895,0.20936349289847447,0.13408958696916812,0.87322121604139713,False,False
0.073866318758519095,462,2976,29,398,0.11796087729697688,0.9320843091334895,0.20941857405945805,0.13438045375218149,0.87296248382923669,False,False
0.073942231189264504,463,2975,29,398,0.11799584939223244,0.9320843091334895,0.20947368421052631,0.13467132053519487,0.87270375161707636,False,False
0.074024461754354454,464,2974,29,398,0.11803084223013048,0.9320843091334895,0.20952882337457224,0.13496218731820825,0.87244501940491592,False,False
0.074032215652979252,465,2973,29,398,0.11806585582913082,0.9320843091334895,0.20958399157451288,0.13525305410122165,0.87218628719275548,False,False
0.074048184100554082,466,2972,29,398,0.11810089020771514,0.9320843091334895,0.20963918883328944,0.13554392088423503,0.87192755498059504,False,False
0.074075936662648417,467,2971,29,398,0.11813594538438706,0.9320843091334895,0.20969441517386722,0.13583478766724841,0.87166882276843471,False,False
0.074079172421905273,468,2970,29,398,0.11817102137767221,0.9320843091334895,0.20974967061923586,0.13612565445026178,0.87141009055627427,False,False
0.074139992139484481,468,2970,30,397,0.11790911790911791,0.92974238875878223,0.20927780706378493,0.13612565445026178,0.87115135834411384,False,False
0.074142430235125706,469,2969,30,397,0.11794414735591206,0.92974238875878223,0.20933298180859478,0.13641652123327516,0.8708926261319534,False,False
0.074214303336377338,470,2968,30,397,0.11797919762258544,0.92974238875878223,0.20938818565400844,0.13670738801628854,0.87063389391979307,False,False
0.074267427005429196,471,2967,30,397,0.11801426872770511,0.92974238875878223,0.20944341862305457,0.13699825479930192,0.87037516170763263,False,False
0.074309110792875832,472,2966,30,397,0.11804936068986024,0.92974238875878223,0.2094986807387863,0.13728912158231529,0.87011642949547219,False,False
0.074390817147812899,473,2965,30,397,0.1180844735276621,0.92974238875878223,0.20955397202428078,0.13757998836532867,0.86985769728331175,False,False
0.074397137155111731,474,2964,30,397,0.11811960725974413,0.92974238875878223,0.2096092925026399,0.13787085514834205,0.86959896507115131,False,False
0.074403459959619223,474,2964,31,396,0.11785714285714285,0.92740046838407497,0.20913651967256405,0.13787085514834205,0.86934023285899098,False,False
0.074498670362531938,475,2963,31,396,0.11789222983030664,0.92740046838407497,0.20919175911251983,0.13816172193135545,0.86908150064683054,False,False
0.074520550902489019,476,2962,31,396,0.11792733770101251,0.92740046838407497,0.20924702774108322,0.13845258871436883,0.8688227684346701,False,False
0.07455937976055145,477,2961,31,396,0.11796246648793565,0.92740046838407497,0.20930232558139536,0.13874345549738221,0.86856403622250966,False,False
0.074570232169005005,478,2960,31,396,0.11799761620977355,0.92740046838407497,0.20935765265662173,0.13903432228039558,0.86830530401034933,False,False
0.074580792513848262,479,2959,31,396,0.11803278688524591,0.92740046838407497,0.20941300898995241,0.13932518906340896,0.86804657179818889,False,False
0.074652684721605578,480,2958,31,396,0.11806797853309481,0.92740046838407497,0.20946839460460195,0.13961605584642234,0.86778783958602845,False,False
0.074657587940606285,481,2957,31,396,0.1181031911720847,0.92740046838407497,0.2095238095238095,0.13990692262943571,0.86752910737386801,False,False
0.07469383686287534,482,2956,31,396,0.11813842482100238,0.92740046838407497,0.20957925377083886,0.14019778941244909,0.86727037516170769,False,False
0.074732949490499218,483,2955,31,396,0.11817367949865712,0.92740046838407497,0.20963472736897829,0.14048865619546247,0.86701164294954725,False,False
0.074769493830033229,484,2954,31,396,0.1182089552238806,0.92740046838407497,0.20969023034154088,0.14077952297847585,0.86675291073738681,False,False
0.074787220953367373,485,2953,31,396,0.11824425201552702,0.92740046838407497,0.2097457627118644,0.14107038976148925,0.86649417852522637,False,False
0.074929410285750897,486,2952,31,396,0.11827956989247312,0.92740046838407497,0.20980132450331127,0.14136125654450263,0.86623544631306593,False,False
0.074949887924172356,487,2951,31,396,0.11831490887361816,0.92740046838407497,0.20985691573926868,0.14165212332751601,0.8659767141009056,False,False
0.074995154372547237,488,2950,31,396,0.11835026897788405,0.92740046838407497,0.2099125364431487,0.14194299011052938,0.86571798188874516,False,False
0.075021032853705968,489,2949,31,396,0.11838565022421525,0.92740046838407497,0.20996818663838815,0.14223385689354276,0.86545924967658472,False,False
0.075027785608138095,490,2948,31,396,0.11842105263157894,0.92740046838407497,0.21002386634844869,0.14252472367655614,0.86520051746442428,False,False
0.075054706114250927,491,2947,31,396,0.118456476218965,0.92740046838407497,0.210079575596817,0.14281559045956951,0.86494178525226395,False,False
0.075090351280223261,492,2946,31,396,0.118491921005386,0.92740046838407497,0.21013531440700453,0.14310645724258289,0.86468305304010351,False,False
0.075097953146438301,493,2945,31,396,0.11852738700987728,0.92740046838407497,0.21019108280254778,0.14339732402559627,0.86442432082794307,False,False
0.075101199031849988,494,2944,31,396,0.118562874251497,0.92740046838407497,0.21024688080700826,0.14368819080860964,0.86416558861578263,False,False
0.075119318295339133,495,2943,31,396,0.11859838274932614,0.92740046838407497,0.21030270844397239,0.14397905759162305,0.8639068564036223,False,False
0.075214700283763897,496,2942,31,396,0.11863391252246855,0.92740046838407497,0.21035856573705178,0.14426992437463643,0.86364812419146186,False,False
0.075225052834180253,497,2941,31,396,0.11866946359005094,0.92740046838407497,0.21041445270988307,0.1445607911576498,0.86338939197930142,False,False
0.075240112983671961,498,2940,31,396,0.11870503597122302,0.92740046838407497,0.21047036938612806,0.14485165794066318,0.86313065976714098,False,False
0.075278112866774147,498,2940,32,395,0.1184407796101949,0.92505854800936771,0.20999468367889421,0.14485165794066318,0.86287192755498054,False,False
0.075374449291491799,498,2940,33,394,0.11817636472705459,0.92271662763466045,0.20951874501462381,0.14485165794066318,0.86261319534282022,False,False
0.075400343915532339,499,2939,33,394,0.11821182118211822,0.92271662763466045,0.20957446808510638,0.14514252472367656,0.86235446313065978,False,False
0.075405726979765275,500,2938,33,394,0.11824729891956783,0.92271662763466045,0.20963022080340513,0.14543339150668994,0.86209573091849934,False,False
0.075410309323911226,501,2937,33,394,0.118282797958571,0.92271662763466045,0.20968600319318784,0.14572425828970331,0.8618369987063389,False,False
0.075465575589228867,502,2936,33,394,0.11831831831831832,0.92271662763466045,0.20974181527814745,0.14601512507271669,0.86157826649417857,False,False
0.075485910260531974,503,2935,33,394,0.11835386001802344,0.92271662763466045,0.20979765708200213,0.14630599185573007,0.86131953428201813,False,False
0.075494757835506049,504,2934,33,394,0.11838942307692307,0.92271662763466045,0.20985352862849535,0.14659685863874344,0.86106080206985769,False,False
0.075564575215962326,505,2933,33,394,0.11842500751427712,0.92271662763466045,0.20990942994139583,0.14688772542175685,0.86080206985769725,False,False
0.075572080525042218,505,2933,34,393,0.11815995189416717,0.92037470725995318,0.20943245403677055,0.14688772542175685,0.86054333764553692,False,False
0.075760376525139533,506,2932,34,393,0.11819548872180451,0.92037470725995318,0.20948827292110875,0.14717859220477023,0.86028460543337648,False,False
0.075778926072471622,507,2931,34,393,0.11823104693140794,0.92037470725995318,0.20954412156758198,0.1474694589877836,0.86002587322121604,False,False
0.075825673298341348,508,2930,34,393,0.11826662654228107,0.92037470725995318,0.20959999999999998,0.14776032577079698,0.8597671410090556,False,False
0.075847413924314003,509,2929,34,393,0.11830222757375075,0.92037470725995318,0.20965590824219793,0.14805119255381036,0.85950840879689516,False,False
0.075899568910889781,510,2928,34,393,0.11833785004516711,0.92037470725995318,0.20971184631803627,0.14834205933682373,0.85924967658473483,False,False
0.075915148295124371,511,2927,34,393,0.11837349397590362,0.92037470725995318,0.20976781425140112,0.14863292611983711,0.85899094437257439,False,False
0.075926909703834644,512,2926,34,393,0.11840915938535704,0.92037470725995318,0.20982381206620396,0.14892379290285049,0.85873221216041395,False,False
0.075938109901935516,512,2926,35,392,0.11814345991561181,0.91803278688524592,0.20934579439252338,0.14892379290285049,0.85847347994825352,False,False
0.07596451172186354,513,2925,35,392,0.11817907747965029,0.91803278688524592,0.20940170940170938,0.14921465968586387,0.85821474773609319,False,False
0.07602610242186443,514,2924,35,392,0.11821471652593486,0.91803278688524592,0.20945765428800425,0.14950552646887724,0.85795601552393275,False,False
0.076031619632194791,515,2923,35,392,0.11825037707390648,0.91803278688524592,0.20951362907536078,0.14979639325189065,0.85769728331177231,False,False
0.076039515190403376,516,2922,35,392,0.11828605914302957,0.91803278688524592,0.20956963378775728,0.15008726003490402,0.85743855109961187,False,False
0.076050001254393124,517,2921,35,392,0.11832176275279203,0.91803278688524592,0.20962566844919786,0.1503781268179174,0.85717981888745154,False,False
0.076068470710401653,518,2920,35,392,0.11835748792270531,0.91803278688524592,0.20968173308371221,0.15066899360093078,0.8569210866752911,False,False
0.076091223492621207,519,2919,35,392,0.11839323467230443,0.91803278688524592,0.20973782771535582,0.15095986038394416,0.85666235446313066,False,False
0.076120594744443118,520,2918,35,392,0.11842900302114803,0.91803278688524592,0.2097939523682098,0.15125072716695753,0.85640362225097022,False,False
0.076152772491325932,521,2917,35,392,0.11846479298881837,0.91803278688524592,0.20985010706638116,0.15154159394997091,0.85614489003880978,False,False
0.076161433263956038,522,2916,35,392,0.1185006045949214,0.91803278688524592,0.20990629183400267,0.15183246073298429,0.85588615782664945,False,False
0.076175823017277072,523,2915,35,392,0.11853643785908678,0.91803278688524592,0.20996250669523298,0.15212332751599766,0.85562742561448901,False,False
0.076207804094090628,524,2914,35,392,0.11857229280096794,0.91803278688524592,0.21001875167425663,0.15241419429901104,0.85536869340232857,False,False
0.076237118907665574,525,2913,35,392,0.11860816944024205,0.91803278688524592,0.21007502679528403,0.15270506108202445,0.85510996119016813,False,False
0.076261408338442388,526,2912,35,392,0.11864406779661017,0.91803278688524592,0.21013133208255158,0.15299592786503782,0.8548512289780078,False,False
0.076277809659640455,527,2911,35,392,0.11867998788979715,0.91803278688524592,0.2101876675603217,0.1532867946480512,0.85459249676584736,False,False
0.076338769757252053,528,2910,35,392,0.11871592973955179,0.91803278688524592,0.21024403325288282,0.15357766143106458,0.85433376455368693,False,False
0.076390006194740942,529,2909,35,392,0.11875189336564677,0.91803278688524592,0.21030042918454939,0.15386852821407795,0.85407503234152649,False,False
0.076402761496951327,530,2908,35,392,0.11878787878787879,0.91803278688524592,0.21035685537966192,0.15415939499709133,0.85381630012936616,False,False
0.076416095666497999,531,2907,35,392,0.11882388602606851,0.91803278688524592,0.21041331186258722,0.15445026178010471,0.85355756791720572,False,False
0.076440998231096888,532,2906,35,392,0.11885991510006064,0.91803278688524592,0.21046979865771814,0.15474112856311809,0.85329883570504528,False,False
0.076453297404600551,533,2905,35,392,0.11889596602972399,0.91803278688524592,0.21052631578947367,0.15503199534613146,0.85304010349288484,False,False
0.076457779987321908,534,2904,35,392,0.11893203883495146,0.91803278688524592,0.21058286328229922,0.15532286212914484,0.8527813712807244,False,False
0.076460084894200517,535,2903,35,392,0.11896813353566009,0.91803278688524592,0.21063944116066627,0.15561372891215824,0.85252263906856407,False,False
0.076509371020888256,536,2902,35,392,0.11900425015179114,0.91803278688524592,0.21069604944907286,0.15590459569517162,0.85226390685640363,False,False
0.076521228278441322,537,2901,35,392,0.11904038870331005,0.91803278688524592,0.21075268817204298,0.156195462478185,0.85200517464424319,False,False
0.076562027726315082,538,2900,35,392,0.11907654921020656,0.91803278688524592,0.21080935735412748,0.15648632926119838,0.85174644243208275,False,False
0.076577534619945001,539,2899,35,392,0.11911273169249469,0.91803278688524592,0.21086605701990321,0.15677719604421175,0.85148771021992242,False,False
0.076626685410058792,540,2898,35,392,0.11914893617021277,0.91803278688524592,0.21092278719397364,0.15706806282722513,0.85122897800776198,False,False
0.076639823401108087,541,2897,35,392,0.11918516266342354,0.91803278688524592,0.21097954790096876,0.15735892961023851,0.85097024579560154,False,False
0.076641471833872599,542,2896,35,392,0.11922141119221411,0.91803278688524592,0.21103633916554507,0.15764979639325188,0.8507115135834411,False,False
0.076720482727149181,543,2895,35,392,0.11925768177669607,0.91803278688524592,0.21109316101238557,0.15794066317626526,0.85045278137128077,False,False
0.076746434281674727,544,2894,35,392,0.11929397443700548,0.91803278688524592,0.21115001346619983,0.15823152995927864,0.85019404915912034,False,False
0.076773699554896963,545,2893,35,392,0.11933028919330289,0.91803278688524592,0.21120689655172414,0.15852239674229204,0.8499353169469599,False,False
0.076831770167103797,545,2893,36,391,0.11906211936662607,0.91569086651053866,0.21072487200215576,0.15852239674229204,0.84967658473479946,False,False
0.076868212468414979,546,2892,36,391,0.11909838562290588,0.91569086651053866,0.21078167115902965,0.15881326352530542,0.84941785252263902,False,False
0.076875268634192598,547,2891,36,391,0.11913467397928093,0.91569086651053866,0.21083850094365059,0.1591041303083188,0.84915912031047869,False,False
0.07689036526964188,547,2891,37,390,0.11886619932947272,0.9133489461358314,0.21035598705501618,0.1591041303083188,0.84890038809831825,False,False
0.076912865424975302,548,2890,37,390,0.11890243902439024,0.9133489461358314,0.21041273266792557,0.15939499709133217,0.84864165588615781,False,False
0.076951246036212589,549,2889,37,390,0.11893870082342177,0.9133489461358314,0.21046950890447921,0.15968586387434555,0.84838292367399737,False,False
0.077005770287647851,550,2888,37,390,0.11897498474679682,0.9133489461358314,0.2105263157894737,0.15997673065735893,0.84812419146183704,False,False
0.07705314642362622,551,2887,37,390,0.1190112908147696,0.9133489461358314,0.21058315334773214,0.16026759744037231,0.8478654592496766,False,False
0.077062366228132881,552,2886,37,390,0.11904761904761904,0.9133489461358314,0.21064002160410478,0.16055846422338568,0.84760672703751616,False,False
0.077072142804254604,553,2885,37,390,0.11908396946564885,0.9133489461358314,0.21069692058346839,0.16084933100639906,0.84734799482535572,False,False
0.07707633278168953,554,2884,37,390,0.11912034208918754,0.9133489461358314,0.21075385031072685,0.16114019778941244,0.84708926261319539,False,False
0.077106235245838969,555,2883,37,390,0.11915673693858846,0.9133489461358314,0.21081081081081082,0.16143106457242584,0.84683053040103495,False,False
0.077130424319767674,556,2882,37,390,0.11919315403422982,0.9133489461358314,0.210867802108678,0.16172193135543922,0.84657179818887451,False,False
0.077154727033526563,557,2881,37,390,0.11922959339651483,0.9133489461358314,0.21092482422931316,0.1620127981384526,0.84631306597671407,False,False
0.077159800651726021,558,2880,37,390,0.11926605504587157,0.9133489461358314,0.21098187719772787,0.16230366492146597,0.84605433376455363,False,False
0.077171115119921641,559,2879,37,390,0.11930253900275313,0.9133489461358314,0.211038961038961,0.16259453170447935,0.84579560155239331,False,False
0.077187002653863815,560,2878,37,390,0.1193390452876377,0.9133489461358314,0.21109607577807848,0.16288539848749273,0.84553686934023287,False,False
0.077207325215030945,561,2877,37,390,0.11937557392102846,0.9133489461358314,0.21115322144017326,0.1631762652705061,0.84527813712807243,False,False
0.077230552794397681,562,2876,37,390,0.11941212492345377,0.9133489461358314,0.21121039805036554,0.16346713205351948,0.84501940491591199,False,False
0.077248553619796753,563,2875,37,390,0.11944869831546708,0.9133489461358314,0.21126760563380281,0.16375799883653286,0.84476067270375166,False,False
0.077268993364291091,564,2874,37,390,0.11948529411764706,0.9133489461358314,0.21132484421565972,0.16404886561954624,0.84450194049159122,False,False
0.077288416494682821,565,2873,37,390,0.11952191235059761,0.9133489461358314,0.21138211382113822,0.16433973240255964,0.84424320827943078,False,False
0.077339712809249936,566,2872,37,390,0.11955855303494789,0.9133489461358314,0.21143941447546766,0.16463059918557302,0.84398447606727034,False,False
0.077391724185340377,567,2871,37,390,0.11959521619135234,0.9133489461358314,0.21149674620390455,0.16492146596858639,0.84372574385511001,False,False
0.077399225781380157,568,2870,37,390,0.1196319018404908,0.9133489461358314,0.21155410903173311,0.16521233275159977,0.84346701164294957,False,False
0.077402660979858998,569,2869,37,390,0.11966861000306843,0.9133489461358314,0.21161150298426476,0.16550319953461315,0.84320827943078913,False,False
0.077424960960458755,570,2868,37,390,0.11970534069981584,0.9133489461358314,0.21166892808683854,0.16579406631762653,0.84294954721862869,False,False
0.077560413227069927,571,2867,37,390,0.1197420939514891,0.9133489461358314,0.21172638436482086,0.1660849331006399,0.84269081500646825,False,False
0.077562375386323754,572,2866,37,390,0.11977886977886978,0.9133489461358314,0.21178387184360575,0.16637579988365328,0.84243208279430792,False,False
0.077629457110984582,573,2865,37,390,0.11981566820276497,0.9133489461358314,0.21184139054861487,0.16666666666666666,0.84217335058214748,False,False
0.077642538038213665,574,2864,37,390,0.11985248924400738,0.9133489461358314,0.21189894050529745,0.16695753344968003,0.84191461836998704,False,False
0.077678199482196314,575,2863,37,390,0.11988933292345527,0.9133489461358314,0.21195652173913043,0.16724840023269344,0.8416558861578266,False,False
0.07780190326826919,576,2862,37,390,0.11992619926199262,0.9133489461358314,0.21201413427561838,0.16753926701570682,0.84139715394566628,False,False
0.077816165857808678,577,2861,37,390,0.11996308828052907,0.9133489461358314,0.21207177814029365,0.16783013379872019,0.84113842173350584,False,False
0.077836940318512307,578,2860,37,390,0.12,0.9133489461358314,0.21212945335871633,0.16812100058173357,0.8408796895213454,False,False
0.077878282029170118,579,2859,37,390,0.12003693444136658,0.9133489461358314,0.21218715995647444,0.16841186736474695,0.84062095730918496,False,False
0.077937165578372145,580,2858,37,390,0.12007389162561577,0.9133489461358314,0.21224489795918369,0.16870273414776032,0.84036222509702463,False,False
0.077959835071117714,581,2857,37,390,0.12011087157376039,0.9133489461358314,0.21230266739248776,0.1689936009307737,0.84010349288486419,False,False
0.078022073042764109,582,2856,37,390,0.12014787430683918,0.9133489461358314,0.21236046828205823,0.16928446771378708,0.83984476067270375,False,False
0.0780882418417886,583,2855,37,390,0.12018489984591679,0.9133489461358314,0.21241830065359477,0.16957533449680046,0.83958602846054331,False,False
0.078177818198088583,584,2854,37,390,0.12022194821208385,0.9133489461358314,0.21247616453282486,0.16986620127981383,0.83932729624838287,False,False
0.078196827492127183,585,2853,37,390,0.12025901942645699,0.9133489461358314,0.21253405994550412,0.17015706806282724,0.83906856403622254,False,False
0.078240808428602079,586,2852,37,390,0.1202961135101789,0.9133489461358314,0.21259198691741618,0.17044793484584062,0.8388098318240621,False,False
0.078243744052771624,587,2851,37,390,0.12033323048441839,0.9133489461358314,0.21264994547437296,0.17073880162885399,0.83855109961190166,False,False
0.078293237140067889,588,2850,37,390,0.12037037037037036,0.9133489461358314,0.21270793564221432,0.17102966841186737,0.83829236739974122,False,False
0.078317116455732763,589,2849,37,390,0.12040753318925594,0.9133489461358314,0.21276595744680851,0.17132053519488075,0.83803363518758089,False,False
0.078359401165819464,590,2848,37,390,0.12044471896232242,0.9133489461358314,0.21282401091405184,0.17161140197789412,0.83777490297542045,False,False
0.078363263222496149,591,2847,37,390,0.12048192771084337,0.9133489461358314,0.21288209606986899,0.1719022687609075,0.83751617076326001,False,False
0.078383518563194601,592,2846,37,390,0.12051915945611867,0.9133489461358314,0.21294021294021295,0.17219313554392088,0.83725743855109958,False,False
0.078552712953941062,593,2845,37,390,0.12055641421947449,0.9133489461358314,0.21299836155106497,0.17248400232693425,0.83699870633893925,False,False
0.07859782126382156,594,2844,37,390,0.12059369202226346,0.9133489461358314,0.21305654192843484,0.17277486910994763,0.83673997412677881,False,False
0.078612946096141209,595,2843,37,390,0.12063099288586453,0.9133489461358314,0.21311475409836064,0.17306573589296104,0.83648124191461837,False,False
0.078618717308771582,596,2842,37,390,0.12066831683168316,0.9133489461358314,0.21317299808690895,0.17335660267597441,0.83622250970245793,False,False
0.078647113277821021,597,2841,37,390,0.12070566388115135,0.9133489461358314,0.21323127392017496,0.17364746945898779,0.83596377749029749,False,False
0.078652241380573473,598,2840,37,390,0.12074303405572756,0.9133489461358314,0.21328958162428222,0.17393833624200117,0.83570504527813716,False,False
0.078669850688578499,599,2839,37,390,0.12078042737689687,0.9133489461358314,0.2133479212253829,0.17422920302501455,0.83544631306597672,False,False
0.078670811696459605,599,2839,38,389,0.12050805452292442,0.91100702576112413,0.21285909712722298,0.17422920302501455,0.83518758085381628,False,False
0.078698550106072684,599,2839,39,388,0.12023551286024171,0.90866510538641687,0.21237000547345372,0.17422920302501455,0.83492884864165584,False,False
0.078711258118188757,600,2838,39,388,0.12027278363298202,0.90866510538641687,0.21242814125376402,0.17452006980802792,0.83467011642949551,False,False
0.078715132725712539,601,2837,39,388,0.12031007751937985,0.90866510538641687,0.21248630887185102,0.1748109365910413,0.83441138421733507,False,False
0.078760185875797292,602,2836,39,388,0.12034739454094293,0.90866510538641687,0.21254450835387564,0.17510180337405468,0.83415265200517463,False,False
0.078787428958551217,603,2835,39,388,0.1203847347192057,0.90866510538641687,0.21260273972602742,0.17539267015706805,0.83389391979301419,False,False
0.078833398556327275,604,2834,39,388,0.12042209807572936,0.90866510538641687,0.21266100301452451,0.17568353694008143,0.83363518758085386,False,False
0.078837466956689056,605,2833,39,388,0.12045948463210183,0.90866510538641687,0.21271929824561406,0.17597440372309484,0.83337645536869343,False,False
0.078851538073647573,606,2832,39,388,0.12049689440993788,0.90866510538641687,0.21277762544557169,0.17626527050610821,0.83311772315653299,False,False
0.078940599992661412,607,2831,39,388,0.12053432743087915,0.90866510538641687,0.21283598464070214,0.17655613728912159,0.83285899094437255,False,False
0.078944301738081424,608,2830,39,388,0.12057178371659416,0.90866510538641687,0.21289437585733884,0.17684700407213497,0.83260025873221211,False,False
0.079006245072644879,609,2829,39,388,0.12060926328877837,0.90866510538641687,0.21295279912184414,0.17713787085514834,0.83234152652005178,False,False
0.079025019402070379,609,2829,40,387,0.12033582089552239,0.90632318501170961,0.21246225638210267,0.17713787085514834,0.83208279430789134,False,False
0.079053775791447095,610,2828,40,387,0.12037325038880249,0.90632318501170961,0.21252059308072488,0.17742873763816172,0.8318240620957309,False,False
0.079057840548987734,611,2827,40,387,0.12041070317361544,0.90632318501170961,0.21257896182367483,0.1777196044211751,0.83156532988357046,False,False
0.079059243199766552,612,2826,40,387,0.12044817927170869,0.90632318501170961,0.21263736263736269,0.17801047120418848,0.83130659767141013,False,False
0.079066967173995195,613,2825,40,387,0.12048567870485678,0.90632318501170961,0.21269579554822754,0.17830133798720185,0.83104786545924969,False,False
0.079113059686974227,614,2824,40,387,0.12052320149486141,0.90632318501170961,0.21275426058273775,0.17859220477021523,0.83078913324708925,False,False
0.079160052003299605,615,2823,40,387,0.1205607476635514,0.90632318501170961,0.2128127577673907,0.17888307155322863,0.83053040103492881,False,False
0.079183781695021188,616,2822,40,387,0.1205983172327828,0.90632318501170961,0.21287128712871287,0.17917393833624201,0.83027166882276848,False,False
0.079207188269777296,617,2821,40,387,0.1206359102244389,0.90632318501170961,0.21292984869325998,0.17946480511925539,0.83001293661060804,False,False
0.07928173220959979,618,2820,40,387,0.12067352666043031,0.90632318501170961,0.21298844248761695,0.17975567190226877,0.8297542043984476,False,False
0.079292143594497475,619,2819,40,387,0.12071116656269494,0.90632318501170961,0.21304706853839803,0.18004653868528214,0.82949547218628716,False,False
0.079325282121696955,620,2818,40,387,0.12074882995319813,0.90632318501170961,0.21310572687224671,0.18033740546829552,0.82923673997412672,False,False
0.079327050333963853,621,2817,40,387,0.12078651685393259,0.90632318501170961,0.2131644175158359,0.1806282722513089,0.8289780077619664,False,False
0.079345791155951903,622,2816,40,387,0.12082422728691851,0.90632318501170961,0.21322314049586777,0.18091913903432227,0.82871927554980596,False,False
0.079399777507703592,623,2815,40,387,0.12086196127420362,0.90632318501170961,0.21328189583907414,0.18121000581733565,0.82846054333764552,False,False
0.079410252892615996,624,2814,40,387,0.12089971883786317,0.90632318501170961,0.21334068357221611,0.18150087260034903,0.82820181112548508,False,False
0.079414867251358448,625,2813,40,387,0.1209375,0.90632318501170961,0.21339950372208438,0.18179173938336243,0.82794307891332475,False,False
0.07944679817143635,626,2812,40,387,0.12097530478274461,0.90632318501170961,0.2134583563154992,0.18208260616637581,0.82768434670116431,False,False
0.079521505407765175,627,2811,40,387,0.12101313320825516,0.90632318501170961,0.21351724137931033,0.18237347294938919,0.82742561448900387,False,False
0.079526050494459224,627,2811,41,386,0.12073819205505161,0.90398126463700235,0.21302428256070641,0.18237347294938919,0.82716688227684343,False,False
0.079537129426286629,628,2810,41,386,0.12077596996245307,0.90398126463700235,0.21308308032017667,0.18266433973240256,0.8269081500646831,False,False
0.079540573819975854,629,2809,41,386,0.12081377151799687,0.90398126463700235,0.21314191054665932,0.18295520651541594,0.82664941785252266,False,False
0.079552440706803909,630,2808,41,386,0.1208515967438948,0.90398126463700235,0.21320077326705325,0.18324607329842932,0.82639068564036222,False,False
0.079774495398013762,630,2808,42,385,0.12057626056999687,0.90163934426229508,0.212707182320442,0.18324607329842932,0.82613195342820178,False,False
0.079781479314340126,631,2807,42,385,0.1206140350877193,0.90163934426229508,0.21276595744680851,0.1835369400814427,0.82587322121604134,False,False
0.079817201647764971,632,2806,42,385,0.1206518332811031,0.90163934426229508,0.21282476506357101,0.18382780686445607,0.82561448900388101,False,False
0.079828828897529111,633,2805,42,385,0.1206896551724138,0.90163934426229508,0.21288360519767763,0.18411867364746945,0.82535575679172057,False,False
0.07984789101685226,634,2804,42,385,0.12072750078394481,0.90163934426229508,0.21294247787610618,0.18440954043048283,0.82509702457956013,False,False
0.079850002897401129,635,2803,42,385,0.12076537013801757,0.90163934426229508,0.21300138312586447,0.18470040721349623,0.82483829236739969,False,False
0.079850371612895862,636,2802,42,385,0.12080326325698149,0.90163934426229508,0.21306032097399005,0.18499127399650961,0.82457956015523937,False,False
0.079862115352781093,637,2801,42,385,0.12084118016321406,0.90163934426229508,0.21311929144755051,0.18528214077952299,0.82432082794307893,False,False
0.079879792345746853,638,2800,42,385,0.12087912087912088,0.90163934426229508,0.21317829457364343,0.18557300756253636,0.82406209573091849,False,False
0.07988051074749046,639,2799,42,385,0.12091708542713568,0.90163934426229508,0.21323733037939632,0.18586387434554974,0.82380336351875805,False,False
0.079993642763885056,639,2799,43,384,0.12064090480678605,0.89929742388758782,0.21274238227146811,0.18586387434554974,0.82354463130659772,False,False
0.08000492291610535,640,2798,43,384,0.12067881835323696,0.89929742388758782,0.21280133000831256,0.18615474112856312,0.82328589909443728,False,False
0.080013736149726969,641,2797,43,384,0.12071675573718957,0.89929742388758782,0.21286031042128603,0.18644560791157649,0.82302716688227684,False,False
0.080017062793760252,642,2796,43,384,0.12075471698113208,0.89929742388758782,0.21291932353756582,0.18673647469458987,0.8227684346701164,False,False
0.080061531154894935,643,2795,43,384,0.120792702107581,0.89929742388758782,0.21297836938435938,0.18702734147760325,0.82250970245795596,False,False
0.08007408775985915,644,2794,43,384,0.12083071113908118,0.89929742388758782,0.21303744798890428,0.18731820826061663,0.82225097024579563,False,False
0.080079124833514273,645,2793,43,384,0.12086874409820586,0.89929742388758782,0.21309655937846839,0.18760907504363003,0.82199223803363519,False,False
0.08008789770272183,646,2792,43,384,0.12090680100755667,0.89929742388758782,0.21315570358034974,0.18789994182664341,0.82173350582147475,False,False
0.080087984157522663,647,2791,43,384,0.12094488188976378,0.89929742388758782,0.21321488062187674,0.18819080860965678,0.82147477360931431,False,False
0.080093237125710662,648,2790,43,384,0.12098298676748583,0.89929742388758782,0.21327409053040824,0.18848167539267016,0.82121604139715398,False,False
0.080096911262006049,649,2789,43,384,0.12102111566341002,0.89929742388758782,0.21333333333333329,0.18877254217568354,0.82095730918499354,False,False
0.080114263691212204,650,2788,43,384,0.12105926860025221,0.89929742388758782,0.2133926090580717,0.18906340895869692,0.8206985769728331,False,False
0.080114534458639045,651,2787,43,384,0.12109744560075686,0.89929742388758782,0.21345191773207337,0.18935427574171029,0.82043984476067267,False,False
0.080117765693071524,652,2786,43,384,0.12113564668769716,0.89929742388758782,0.21351125938281904,0.18964514252472367,0.82018111254851234,False,False
0.08012919308284111,653,2785,43,384,0.12117387188387505,0.89929742388758782,0.21357063403781984,0.18993600930773705,0.8199223803363519,False,False
0.080159807942804417,654,2784,43,384,0.12121212121212122,0.89929742388758782,0.21363004172461753,0.19022687609075042,0.81966364812419146,False,False
0.080207910605978164,655,2783,43,384,0.12125039469529524,0.89929742388758782,0.21368948247078462,0.19051774287376383,0.81940491591203102,False,False
0.080210013037127728,655,2783,44,383,0.1209728363866077,0.89695550351288056,0.21319231839688282,0.19051774287376383,0.81914618369987069,False,False
0.080223855475346495,656,2782,44,383,0.12101105845181674,0.89695550351288056,0.21325167037861914,0.19080860965677721,0.81888745148771025,False,False
0.080228490090401047,657,2781,44,383,0.12104930467762326,0.89695550351288056,0.21331105541631859,0.19109947643979058,0.81862871927554981,False,False
0.080235956951503692,658,2780,44,383,0.12108757508694278,0.89695550351288056,0.21337047353760444,0.19139034322280396,0.81836998706338937,False,False
0.08027866809202841,659,2779,44,383,0.1211258697027198,0.89695550351288056,0.21342992477013095,0.19168121000581734,0.81811125485122893,False,False
0.08030293573176589,660,2778,44,383,0.12116418854792788,0.89695550351288056,0.21348940914158307,0.19197207678883071,0.8178525226390686,False,False
0.080309754148844378,661,2777,44,383,0.12120253164556961,0.89695550351288056,0.21354892667967657,0.19226294357184409,0.81759379042690816,False,False
0.080312611692122504,662,2776,44,383,0.1212408990186768,0.89695550351288056,0.21360847741215841,0.19255381035485747,0.81733505821474772,False,False
0.080320679676143147,662,2776,45,382,0.12096263457884737,0.8946135831381733,0.21311018131101814,0.19255381035485747,0.81707632600258728,False,False
0.080344179832391158,663,2775,45,382,0.12100095026924296,0.8946135831381733,0.21316964285714285,0.19284467713787085,0.81681759379042695,False,False
0.08038422200263709,664,2774,45,382,0.12103929024081116,0.8946135831381733,0.21322913759419482,0.19313554392088422,0.81655886157826651,False,False
0.080400011567031027,665,2773,45,382,0.12107765451664025,0.8946135831381733,0.21328866554997208,0.19342641070389763,0.81630012936610608,False,False
0.080420796775688905,666,2772,45,382,0.12111604311984782,0.8946135831381733,0.21334822675230383,0.193717277486911,0.81604139715394564,False,False
0.080451571627923602,667,2771,45,382,0.12115445607358072,0.8946135831381733,0.21340782122905025,0.19400814426992438,0.81578266494178531,False,False
0.080471193709530833,668,2770,45,382,0.12119289340101523,0.8946135831381733,0.21346744900810283,0.19429901105293776,0.81552393272962487,False,False
0.080488523908796836,669,2769,45,382,0.12123135512535703,0.8946135831381733,0.21352711011738398,0.19458987783595114,0.81526520051746443,False,False
0.080493506845863608,670,2768,45,382,0.12126984126984126,0.8946135831381733,0.21358680458484761,0.19488074461896451,0.81500646830530399,False,False
0.080521356843404557,671,2767,45,382,0.12130835185773262,0.8946135831381733,0.21364653243847875,0.19517161140197789,0.81474773609314355,False,False
0.080526642691574002,672,2766,45,382,0.12134688691232529,0.8946135831381733,0.21370629370629374,0.19546247818499127,0.81448900388098322,False,False
0.08058437548896899,673,2765,45,382,0.12138544645694312,0.8946135831381733,0.21376608841634023,0.19575334496800464,0.81423027166882278,False,False
0.08059867476581932,674,2764,45,382,0.12142403051493961,0.8946135831381733,0.21382591659669747,0.19604421175101802,0.81397153945666234,False,False
0.080627728182128003,675,2763,45,382,0.12146263910969793,0.8946135831381733,0.21388577827547592,0.19633507853403143,0.8137128072445019,False,False
0.080678561702166959,675,2763,46,381,0.12118320610687022,0.89227166276346603,0.21338560627275271,0.19633507853403143,0.81345407503234157,False,False
0.080699823122330622,676,2762,46,381,0.1212217626471524,0.89227166276346603,0.2134453781512605,0.1966259453170448,0.81319534282018113,False,False
0.080714738651321477,677,2761,46,381,0.12126034373010822,0.89227166276346603,0.21350518352479686,0.19691681210005818,0.81293661060802069,False,False
0.080715494010256766,678,2760,46,381,0.12129894937917861,0.89227166276346603,0.21356502242152467,0.19720767888307156,0.81267787839586025,False,False
0.080720035520453343,679,2759,46,381,0.1213375796178344,0.89227166276346603,0.21362489486963837,0.19749854566608493,0.81241914618369993,False,False
0.080743291038501794,680,2758,46,381,0.12137623446957629,0.89227166276346603,0.213684800897364,0.19778941244909831,0.81216041397153949,False,False
0.08079586941011925,681,2757,46,381,0.12141491395793499,0.89227166276346603,0.21374474053295933,0.19808027923211169,0.81190168175937905,False,False
0.08084806553508822,682,2756,46,381,0.12145361810647115,0.89227166276346603,0.21380471380471383,0.19837114601512507,0.81164294954721861,False,False
0.080854375338943602,683,2755,46,381,0.12149234693877552,0.89227166276346603,0.21386472074094864,0.19866201279813844,0.81138421733505817,False,False
0.080918837682436129,683,2755,47,380,0.12121212121212122,0.88992974238875877,0.21336327905670971,0.19866201279813844,0.81112548512289784,False,False
0.080933396297154278,684,2754,47,380,0.12125079770261646,0.88992974238875877,0.21342319573153609,0.19895287958115182,0.8108667529107374,False,False
0.08094743370416467,685,2753,47,380,0.12128949888285988,0.88992974238875877,0.21348314606741575,0.19924374636416523,0.81060802069857696,False,False
0.08097164118005773,686,2752,47,380,0.12132822477650064,0.88992974238875877,0.21354313009272266,0.1995346131471786,0.81034928848641652,False,False
0.081008795535249131,687,2751,47,380,0.12136697540721814,0.88992974238875877,0.21360314783586284,0.19982547993019198,0.81009055627425619,False,False
0.081011907099683922,688,2750,47,380,0.12140575079872204,0.88992974238875877,0.21366319932527411,0.20011634671320536,0.80983182406209575,False,False
0.081020604869376109,689,2749,47,380,0.12144455097475232,0.88992974238875877,0.21372328458942633,0.20040721349621873,0.80957309184993531,False,False
0.081092793541410635,690,2748,47,380,0.12148337595907928,0.88992974238875877,0.21378340365682136,0.20069808027923211,0.80931435963777487,False,False
0.081120981313844057,691,2747,47,380,0.12152222577550367,0.88992974238875877,0.21384355655599324,0.20098894706224549,0.80905562742561454,False,False
0.081134649375275369,692,2746,47,380,0.12156110044785669,0.88992974238875877,0.21390374331550804,0.20127981384525886,0.8087968952134541,False,False
0.081195244411025783,693,2745,47,380,0.1216,0.88992974238875877,0.21396396396396394,0.20157068062827224,0.80853816300129366,False,False
0.081196290372540059,694,2744,47,380,0.12163892445582586,0.88992974238875877,0.21402421852999154,0.20186154741128562,0.80827943078913322,False,False
0.081208905414038093,695,2743,47,380,0.12167787383925713,0.88992974238875877,0.21408450704225351,0.20215241419429902,0.80802069857697278,False,False
0.081254380420854547,696,2742,47,380,0.12171684817424727,0.88992974238875877,0.21414482952944489,0.2024432809773124,0.80776196636481246,False,False
0.081260485626562781,697,2741,47,380,0.12175584748478052,0.88992974238875877,0.21420518602029312,0.20273414776032578,0.80750323415265202,False,False
0.08133430677275208,698,2740,47,380,0.12179487179487179,0.88992974238875877,0.21426557654355796,0.20302501454333916,0.80724450194049158,False,False
0.081342107489717611,699,2739,47,380,0.12183392112856685,0.88992974238875877,0.21432600112803157,0.20331588132635253,0.80698576972833114,False,False
0.081343503940757483,700,2738,47,380,0.12187299550994227,0.88992974238875877,0.21438645980253876,0.20360674810936591,0.80672703751617081,False,False
0.081362391431536826,701,2737,47,380,0.12191209496310555,0.88992974238875877,0.2144469525959368,0.20389761489237929,0.80646830530401037,False,False
0.081416598231293047,702,2736,47,380,0.12195121951219512,0.88992974238875877,0.21450747953711541,0.20418848167539266,0.80620957309184993,False,False
0.081444622758975974,703,2735,47,380,0.12199036918138041,0.88992974238875877,0.21456804065499713,0.20447934845840604,0.80595084087968949,False,False
0.081559327132409584,703,2735,48,379,0.12170841361592806,0.88758782201405151,0.21406382377859362,0.20447934845840604,0.80569210866752916,False,False
0.081631411468412282,703,2735,49,378,0.12142627690330871,0.88524590163934425,0.21355932203389832,0.20447934845840604,0.80543337645536872,False,False
0.081643922532052618,704,2734,49,378,0.12146529562982006,0.88524590163934425,0.21361966657247811,0.20477021524141942,0.80517464424320828,False,False
0.081654068973568986,705,2733,49,378,0.12150433944069432,0.88524590163934425,0.21368004522328998,0.20506108202443282,0.80491591203104784,False,False
0.081682001459896264,706,2732,49,378,0.12154340836012861,0.88524590163934425,0.21374045801526717,0.2053519488074462,0.8046571798188874,False,False
0.081710993337136259,707,2731,49,378,0.12158250241235123,0.88524590163934425,0.21380090497737556,0.20564281559045958,0.80439844760672707,False,False
0.0817157285217395,708,2730,49,378,0.12162162162162163,0.88524590163934425,0.21386138613861388,0.20593368237347295,0.80413971539456663,False,False
0.081723204697963722,709,2729,49,378,0.12166076601223044,0.88524590163934425,0.21392190152801355,0.20622454915648633,0.80388098318240619,False,False
0.081727743339370981,710,2728,49,378,0.12169993560849968,0.88524590163934425,0.21398245117463913,0.20651541593949971,0.80362225097024576,False,False
0.081770854185616942,710,2728,50,377,0.12141706924315621,0.88290398126463698,0.21347678369195927,0.20651541593949971,0.80336351875808543,False,False
0.081789554066181366,711,2727,50,377,0.12145618556701031,0.88290398126463698,0.21353724157462475,0.20680628272251309,0.80310478654592499,False,False
0.08179951569963316,711,2727,51,376,0.12117305833064776,0.88056206088992972,0.21303116147308782,0.20680628272251309,0.80284605433376455,False,False
0.0818362331747607,712,2726,51,376,0.12121212121212122,0.88056206088992972,0.2130915273448569,0.20709714950552646,0.80258732212160411,False,False
0.08185757638252783,713,2725,51,376,0.12125120928732668,0.88056206088992972,0.21315192743764175,0.20738801628853984,0.80232858990944378,False,False
0.081864335351793951,714,2724,51,376,0.12129032258064516,0.88056206088992972,0.21321236178055006,0.20767888307155322,0.80206985769728334,False,False
0.081915560026011663,715,2723,51,376,0.12132946111648919,0.88056206088992972,0.21327283040272266,0.20796974985456662,0.8018111254851229,False,False
0.081923713591652028,716,2722,51,376,0.12136862491930278,0.88056206088992972,0.21333333333333335,0.20826061663758,0.80155239327296246,False,False
0.08192729491836144,717,2721,51,376,0.12140781401356152,0.88056206088992972,0.2133938706015891,0.20855148342059338,0.80129366106080202,False,False
0.081938829048915682,718,2720,51,376,0.12144702842377261,0.88056206088992972,0.21345444223673005,0.20884235020360675,0.80103492884864169,False,False
0.081941384901348599,718,2720,52,375,0.12116316639741519,0.87822014051522246,0.21294718909710392,0.20884235020360675,0.80077619663648125,False,False
0.081961545964903321,719,2719,52,375,0.12120232708468003,0.87822014051522246,0.21300766827605794,0.20913321698662013,0.80051746442432081,False,False
0.081995046617186901,720,2718,52,375,0.12124151309408342,0.87822014051522246,0.21306818181818185,0.20942408376963351,0.80025873221216037,False,False
0.082099344648646308,721,2717,52,375,0.12128072445019406,0.87822014051522246,0.2131287297527707,0.20971495055264688,0.80000000000000004,False,False
0.082133637409160784,722,2716,52,375,0.12131996117761243,0.87822014051522246,0.21318931210915293,0.21000581733566026,0.7997412677878396,False,False
0.082142903875485465,723,2715,52,375,0.12135922330097088,0.87822014051522246,0.21324992891669034,0.21029668411867364,0.79948253557567917,False,False
0.082211518609411269,724,2714,52,375,0.12139851084493364,0.87822014051522246,0.21331058020477814,0.21058755090168702,0.79922380336351873,False,False
0.082272044695383073,725,2713,52,375,0.12143782383419689,0.87822014051522246,0.21337126600284495,0.21087841768470042,0.7989650711513584,False,False
0.082296883062127887,726,2712,52,375,0.12147716229348883,0.87822014051522246,0.21343198634035287,0.2111692844677138,0.79870633893919796,False,False
0.082323473781336712,727,2711,52,375,0.12151652624756967,0.87822014051522246,0.21349274124679762,0.21146015125072717,0.79844760672703752,False,False
0.082399108881384214,728,2710,52,375,0.12155591572123177,0.87822014051522246,0.21355353075170844,0.21175101803374055,0.79818887451487708,False,False
0.082420921538545813,729,2709,52,375,0.12159533073929961,0.87822014051522246,0.21361435488464822,0.21204188481675393,0.79793014230271664,False,False
0.082440636086142174,729,2709,53,374,0.12131041193642556,0.8758782201405152,0.21310541310541309,0.21204188481675393,0.79767141009055631,False,False
0.082446412185894422,730,2708,53,374,0.12134977287475665,0.8758782201405152,0.21316614420062696,0.21233275159976731,0.79741267787839587,False,False
0.082462155500427875,731,2707,53,374,0.12138915936384291,0.8758782201405152,0.21322690992018245,0.21262361838278068,0.79715394566623543,False,False
0.082462297612585111,731,2707,54,373,0.1211038961038961,0.87353629976580793,0.21271742229826063,0.21262361838278068,0.79689521345407499,False,False
0.082467745495853229,732,2706,54,373,0.12114322832088341,0.87353629976580793,0.21277809469480891,0.21291448516579406,0.79663648124191466,False,False
0.082476175378505323,733,2705,54,373,0.12118258609486679,0.87353629976580793,0.21283880171184022,0.21320535194880744,0.79637774902975422,False,False
0.082511680657651715,734,2704,54,373,0.12122196945076373,0.87353629976580793,0.21289954337899544,0.21349621873182081,0.79611901681759378,False,False
0.08253534664839976,735,2703,54,373,0.12126137841352405,0.87353629976580793,0.21296031972594917,0.21378708551483422,0.79586028460543334,False,False
0.082549371240066394,736,2702,54,373,0.12130081300813009,0.87353629976580793,0.21302113078241006,0.2140779522978476,0.79560155239327301,False,False
0.08257926844411094,737,2701,54,373,0.12134027325959662,0.87353629976580793,0.21308197657812056,0.21436881908086097,0.79534282018111258,False,False
0.08259618658264524,738,2700,54,373,0.12137975919297103,0.87353629976580793,0.21314285714285713,0.21465968586387435,0.79508408796895214,False,False
0.082620308004657778,739,2699,54,373,0.12141927083333333,0.87353629976580793,0.21320377250643038,0.21495055264688773,0.7948253557567917,False,False
0.082666220457484479,740,2698,54,373,0.12145880820579616,0.87353629976580793,0.21326472269868496,0.2152414194299011,0.79456662354463126,False,False
0.082691744820512697,741,2697,54,373,0.12149837133550488,0.87353629976580793,0.21332570774949958,0.21553228621291448,0.79430789133247093,False,False
0.082701771316975967,742,2696,54,373,0.12153796024763766,0.87353629976580793,0.21338672768878719,0.21582315299592786,0.79404915912031049,False,False
0.082733813603868833,743,2695,54,373,0.12157757496740547,0.87353629976580793,0.21344778254649496,0.21611401977894124,0.79379042690815005,False,False
0.082749460149165094,744,2694,54,373,0.12161721552005217,0.87353629976580793,0.21350887235260446,0.21640488656195461,0.79353169469598961,False,False
0.082803596469183297,745,2693,54,373,0.12165688193085453,0.87353629976580793,0.2135699971371314,0.21669575334496802,0.79327296248382928,False,False
0.082825948914538941,746,2692,54,373,0.12169657422512235,0.87353629976580793,0.21363115693012599,0.21698662012798139,0.79301423027166884,False,False
0.082846309384246933,747,2691,54,373,0.12173629242819843,0.87353629976580793,0.21369235176167289,0.21727748691099477,0.7927554980595084,False,False
0.082870912776766253,748,2690,54,373,0.1217760365654587,0.87353629976580793,0.21375358166189112,0.21756835369400815,0.79249676584734796,False,False
0.082903333330662549,749,2689,54,373,0.12181580666231222,0.87353629976580793,0.21381484666093439,0.21785922047702153,0.79223803363518763,False,False
0.082917209601940711,750,2688,54,373,0.12185560274420124,0.87353629976580793,0.21387614678899081,0.2181500872600349,0.79197930142302719,False,False
0.082991104582805245,751,2687,54,373,0.1218954248366013,0.87353629976580793,0.21393748207628333,0.21844095404304828,0.79172056921086675,False,False
0.083009611603626646,752,2686,54,373,0.12193527296502125,0.87353629976580793,0.21399885255306944,0.21873182082606166,0.79146183699870631,False,False
0.083079381661541135,753,2685,54,373,0.12197514715500327,0.87353629976580793,0.21406025824964134,0.21902268760907503,0.79120310478654587,False,False
0.083126788130460622,754,2684,54,373,0.12201504743212299,0.87353629976580793,0.21412169919632607,0.21931355439208841,0.79094437257438555,False,False
0.083130056538410796,755,2683,54,373,0.12205497382198953,0.87353629976580793,0.2141831754234855,0.21960442117510182,0.79068564036222511,False,False
0.08318635394791063,756,2682,54,373,0.12209492635024551,0.87353629976580793,0.21424468696151636,0.21989528795811519,0.79042690815006467,False,False
0.083205415013132569,757,2681,54,373,0.12213490504256712,0.87353629976580793,0.21430623384085035,0.22018615474112857,0.79016817593790423,False,False
0.083206597436519716,758,2680,54,373,0.12217490992466426,0.87353629976580793,0.21436781609195399,0.22047702152414195,0.7899094437257439,False,False
0.08320775248828445,759,2679,54,373,0.12221494102228048,0.87353629976580793,0.21442943374532913,0.22076788830715532,0.78965071151358346,False,False
0.083215347263897413,760,2678,54,373,0.12225499836119305,0.87353629976580793,0.21449108683151236,0.2210587550901687,0.78939197930142302,False,False
0.083225808012223179,761,2677,54,373,0.12229508196721312,0.87353629976580793,0.21455277538107562,0.22134962187318208,0.78913324708926258,False,False
0.083250954794612142,762,2676,54,373,0.12233519186618563,0.87353629976580793,0.21461449942462602,0.22164048865619546,0.78887451487710225,False,False
0.083254875079400048,763,2675,54,373,0.1223753280839895,0.87353629976580793,0.21467625899280576,0.22193135543920883,0.78861578266494181,False,False
0.08325770988463578,764,2674,54,373,0.12241549064653758,0.87353629976580793,0.21473805411629246,0.22222222222222221,0.78835705045278137,False,False
0.083318031933326264,765,2673,54,373,0.12245567957977675,0.87353629976580793,0.21479988482579901,0.22251308900523561,0.78809831824062093,False,False
0.083324455239937117,766,2672,54,373,0.12249589490968801,0.87353629976580793,0.2148617511520737,0.22280395578824899,0.78783958602846049,False,False
0.083343534886507947,767,2671,54,373,0.12253613666228647,0.87353629976580793,0.21492365312590034,0.22309482257126237,0.78758085381630016,False,False
0.083376256606156787,768,2670,54,373,0.12257640486362142,0.87353629976580793,0.21498559077809798,0.22338568935427575,0.78732212160413972,False,False
0.083389558431864241,769,2669,54,373,0.12261669953977647,0.87353629976580793,0.21504756413952147,0.22367655613728912,0.78706338939197928,False,False
0.08340642495395767,770,2668,54,373,0.12265702071686944,0.87353629976580793,0.21510957324106111,0.2239674229203025,0.78680465717981884,False,False
0.083419321810882352,771,2667,54,373,0.12269736842105264,0.87353629976580793,0.21517161811364294,0.22425828970331588,0.78654592496765852,False,False
0.083423218822721121,772,2666,54,373,0.12273774267851267,0.87353629976580793,0.21523369878822851,0.22454915648632925,0.78628719275549808,False,False
0.083439952080358704,773,2665,54,373,0.1227781435154707,0.87353629976580793,0.21529581529581529,0.22484002326934263,0.78602846054333764,False,False
0.083446273667880017,774,2664,54,373,0.12281857095818241,0.87353629976580793,0.21535796766743648,0.22513089005235601,0.7857697283311772,False,False
0.083451819061110044,775,2663,54,373,0.12285902503293808,0.87353629976580793,0.21542015593416111,0.22542175683536941,0.78551099611901687,False,False
0.083462784659333863,776,2662,54,373,0.12289950576606261,0.87353629976580793,0.2154823801270942,0.22571262361838279,0.78525226390685643,False,False
0.083467901444577469,777,2661,54,373,0.12294001318391562,0.87353629976580793,0.21554464027737646,0.22600349040139617,0.78499353169469599,False,False
0.083480966842326962,778,2660,54,373,0.12298054731289153,0.87353629976580793,0.21560693641618497,0.22629435718440954,0.78473479948253555,False,False
0.08356097109315995,779,2659,54,373,0.12302110817941952,0.87353629976580793,0.21566926857473256,0.22658522396742292,0.78447606727037511,False,False
0.083585874493027942,780,2658,54,373,0.12306169580996371,0.87353629976580793,0.21573163678426835,0.2268760907504363,0.78421733505821478,False,False
0.0836238659036566,781,2657,54,373,0.1231023102310231,0.87353629976580793,0.21579404107607753,0.22716695753344968,0.78395860284605434,False,False
0.083714228557118395,782,2656,54,373,0.12314295146913172,0.87353629976580793,0.21585648148148148,0.22745782431646305,0.7836998706338939,False,False
0.083727743674011132,783,2655,54,373,0.12318361955085866,0.87353629976580793,0.21591895803183794,0.22774869109947643,0.78344113842173346,False,False
0.083747918235697508,783,2655,55,372,0.12289395441030723,0.87119437939110067,0.21540243196294151,0.22774869109947643,0.78318240620957313,False,False
0.08379347907317726,784,2654,55,372,0.12293456708526107,0.87119437939110067,0.21546481320590791,0.22803955788248981,0.78292367399741269,False,False
0.083806669736547046,785,2653,55,372,0.12297520661157024,0.87119437939110067,0.21552723059096174,0.22833042466550321,0.78266494178525226,False,False
0.083823508285685272,786,2652,55,372,0.12301587301587301,0.87119437939110067,0.21558968414952187,0.22862129144851659,0.78240620957309182,False,False
0.08384644995361322,787,2651,55,372,0.12305656632484287,0.87119437939110067,0.21565217391304348,0.22891215823152997,0.78214747736093149,False,False
0.083862641121017156,788,2650,55,372,0.12309728656518862,0.87119437939110067,0.21571469991301828,0.22920302501454334,0.78188874514877105,False,False
0.083884029613509478,789,2649,55,372,0.12313803376365443,0.87119437939110067,0.21577726218097451,0.22949389179755672,0.78163001293661061,False,False
0.083910899814620812,790,2648,55,372,0.12317880794701987,0.87119437939110067,0.21583986074847691,0.2297847585805701,0.78137128072445017,False,False
0.083919744984955608,791,2647,55,372,0.12321960914210003,0.87119437939110067,0.21590249564712707,0.23007562536358347,0.78111254851228973,False,False
0.083935943982884884,792,2646,55,372,0.12326043737574553,0.87119437939110067,0.21596516690856313,0.23036649214659685,0.7808538163001294,False,False
0.083985514199269751,793,2645,55,372,0.12330129267484256,0.87119437939110067,0.21602787456445993,0.23065735892961023,0.78059508408796896,False,False
0.084014472220293721,793,2645,56,371,0.1230106100795756,0.86885245901639341,0.2155097298867267,0.23065735892961023,0.78033635187580852,False,False
0.084061526710430434,794,2644,56,371,0.1230514096185738,0.86885245901639341,0.21557234166182451,0.23094822571262361,0.78007761966364808,False,False
0.084073918002015829,795,2643,56,371,0.12309223623092236,0.86885245901639341,0.21563498982853821,0.23123909249563701,0.77981888745148775,False,False
0.084078383700728732,796,2642,56,371,0.12313308994357783,0.86885245901639341,0.21569767441860463,0.23152995927865039,0.77956015523932731,False,False
0.084141036920742221,797,2641,56,371,0.12317397078353254,0.86885245901639341,0.21576039546379761,0.23182082606166377,0.77930142302716687,False,False
0.084155351479658191,797,2641,57,370,0.12288276320159415,0.86651053864168615,0.2152414194299011,0.23182082606166377,0.77904269081500643,False,False
0.084221121233388055,798,2640,57,370,0.12292358803986711,0.86651053864168615,0.21530404422461447,0.23211169284467714,0.7787839586028461,False,False
0.084264492711739483,799,2639,57,370,0.12296444001329346,0.86651053864168615,0.21536670547147849,0.23240255962769052,0.77852522639068567,False,False
0.08428910712256156,800,2638,57,370,0.12300531914893617,0.86651053864168615,0.21542940320232898,0.2326934264107039,0.77826649417852523,False,False
0.084361001824881224,801,2637,57,370,0.12304622547389425,0.86651053864168615,0.21549213744903903,0.23298429319371727,0.77800776196636479,False,False
0.084368840768337838,802,2636,57,370,0.12308715901530273,0.86651053864168615,0.21555490824351878,0.23327515997673065,0.77774902975420435,False,False
0.084385606574808175,803,2635,57,370,0.12312811980033278,0.86651053864168615,0.21561771561771562,0.23356602675974403,0.77749029754204402,False,False
0.084453724817380546,804,2634,57,370,0.12316910785619174,0.86651053864168615,0.2156805596036141,0.2338568935427574,0.77723156532988358,False,False
0.084489662017101341,805,2633,57,370,0.12321012321012322,0.86651053864168615,0.21574344023323616,0.23414776032577081,0.77697283311772314,False,False
0.084528061911638822,806,2632,57,370,0.12325116588940706,0.86651053864168615,0.21580635753864097,0.23443862710878419,0.7767141009055627,False,False
0.084577458581883078,807,2631,57,370,0.12329223592135954,0.86651053864168615,0.21586931155192532,0.23472949389179756,0.77645536869340237,False,False
0.084589072873907822,807,2631,58,369,0.123,0.86416861826697888,0.21534870148818208,0.23472949389179756,0.77619663648124193,False,False
0.084637525465714805,808,2630,58,369,0.12304101367122375,0.86416861826697888,0.21541155866900177,0.23502036067481094,0.77593790426908149,False,False
0.084705652842239049,809,2629,58,369,0.12308205470313542,0.86416861826697888,0.21547445255474454,0.23531122745782432,0.77567917205692105,False,False
0.084706659057078637,810,2628,58,369,0.12312312312312312,0.86416861826697888,0.21553738317757007,0.2356020942408377,0.77542043984476072,False,False
0.08473455943077389,811,2627,58,369,0.12316421895861149,0.86416861826697888,0.21560035056967572,0.23589296102385107,0.77516170763260028,False,False
0.084769844345668005,812,2626,58,369,0.12320534223706177,0.86416861826697888,0.21566335476329632,0.23618382780686445,0.77490297542043984,False,False
0.084798762554566712,813,2625,58,369,0.12324649298597194,0.86416861826697888,0.21572639579070446,0.23647469458987783,0.7746442432082794,False,False
0.084807549673709293,814,2624,58,369,0.12328767123287671,0.86416861826697888,0.21578947368421053,0.2367655613728912,0.77438551099611896,False,False
0.084816367779864676,815,2623,58,369,0.12332887700534759,0.86416861826697888,0.21585258847616259,0.23705642815590461,0.77412677878395864,False,False
0.084852553708328407,816,2622,58,369,0.12337011033099297,0.86416861826697888,0.21591574019894674,0.23734729493891799,0.7738680465717982,False,False
0.084856909744099804,817,2621,58,369,0.1234113712374582,0.86416861826697888,0.21597892888498685,0.23763816172193136,0.77360931435963776,False,False
0.084874317658425708,818,2620,58,369,0.12345265975242556,0.86416861826697888,0.21604215456674472,0.23792902850494474,0.77335058214747732,False,False
0.084902393806211035,819,2619,58,369,0.12349397590361445,0.86416861826697888,0.21610541727672034,0.23821989528795812,0.77309184993531699,False,False
0.084954073040314174,820,2618,58,369,0.12353531971878139,0.86416861826697888,0.21616871704745166,0.23851076207097149,0.77283311772315655,False,False
0.084956054918441826,821,2617,58,369,0.12357669122572003,0.86416861826697888,0.21623205391151479,0.23880162885398487,0.77257438551099611,False,False
0.084958170228199528,822,2616,58,369,0.12361809045226131,0.86416861826697888,0.21629542790152403,0.23909249563699825,0.77231565329883567,False,False
0.084970212577044096,823,2615,58,369,0.12365951742627346,0.86416861826697888,0.21635883905013192,0.23938336242001163,0.77205692108667534,False,False
0.085009831165867272,824,2614,58,369,0.12370097217566209,0.86416861826697888,0.21642228739002933,0.239674229203025,0.7717981888745149,False,False
0.085010681531803856,825,2613,58,369,0.12374245472837023,0.86416861826697888,0.21648577295394544,0.23996509598603841,0.77153945666235446,False,False
0.085051560981323979,826,2612,58,369,0.12378396511237839,0.86416861826697888,0.21654929577464788,0.24025596276905178,0.77128072445019402,False,False
0.085061971834579753,827,2611,58,369,0.12382550335570469,0.86416861826697888,0.21661285588494278,0.24054682955206516,0.77102199223803358,False,False
0.085062852295497926,828,2610,58,369,0.12386706948640483,0.86416861826697888,0.21667645331767468,0.24083769633507854,0.77076326002587325,False,False
0.08509206731135302,829,2609,58,369,0.1239086635325722,0.86416861826697888,0.21674008810572687,0.24112856311809192,0.77050452781371281,False,False
0.085097252694951234,830,2608,58,369,0.12395028552233793,0.86416861826697888,0.21680376028202117,0.24141942990110529,0.77024579560155237,False,False
0.085098311482271774,830,2608,59,368,0.12365591397849462,0.86182669789227162,0.21627975315897738,0.24141942990110529,0.76998706338939193,False,False
0.085142494495988541,831,2607,59,368,0.12369747899159664,0.86182669789227162,0.21634332745443854,0.24171029668411867,0.76972833117723161,False,False
0.085167023356224225,832,2606,59,368,0.12373907195696032,0.86182669789227162,0.21640693913554837,0.24200116346713205,0.76946959896507117,False,False
0.085179300515006925,833,2605,59,368,0.1237806929027918,0.86182669789227162,0.21647058823529414,0.24229203025014542,0.76921086675291073,False,False
0.085194696153467808,834,2604,59,368,0.12382234185733512,0.86182669789227162,0.21653427478670198,0.2425828970331588,0.76895213454075029,False,False
0.085200866996756455,835,2603,59,368,0.12386401884887244,0.86182669789227162,0.21659799882283698,0.24287376381617221,0.76869340232858996,False,False
0.085223672888623869,836,2602,59,368,0.12390572390572391,0.86182669789227162,0.21666176037680307,0.24316463059918558,0.76843467011642952,False,False
0.085253160217062945,837,2601,59,368,0.12394745705624789,0.86182669789227162,0.21672555948174321,0.24345549738219896,0.76817593790426908,False,False
0.085323677669672207,837,2601,60,367,0.1236522911051213,0.85948477751756436,0.21620029455081,0.24345549738219896,0.76791720569210864,False,False
0.085332698829176476,838,2600,60,367,0.12369396697000337,0.85948477751756436,0.21626399528579848,0.24374636416521234,0.7676584734799482,False,False
0.085351350500576031,839,2599,60,367,0.12373567093728928,0.85948477751756436,0.21632773356911289,0.24403723094822571,0.76739974126778787,False,False
0.085355377799301163,840,2598,60,367,0.12377740303541315,0.85948477751756436,0.21639150943396226,0.24432809773123909,0.76714100905562743,False,False
0.085378923658862724,841,2597,60,367,0.12381916329284751,0.85948477751756436,0.21645532291359482,0.24461896451425247,0.76688227684346699,False,False
0.085399814561711862,842,2596,60,367,0.12386095173810327,0.85948477751756436,0.21651917404129792,0.24490983129726585,0.76662354463130655,False,False
0.085421927576024015,843,2595,60,367,0.12390276839972991,0.85948477751756436,0.21658306285039836,0.24520069808027922,0.76636481241914622,False,False
0.08542377589947811,844,2594,60,367,0.12394461330631544,0.85948477751756436,0.21664698937426211,0.2454915648632926,0.76610608020698578,False,False
0.085453179170944887,845,2593,60,367,0.12398648648648648,0.85948477751756436,0.21671095364629464,0.245782431646306,0.76584734799482534,False,False
0.085482963675897708,846,2592,60,367,0.12402838796890842,0.85948477751756436,0.21677495569994093,0.24607329842931938,0.76558861578266491,False,False
0.085543458787159382,847,2591,60,367,0.12407031778228533,0.85948477751756436,0.21683899556868538,0.24636416521233276,0.76532988357050458,False,False
0.085587172101061093,848,2590,60,367,0.12411227595536016,0.85948477751756436,0.21690307328605202,0.24665503199534614,0.76507115135834414,False,False
0.085588399834326603,849,2589,60,367,0.12415426251691475,0.85948477751756436,0.21696718888560448,0.24694589877835951,0.7648124191461837,False,False
0.085590679158624922,850,2588,60,367,0.12419627749576988,0.85948477751756436,0.21703134240094618,0.24723676556137289,0.76455368693402326,False,False
0.085594839324714678,851,2587,60,367,0.12423832092078538,0.85948477751756436,0.2170955338657202,0.24752763234438627,0.76429495472186282,False,False
0.085625676454203048,852,2586,60,367,0.12428039282086015,0.85948477751756436,0.21715976331360948,0.24781849912739964,0.76403622250970249,False,False
0.085631788600385672,853,2585,60,367,0.12432249322493225,0.85948477751756436,0.21722403077833677,0.24810936591041302,0.76377749029754205,False,False
0.08564111420996845,854,2584,60,367,0.12436462216197899,0.85948477751756436,0.2172883362936649,0.2484002326934264,0.76351875808538161,False,False
0.085685417431285535,855,2583,60,367,0.12440677966101694,0.85948477751756436,0.21735267989339649,0.2486910994764398,0.76326002587322117,False,False
0.08570949627539666,856,2582,60,367,0.12444896575110206,0.85948477751756436,0.21741706161137439,0.24898196625945318,0.76300129366106084,False,False
0.085714518833431744,857,2581,60,367,0.12449118046132972,0.85948477751756436,0.21748148148148147,0.24927283304246656,0.7627425614489004,False,False
0.085734439787941694,858,2580,60,367,0.12453342382083475,0.85948477751756436,0.21754593953764076,0.24956369982547993,0.76248382923673996,False,False
0.085772767276992345,859,2579,60,367,0.12457569585879158,0.85948477751756436,0.21761043581381559,0.24985456660849331,0.76222509702457952,False,False
0.085792295516035552,860,2578,60,367,0.12461799660441426,0.85948477751756436,0.21767497034400948,0.25014543339150669,0.76196636481241919,False,False
0.08580188911077824,861,2577,60,367,0.12466032608695653,0.85948477751756436,0.21773954316226637,0.25043630017452007,0.76170763260025875,False,False
0.085819304760379564,862,2576,60,367,0.12470268433571186,0.85948477751756436,0.21780415430267061,0.25072716695753344,0.76144890038809832,False,False
0.085884346808349415,863,2575,60,367,0.1247450713800136,0.85948477751756436,0.21786880379934701,0.25101803374054682,0.76119016817593788,False,False
0.085915993913161917,864,2574,60,367,0.12478748724923495,0.85948477751756436,0.21793349168646081,0.2513089005235602,0.76093143596377744,False,False
0.085924335992659265,865,2573,60,367,0.12482993197278912,0.85948477751756436,0.217998217998218,0.25159976730657357,0.76067270375161711,False,False
0.08592754697154216,866,2572,60,367,0.1248724055801293,0.85948477751756436,0.21806298276886513,0.25189063408958695,0.76041397153945667,False,False
0.085940915729692605,867,2571,60,367,0.1249149081007488,0.85948477751756436,0.21812778603268942,0.25218150087260033,0.76015523932729623,False,False
0.085965429588984538,867,2571,61,366,0.12461695607763024,0.8571428571428571,0.21759809750297265,0.25218150087260033,0.75989650711513579,False,False
0.08596907130380034,868,2570,61,366,0.12465940054495912,0.8571428571428571,0.21766280107047278,0.25247236765561371,0.75963777490297546,False,False
0.0859694845757389,869,2569,61,366,0.12470187393526405,0.8571428571428571,0.21772754312908982,0.25276323443862708,0.75937904269081502,False,False
0.085984807538208641,870,2568,61,366,0.12474437627811862,0.8571428571428571,0.21779232371318061,0.25305410122164052,0.75912031047865458,False,False
0.086008674081085493,871,2567,61,366,0.12478690760313672,0.8571428571428571,0.21785714285714286,0.25334496800465389,0.75886157826649414,False,False
0.086026142458367705,872,2566,61,366,0.12482946793997271,0.8571428571428571,0.21792200059541528,0.25363583478766727,0.75860284605433381,False,False
0.086040154966065013,873,2565,61,366,0.12487205731832139,0.8571428571428571,0.21798689696247764,0.25392670157068065,0.75834411384217337,False,False
0.086112472793499345,873,2565,62,365,0.12457337883959044,0.85480093676814983,0.21745606196008341,0.25392670157068065,0.75808538163001293,False,False
0.086148996834295902,874,2564,62,365,0.12461590986684876,0.85480093676814983,0.21752085816448152,0.25421756835369402,0.75782664941785249,False,False
0.086206914860171083,875,2563,62,365,0.12465846994535519,0.85480093676814983,0.21758569299552905,0.2545084351367074,0.75756791720569205,False,False
0.086224171150064477,876,2562,62,365,0.12470105910488555,0.85480093676814983,0.21765056648777581,0.25479930191972078,0.75730918499353173,False,False
0.086231008060175404,877,2561,62,365,0.12474367737525632,0.85480093676814983,0.2177154786758127,0.25509016870273415,0.75705045278137129,False,False
0.086259344666729118,878,2560,62,365,0.12478632478632479,0.85480093676814983,0.21778042959427207,0.25538103548574753,0.75679172056921085,False,False
0.08629596503571961,879,2559,62,365,0.12482900136798905,0.85480093676814983,0.21784541927782752,0.25567190226876091,0.75653298835705041,False,False
0.086322372167056668,880,2558,62,365,0.12487170715018817,0.85480093676814983,0.21791044776119403,0.25596276905177429,0.75627425614489008,False,False
0.086342369310810158,881,2557,62,365,0.12491444216290212,0.85480093676814983,0.21797551507912807,0.25625363583478766,0.75601552393272964,False,False
0.086398908578721609,882,2556,62,365,0.124957206436152,0.85480093676814983,0.2180406212664277,0.25654450261780104,0.7557567917205692,False,False
0.086409401189267654,883,2555,62,365,0.125,0.85480093676814983,0.21810576635793247,0.25683536940081442,0.75549805950840876,False,False
0.086425354715469388,884,2554,62,365,0.12504282288454951,0.85480093676814983,0.21817095038852363,0.25712623618382779,0.75523932729624843,False,False
0.086440139634617136,885,2553,62,365,0.12508567511994517,0.85480093676814983,0.21823617339312407,0.25741710296684117,0.75498059508408799,False,False
0.086495498031327125,886,2552,62,365,0.12512855673637299,0.85480093676814983,0.21830143540669858,0.25770796974985455,0.75472186287192755,False,False
0.086516278556707779,887,2551,62,365,0.12517146776406035,0.85480093676814983,0.21836673646425364,0.25799883653286793,0.75446313065976711,False,False
0.086543576107998732,888,2550,62,365,0.12521440823327615,0.85480093676814983,0.2184320766008378,0.2582897033158813,0.75420439844760667,False,False
0.086548778722935357,889,2549,62,365,0.12525737817433083,0.85480093676814983,0.21849745585154146,0.25858057009889468,0.75394566623544634,False,False
0.086590532739685547,890,2548,62,365,0.12530037761757637,0.85480093676814983,0.21856287425149698,0.25887143688190811,0.7536869340232859,False,False
0.086651002494049889,891,2547,62,365,0.12534340659340659,0.85480093676814983,0.21862833183587899,0.25916230366492149,0.75342820181112546,False,False
0.086665451898872439,891,2547,63,364,0.12504294057025078,0.85245901639344257,0.21809466746554823,0.25916230366492149,0.75316946959896502,False,False
0.086692524416072142,892,2546,63,364,0.12508591065292096,0.85245901639344257,0.21816002397362899,0.25945317044793487,0.7529107373868047,False,False
0.086701136312796814,893,2545,63,364,0.12512891027844619,0.85245901639344257,0.21822541966426856,0.25974403723094824,0.75265200517464426,False,False
0.086750219802065404,894,2544,63,364,0.12517193947730398,0.85245901639344257,0.21829085457271363,0.26003490401396162,0.75239327296248382,False,False
0.086754475129960651,895,2543,63,364,0.12521499828001376,0.85245901639344257,0.21835632873425312,0.260325770796975,0.75213454075032338,False,False
0.086812513797815224,896,2542,63,364,0.12525808671713695,0.85245901639344257,0.2184218421842184,0.26061663757998837,0.75187580853816305,False,False
0.086850359975656641,896,2542,64,363,0.12495697074010327,0.85011709601873531,0.21788715486194477,0.26061663757998837,0.75161707632600261,False,False
0.086862403243890982,897,2541,64,363,0.125,0.85011709601873531,0.21795256679675773,0.26090750436300175,0.75135834411384217,False,False
0.086882688550431672,898,2540,64,363,0.12504305890458148,0.85011709601873531,0.21801801801801804,0.26119837114601513,0.75109961190168173,False,False
0.086891991770701588,899,2539,64,363,0.12508614748449345,0.85011709601873531,0.21808350856112949,0.26148923792902851,0.75084087968952129,False,False
0.086903267715350466,900,2538,64,363,0.12512926577042399,0.85011709601873531,0.21814903846153844,0.26178010471204188,0.75058214747736096,False,False
0.086977044926090763,901,2537,64,363,0.12517241379310345,0.85011709601873531,0.218214607754734,0.26207097149505526,0.75032341526520052,False,False
0.086978350123537107,902,2536,64,363,0.12521559158330459,0.85011709601873531,0.21828021647624776,0.26236183827806864,0.75006468305304008,False,False
0.086982968548723782,903,2535,64,363,0.12525879917184266,0.85011709601873531,0.21834586466165412,0.26265270506108201,0.74980595084087964,False,False
0.086986917880318843,904,2534,64,363,0.12530203658957542,0.85011709601873531,0.21841155234657042,0.26294357184409539,0.74954721862871931,False,False
0.087014541378236179,905,2533,64,363,0.12534530386740331,0.85011709601873531,0.21847727956665663,0.26323443862710877,0.74928848641655887,False,False
0.087026010980235102,906,2532,64,363,0.12538860103626942,0.85011709601873531,0.2185430463576159,0.26352530541012215,0.74902975420439843,False,False
0.087045907062901468,907,2531,64,363,0.12543192812715964,0.85011709601873531,0.21860885275519423,0.26381617219313552,0.748771021992238,False,False
0.087074005131935611,908,2530,64,363,0.12547528517110265,0.85011709601873531,0.2186746987951807,0.2641070389761489,0.74851228978007767,False,False
0.087091068783702874,909,2529,64,363,0.12551867219917012,0.85011709601873531,0.21874058451340764,0.26439790575916228,0.74825355756791723,False,False
0.087091077858631433,910,2528,64,363,0.12556208924247667,0.85011709601873531,0.21880650994575046,0.26468877254217571,0.74799482535575679,False,False
0.087096364828709194,911,2527,64,363,0.12560553633217994,0.85011709601873531,0.21887247512812782,0.26497963932518909,0.74773609314359635,False,False
0.087107687207682707,912,2526,64,363,0.12564901349948079,0.85011709601873531,0.21893848009650183,0.26527050610820246,0.74747736093143602,False,False
0.087159251112116892,913,2525,64,363,0.12569252077562326,0.85011709601873531,0.2190045248868778,0.26556137289121584,0.74721862871927558,False,False
0.087218055610908507,914,2524,64,363,0.12573605819189471,0.85011709601873531,0.21907060953530477,0.26585223967422922,0.74695989650711514,False,False
0.087237041828101783,915,2523,64,363,0.12577962577962579,0.85011709601873531,0.21913673407787507,0.2661431064572426,0.7467011642949547,False,False
0.087248711855388003,916,2522,64,363,0.12582322357019063,0.85011709601873531,0.21920289855072461,0.26643397324025597,0.74644243208279426,False,False
0.087256035887337824,917,2521,64,363,0.12586685159500693,0.85011709601873531,0.21926910299003322,0.26672484002326935,0.74618369987063393,False,False
0.087275425395839074,918,2520,64,363,0.1259105098855359,0.85011709601873531,0.21933534743202418,0.26701570680628273,0.74592496765847349,False,False
0.087285300582378239,919,2519,64,363,0.12595419847328243,0.85011709601873531,0.21940163191296461,0.2673065735892961,0.74566623544631305,False,False
0.087302405134748517,920,2518,64,363,0.12599791738979521,0.85011709601873531,0.21946795646916564,0.26759744037230948,0.74540750323415261,False,False
0.087323206213450869,921,2517,64,363,0.12604166666666666,0.85011709601873531,0.21953432113698215,0.26788830715532286,0.74514877102199228,False,False
0.087338180220958156,922,2516,64,363,0.12608544633553317,0.85011709601873531,0.21960072595281305,0.26817917393833623,0.74489003880983184,False,False
0.087384502243832388,923,2515,64,363,0.12612925642807504,0.85011709601873531,0.21966717095310134,0.26847004072134961,0.74463130659767141,False,False
0.087438363759839099,924,2514,64,363,0.1261730969760167,0.85011709601873531,0.21973365617433413,0.26876090750436299,0.74437257438551097,False,False
0.087445429001048292,925,2513,64,363,0.12621696801112656,0.85011709601873531,0.21980018165304269,0.26905177428737637,0.74411384217335064,False,False
0.08745567441666173,926,2512,64,363,0.1262608695652174,0.85011709601873531,0.21986674742580256,0.26934264107038974,0.7438551099611902,False,False
0.087455746943829391,927,2511,64,363,0.12630480167014613,0.85011709601873531,0.21993335352923354,0.26963350785340312,0.74359637774902976,False,False
0.087461246259331077,928,2510,64,363,0.12634876435781414,0.85011709601873531,0.22,0.2699243746364165,0.74333764553686932,False,False
0.08748071175211572,929,2509,64,363,0.12639275766016714,0.85011709601873531,0.22006668687481057,0.27021524141942987,0.74307891332470888,False,False
0.087515312528297279,930,2508,64,363,0.12643678160919541,0.85011709601873531,0.22013341419041846,0.27050610820244331,0.74282018111254855,False,False
0.087537387034122408,931,2507,64,363,0.12648083623693379,0.85011709601873531,0.22020018198362148,0.27079697498545668,0.74256144890038811,False,False
0.0876338795393172,932,2506,64,363,0.12652492157546183,0.85011709601873531,0.22026699029126212,0.27108784176847006,0.74230271668822767,False,False
0.087657652805827324,933,2505,64,363,0.12656903765690378,0.85011709601873531,0.22033383915022764,0.27137870855148344,0.74204398447606723,False,False
0.087662129774431677,934,2504,64,363,0.12661318451342868,0.85011709601873531,0.22040072859744991,0.27166957533449682,0.7417852522639069,False,False
0.087694425081366101,934,2504,65,362,0.12630844382414516,0.84777517564402816,0.21986030974795021,0.27166957533449682,0.74152652005174646,False,False
0.087751980625233483,935,2503,65,362,0.12635253054101223,0.84777517564402816,0.21992709599027946,0.27196044211751019,0.74126778783958602,False,False
0.087780825609651433,936,2502,65,362,0.12639664804469275,0.84777517564402816,0.21999392281981162,0.27225130890052357,0.74100905562742558,False,False
0.087844156467553891,937,2501,65,362,0.12644079636744673,0.84777517564402816,0.22006079027355621,0.27254217568353695,0.74075032341526525,False,False
0.087851163609561883,938,2500,65,362,0.12648497554157931,0.84777517564402816,0.22012769838856794,0.27283304246655032,0.74049159120310482,False,False
0.087867705803589699,939,2499,65,362,0.12652918559944076,0.84777517564402816,0.22019464720194648,0.2731239092495637,0.74023285899094438,False,False
0.087879819441498613,940,2498,65,362,0.12657342657342657,0.84777517564402816,0.2202616367508366,0.27341477603257708,0.73997412677878394,False,False
0.087936281137688713,941,2497,65,362,0.12661769849597762,0.84777517564402816,0.22032866707242849,0.27370564281559046,0.7397153945666235,False,False
0.088002633881039613,942,2496,65,362,0.12666200139958012,0.84777517564402816,0.22039573820395739,0.27399650959860383,0.73945666235446317,False,False
0.088010754910669078,943,2495,65,362,0.12670633531676584,0.84777517564402816,0.22046285018270401,0.27428737638161721,0.73919793014230273,False,False
0.088104412393417972,944,2494,65,362,0.12675070028011204,0.84777517564402816,0.22053000304599452,0.27457824316463059,0.73893919793014229,False,False
0.08811324699235748,945,2493,65,362,0.12679509632224167,0.84777517564402816,0.22059719683120046,0.27486910994764396,0.73868046571798185,False,False
0.088201114684603898,946,2492,65,362,0.12683952347582342,0.84777517564402816,0.22066443157573915,0.27515997673065734,0.73842173350582152,False,False
0.088215889759158672,947,2491,65,362,0.12688398177357169,0.84777517564402816,0.22073170731707317,0.27545084351367072,0.73816300129366108,False,False
0.08821712693630003,948,2490,65,362,0.12692847124824685,0.84777517564402816,0.22079902409271121,0.27574171029668409,0.73790426908150064,False,False
0.088244882497566568,949,2489,65,362,0.12697299193265521,0.84777517564402816,0.22086638194020744,0.27603257707969747,0.7376455368693402,False,False
0.088256440856400165,949,2489,66,361,0.12666666666666668,0.84543325526932089,0.22032346658529145,0.27603257707969747,0.73738680465717987,False,False
0.088327127691703505,950,2488,66,361,0.12671112671112672,0.84543325526932089,0.22039072039072041,0.2763234438627109,0.73712807244501943,False,False
0.088449503149109363,951,2487,66,361,0.1267556179775281,0.84543325526932089,0.22045801526717559,0.27661431064572428,0.73686934023285899,False,False
0.088456400649752145,952,2486,66,361,0.12680014049877064,0.84543325526932089,0.22052535125229078,0.27690517742873766,0.73661060802069855,False,False
0.088457884507647161,953,2485,66,361,0.12684469430780043,0.84543325526932089,0.22059272838374583,0.27719604421175104,0.73635187580853811,False,False
0.088497614075755793,954,2484,66,361,0.12688927943760983,0.84543325526932089,0.22066014669926648,0.27748691099476441,0.73609314359637779,False,False
0.088532126936536296,955,2483,66,361,0.12693389592123769,0.84543325526932089,0.22072760623662488,0.27777777777777779,0.73583441138421735,False,False
0.088533982671039194,956,2482,66,361,0.12697854379176926,0.84543325526932089,0.22079510703363914,0.27806864456079117,0.73557567917205691,False,False
0.088539883409916767,957,2481,66,361,0.12702322308233638,0.84543325526932089,0.22086264912817374,0.27835951134380454,0.73531694695989647,False,False
0.088571698809121802,958,2480,66,361,0.12706793382611756,0.84543325526932089,0.22093023255813954,0.27865037812681792,0.73505821474773614,False,False
0.088579113353895983,959,2479,66,361,0.12711267605633803,0.84543325526932089,0.22099785736149374,0.2789412449098313,0.7347994825355757,False,False
0.088581354925970954,960,2478,66,361,0.12715744980626981,0.84543325526932089,0.22106552357624004,0.27923211169284468,0.73454075032341526,False,False
0.088583854991627548,961,2477,66,361,0.12720225510923186,0.84543325526932089,0.2211332312404288,0.27952297847585805,0.73428201811125482,False,False
0.088728707408966961,962,2476,66,361,0.12724709199859005,0.84543325526932089,0.22120098039215683,0.27981384525887143,0.73402328589909449,False,False
0.088740415148598498,963,2475,66,361,0.1272919605077574,0.84543325526932089,0.22126877106956788,0.28010471204188481,0.73376455368693405,False,False
0.088793762816869279,964,2474,66,361,0.12733686067019401,0.84543325526932089,0.22133660331085223,0.28039557882489818,0.73350582147477361,False,False
0.08882032124440814,964,2474,67,360,0.12702893436838392,0.84309133489461363,0.2207911683532659,0.28039557882489818,0.73324708926261317,False,False
0.088851191582383346,965,2473,67,360,0.12707377338510412,0.84309133489461363,0.22085889570552145,0.28068644560791156,0.73298835705045273,False,False
0.088866962974434791,966,2472,67,360,0.1271186440677966,0.84309133489461363,0.2209266646210494,0.28097731239092494,0.7327296248382924,False,False
0.088869380573560114,966,2472,68,359,0.12681031437654539,0.84074941451990637,0.2203806015960712,0.28097731239092494,0.73247089262613196,False,False
0.088890395413010165,967,2471,68,359,0.12685512367491167,0.84074941451990637,0.22044826527479275,0.28126817917393832,0.73221216041397152,False,False
0.088909536691213875,968,2470,68,359,0.12689996465182043,0.84074941451990637,0.22051597051597052,0.28155904595695169,0.73195342820181108,False,False
0.088930496806776616,969,2469,68,359,0.12694483734087694,0.84074941451990637,0.22058371735791091,0.28184991273996507,0.73169469598965076,False,False
0.088933555676149967,970,2468,68,359,0.12698974177573399,0.84074941451990637,0.22065150583896745,0.2821407795229785,0.73143596377749032,False,False
0.089018010975094458,971,2467,68,359,0.12703467799009199,0.84074941451990637,0.22071933599754073,0.28243164630599188,0.73117723156532988,False,False
0.089063678904845706,971,2467,69,358,0.12672566371681415,0.83840749414519911,0.22017220172201721,0.28243164630599188,0.73091849935316944,False,False
0.089075064264063836,972,2466,69,358,0.12677053824362605,0.83840749414519911,0.22023992617656105,0.28272251308900526,0.73065976714100911,False,False
0.089132850022324503,973,2465,69,358,0.12681544456252214,0.83840749414519911,0.22030769230769232,0.28301337987201863,0.73040103492884867,False,False
0.089197889833837307,974,2464,69,358,0.1268603827072998,0.83840749414519911,0.22037550015389351,0.28330424665503201,0.73014230271668823,False,False
0.089284678887552787,975,2463,69,358,0.12690535271180434,0.83840749414519911,0.22044334975369459,0.28359511343804539,0.72988357050452779,False,False
0.089294782667539915,976,2462,69,358,0.12695035460992907,0.83840749414519911,0.22051124114567289,0.28388598022105876,0.72962483829236735,False,False
0.089326853851913635,977,2461,69,358,0.12699538843561547,0.83840749414519911,0.22057917436845351,0.28417684700407214,0.72936610608020702,False,False
0.089333289005740932,978,2460,69,358,0.12704045422285309,0.83840749414519911,0.22064714946070876,0.28446771378708552,0.72910737386804658,False,False
0.089367507126623891,979,2459,69,358,0.12708555200567981,0.83840749414519911,0.22071516646115907,0.2847585805700989,0.72884864165588614,False,False
0.089392112968753046,980,2458,69,358,0.12713068181818182,0.83840749414519911,0.22078322540857231,0.28504944735311227,0.7285899094437257,False,False
0.089417587814603988,981,2457,69,358,0.12717584369449378,0.83840749414519911,0.22085132634176435,0.28534031413612565,0.72833117723156537,False,False
0.089418583218622838,981,2457,70,357,0.12686567164179105,0.83606557377049184,0.2203023758099352,0.28534031413612565,0.72807244501940493,False,False
0.089438113576096018,982,2456,70,357,0.1269107714184145,0.83606557377049184,0.22037037037037036,0.28563118091913903,0.7278137128072445,False,False
0.089481756866849074,982,2456,71,356,0.12660028449502134,0.83372365339578458,0.21982093238653905,0.28563118091913903,0.72755498059508406,False,False
0.089496108669651117,983,2455,71,356,0.12664532194948416,0.83372365339578458,0.21988882025941939,0.2859220477021524,0.72729624838292373,False,False
0.089522923883459962,984,2454,71,356,0.12669039145907474,0.83372365339578458,0.21995675007723201,0.28621291448516578,0.72703751617076329,False,False
0.089530790406806615,984,2454,72,355,0.12637949448202207,0.83138173302107732,0.21940667490729296,0.28621291448516578,0.72677878395860285,False,False
0.089563401589878758,985,2453,72,355,0.12642450142450143,0.83138173302107732,0.21947449768160743,0.28650378126817916,0.72652005174644241,False,False
0.089569135503032069,986,2452,72,355,0.12646954043462771,0.83138173302107732,0.21954236239950525,0.28679464805119254,0.72626131953428197,False,False
0.08966428880377468,987,2451,72,355,0.12651461154668567,0.83138173302107732,0.21961026909990722,0.28708551483420591,0.72600258732212164,False,False
0.089689984170430892,988,2450,72,355,0.12655971479500891,0.83138173302107732,0.21967821782178218,0.28737638161721929,0.7257438551099612,False,False
0.089700924510071556,989,2449,72,355,0.12660485021398002,0.83138173302107732,0.21974620860414731,0.28766724840023267,0.72548512289780076,False,False
0.089712614714576991,990,2448,72,355,0.12665001783803068,0.83138173302107732,0.2198142414860681,0.2879581151832461,0.72522639068564032,False,False
0.089768607768611675,991,2447,72,355,0.12669521770164169,0.83138173302107732,0.2198823165066584,0.28824898196625948,0.72496765847347999,False,False
0.089800662539983117,992,2446,72,355,0.1267404498393431,0.83138173302107732,0.21995043370508055,0.28853984874927285,0.72470892626131955,False,False
0.089818842879304028,993,2445,72,355,0.12678571428571428,0.83138173302107732,0.22001859312054539,0.28883071553228623,0.72445019404915911,False,False
0.089883491386306941,993,2445,73,354,0.12647374062165059,0.82903981264637006,0.21946683199008057,0.28883071553228623,0.72419146183699867,False,False
0.089902440055719193,994,2444,73,354,0.12651894210150108,0.82903981264637006,0.21953488372093025,0.28912158231529961,0.72393272962483834,False,False
0.089929900156885859,995,2443,73,354,0.12656417590275296,0.82903981264637006,0.21960297766749381,0.28941244909831298,0.72367399741267791,False,False
0.090046159576984405,996,2442,73,354,0.12660944206008584,0.82903981264637006,0.2196711138690661,0.28970331588132636,0.72341526520051747,False,False
0.090052240704222949,997,2441,73,354,0.12665474060822898,0.82903981264637006,0.21973929236499068,0.28999418266433974,0.72315653298835703,False,False
0.090063827365108887,998,2440,73,354,0.12670007158196134,0.82903981264637006,0.21980751319466005,0.29028504944735312,0.72289780077619659,False,False
0.09007278062990598,999,2439,73,354,0.12674543501611171,0.82903981264637006,0.21987577639751554,0.29057591623036649,0.72263906856403626,False,False
0.090088233894000766,1000,2438,73,354,0.12679083094555874,0.82903981264637006,0.21994408201304752,0.29086678301337987,0.72238033635187582,False,False
0.090129377690729567,1001,2437,73,354,0.12683625940523111,0.82903981264637006,0.22001243008079552,0.29115764979639325,0.72212160413971538,False,False
0.090194318025122011,1001,2437,74,353,0.12652329749103944,0.82669789227166279,0.21945912340690085,0.29115764979639325,0.72186287192755494,False,False
0.090250561107041979,1002,2436,74,353,0.12656866260308355,0.82669789227166279,0.21952736318407964,0.29144851657940662,0.72160413971539461,False,False
0.090262491681887533,1003,2435,74,353,0.12661406025824964,0.82669789227166279,0.21959564541213064,0.29173938336242,0.72134540750323417,False,False
0.09026443720815068,1004,2434,74,353,0.12665949049156799,0.82669789227166279,0.21966397013067829,0.29203025014543338,0.72108667529107373,False,False
0.090274874625729071,1005,2433,74,353,0.12670495333811918,0.82669789227166279,0.21973233737939624,0.29232111692844676,0.72082794307891329,False,False
0.090275207932715956,1006,2432,74,353,0.1267504488330341,0.82669789227166279,0.21980074719800746,0.29261198371146013,0.72056921086675296,False,False
0.090295792875073611,1007,2431,74,353,0.12679597701149425,0.82669789227166279,0.21986919962628465,0.29290285049447351,0.72031047865459252,False,False
0.090305683683960844,1008,2430,74,353,0.12684153790873159,0.82669789227166279,0.21993769470404989,0.29319371727748689,0.72005174644243208,False,False
0.090320860895530361,1009,2429,74,353,0.12688713156002876,0.82669789227166279,0.22000623247117482,0.29348458406050026,0.71979301423027164,False,False
0.090323990333343276,1010,2428,74,353,0.12693275800071915,0.82669789227166279,0.22007481296758102,0.2937754508435137,0.7195342820181112,False,False
0.090355802158852,1011,2427,74,353,0.12697841726618705,0.82669789227166279,0.22014343623323979,0.29406631762652707,0.71927554980595088,False,False
0.090456703868513955,1012,2426,74,353,0.12702410939186759,0.82669789227166279,0.22021210230817218,0.29435718440954045,0.71901681759379044,False,False
0.09053550381830329,1013,2425,74,353,0.12706983441324693,0.82669789227166279,0.22028081123244928,0.29464805119255383,0.71875808538163,False,False
0.090617374693034769,1013,2425,75,352,0.12675549153763055,0.82435597189695553,0.21972534332084898,0.29464805119255383,0.71849935316946956,False,False
0.090634577715282952,1014,2424,75,352,0.12680115273775217,0.82435597189695553,0.21979394317827039,0.29493891797556721,0.71824062095730923,False,False
0.090642972318140044,1015,2423,75,352,0.12684684684684686,0.82435597189695553,0.21986258588382263,0.29522978475858058,0.71798188874514879,False,False
0.090734921256190287,1016,2422,75,352,0.12689257390050468,0.82435597189695553,0.21993127147766323,0.29552065154159396,0.71772315653298835,False,False
0.09079762128419365,1017,2421,75,352,0.1269383339343671,0.82435597189695553,0.21999999999999997,0.29581151832460734,0.71746442432082791,False,False
0.09087055109353194,1018,2420,75,352,0.12698412698412698,0.82435597189695553,0.22006877149109094,0.29610238510762071,0.71720569210866758,False,False
0.090877953947707119,1019,2419,75,352,0.1270299530855287,0.82435597189695553,0.22013758599124453,0.29639325189063409,0.71694695989650714,False,False
0.09088193698907826,1020,2418,75,352,0.12707581227436823,0.82435597189695553,0.22020644354081953,0.29668411867364747,0.7166882276843467,False,False
0.090987096394728878,1020,2418,76,351,0.12676056338028169,0.82201405152224827,0.21964956195244054,0.29668411867364747,0.71642949547218626,False,False
0.091010751889089442,1021,2417,76,351,0.12680635838150289,0.82201405152224827,0.21971830985915494,0.29697498545666084,0.71617076326002582,False,False
0.091026431785396669,1022,2416,76,351,0.1268521864835562,0.82201405152224827,0.21978710081402628,0.29726585223967422,0.71591203104786549,False,False
0.091040847267437816,1023,2415,76,351,0.12689804772234273,0.82201405152224827,0.2198559348575008,0.2975567190226876,0.71565329883570505,False,False
0.091067708537642331,1024,2414,76,351,0.12694394213381555,0.82201405152224827,0.21992481203007519,0.29784758580570098,0.71539456662354461,False,False
0.091070059618737931,1025,2413,76,351,0.12698986975397974,0.82201405152224827,0.21999373237229708,0.29813845258871435,0.71513583441138417,False,False
0.091106123258939131,1026,2412,76,351,0.12703583061889251,0.82201405152224827,0.22006269592476488,0.29842931937172773,0.71487710219922385,False,False
0.09112332138526559,1027,2411,76,351,0.12708182476466329,0.82201405152224827,0.22013170272812793,0.29872018615474111,0.71461836998706341,False,False
0.091132681007801197,1028,2410,76,351,0.12712785222745382,0.82201405152224827,0.22020075282308657,0.29901105293775448,0.71435963777490297,False,False
0.091190113926291519,1029,2409,76,351,0.12717391304347825,0.82201405152224827,0.2202698462503922,0.29930191972076786,0.71410090556274253,False,False
0.091199696420070211,1030,2408,76,351,0.12722000724900326,0.82201405152224827,0.22033898305084745,0.29959278650378129,0.7138421733505822,False,False
0.091207792741084093,1031,2407,76,351,0.12726613488034808,0.82201405152224827,0.22040816326530613,0.29988365328679467,0.71358344113842176,False,False
0.091220577379616544,1032,2406,76,351,0.12731229597388466,0.82201405152224827,0.22047738693467339,0.30017452006980805,0.71332470892626132,False,False
0.091230732946662368,1033,2405,76,351,0.12735849056603774,0.82201405152224827,0.22054665409990573,0.30046538685282143,0.71306597671410088,False,False
0.09124971919348944,1034,2404,76,351,0.12740471869328493,0.82201405152224827,0.22061596480201132,0.3007562536358348,0.71280724450194044,False,False
0.091303500075768027,1035,2403,76,351,0.12745098039215685,0.82201405152224827,0.22068531908204966,0.30104712041884818,0.71254851228978011,False,False
0.091332985563358102,1036,2402,76,351,0.12749727569923719,0.82201405152224827,0.22075471698113205,0.30133798720186156,0.71228978007761967,False,False
0.091369061053648823,1037,2401,76,351,0.1275436046511628,0.82201405152224827,0.22082415854042153,0.30162885398487493,0.71203104786545923,False,False
0.091377647044067173,1038,2400,76,351,0.12758996728462377,0.82201405152224827,0.22089364380113277,0.30191972076788831,0.71177231565329879,False,False
0.091382588357442437,1039,2399,76,351,0.12763636363636363,0.82201405152224827,0.22096317280453256,0.30221058755090169,0.71151358344113846,False,False
0.091391636125487216,1040,2398,76,351,0.12768279374317934,0.82201405152224827,0.22103274559193956,0.30250145433391507,0.71125485122897802,False,False
0.091397930967300783,1041,2397,76,351,0.12772925764192139,0.82201405152224827,0.2211023622047244,0.30279232111692844,0.71099611901681758,False,False
0.091404430703910272,1042,2396,76,351,0.12777575536949398,0.82201405152224827,0.22117202268430999,0.30308318789994182,0.71073738680465715,False,False
0.091441676805741418,1043,2395,76,351,0.12782228696285505,0.82201405152224827,0.22124172707217146,0.3033740546829552,0.71047865459249682,False,False
0.091459232288457371,1044,2394,76,351,0.12786885245901639,0.82201405152224827,0.22131147540983606,0.30366492146596857,0.71021992238033638,False,False
0.091483214967792978,1044,2394,77,350,0.12755102040816327,0.81967213114754101,0.22075055187637971,0.30366492146596857,0.70996119016817594,False,False
0.091504179969138622,1045,2393,77,350,0.12759752096244986,0.81967213114754101,0.22082018927444796,0.30395578824898195,0.7097024579560155,False,False
0.09152418278493013,1046,2392,77,350,0.12764405543398979,0.81967213114754101,0.22088987062164719,0.30424665503199533,0.70944372574385506,False,False
0.091548050884834808,1047,2391,77,350,0.12769062385990515,0.81967213114754101,0.22095959595959597,0.3045375218150087,0.70918499353169473,False,False
0.091570573978812603,1048,2390,77,350,0.12773722627737227,0.81967213114754101,0.22102936532996528,0.30482838859802208,0.70892626131953429,False,False
0.09158685874649039,1049,2389,77,350,0.12778386272362177,0.81967213114754101,0.22109917877447885,0.30511925538103546,0.70866752910737385,False,False
0.09159155705061231,1050,2388,77,350,0.12783053323593865,0.81967213114754101,0.22116903633491314,0.30541012216404889,0.70840879689521341,False,False
0.091596903020250378,1051,2387,77,350,0.12787723785166241,0.81967213114754101,0.22123893805309736,0.30570098894706227,0.70815006468305308,False,False
0.091666833879013948,1052,2386,77,350,0.12792397660818713,0.81967213114754101,0.22130888397091369,0.30599185573007565,0.70789133247089264,False,False
0.091696100574722661,1053,2385,77,350,0.12797074954296161,0.81967213114754101,0.2213788741302973,0.30628272251308902,0.7076326002587322,False,False
0.091734620223645494,1054,2384,77,350,0.12801755669348938,0.81967213114754101,0.22144890857323632,0.3065735892961024,0.70737386804657176,False,False
0.091762166598348779,1055,2383,77,350,0.12806439809732895,0.81967213114754101,0.22151898734177217,0.30686445607911578,0.70711513583441143,False,False
0.091790676073634128,1056,2382,77,350,0.12811127379209369,0.81967213114754101,0.22158911047799934,0.30715532286212915,0.70685640362225099,False,False
0.091871908707967812,1057,2381,77,350,0.12815818381545221,0.81967213114754101,0.22165927802406588,0.30744618964514253,0.70659767141009056,False,False
0.091875781261971448,1058,2380,77,350,0.12820512820512819,0.81967213114754101,0.22172949002217293,0.30773705642815591,0.70633893919793012,False,False
0.091886131889254291,1059,2379,77,350,0.12825210699890069,0.81967213114754101,0.22179974651457543,0.30802792321116929,0.70608020698576968,False,False
0.09189768890064165,1060,2378,77,350,0.1282991202346041,0.81967213114754101,0.22187004754358161,0.30831878999418266,0.70582147477360935,False,False
0.092021356180608138,1061,2377,77,350,0.12834616795012835,0.81967213114754101,0.22194039315155359,0.30860965677719604,0.70556274256144891,False,False
0.092048808342939117,1062,2376,77,350,0.12839325018341893,0.81967213114754101,0.22201078338090707,0.30890052356020942,0.70530401034928847,False,False
0.092051685185549487,1063,2375,77,350,0.12844036697247707,0.81967213114754101,0.22208121827411167,0.30919139034322279,0.70504527813712803,False,False
0.092101286214919892,1064,2374,77,350,0.12848751835535976,0.81967213114754101,0.22215169787369091,0.30948225712623617,0.7047865459249677,False,False
0.092160983038234862,1065,2373,77,350,0.12853470437017994,0.81967213114754101,0.22222222222222224,0.30977312390924955,0.70452781371280726,False,False
0.092178051362198685,1066,2372,77,350,0.12858192505510654,0.81967213114754101,0.22229279136233726,0.31006399069226293,0.70426908150064682,False,False
0.092205908212113732,1067,2371,77,350,0.12862918044836458,0.81967213114754101,0.22236340533672175,0.3103548574752763,0.70401034928848638,False,False
0.092273169475621503,1068,2370,77,350,0.12867647058823528,0.81967213114754101,0.22243406418811565,0.31064572425828968,0.70375161707632605,False,False
0.092274150744738298,1069,2369,77,350,0.12872379551305627,0.81967213114754101,0.22250476795931343,0.31093659104130306,0.70349288486416561,False,False
0.092324753999412743,1069,2369,78,349,0.12840323767476086,0.81733021077283374,0.22193958664546903,0.31093659104130306,0.70323415265200517,False,False
0.092357942510308183,1070,2368,78,349,0.1284504968715495,0.81733021077283374,0.22201017811704832,0.31122745782431649,0.70297542043984473,False,False
0.092374094614637137,1071,2367,78,349,0.12849779086892488,0.81733021077283374,0.22208081450843142,0.31151832460732987,0.70271668822768429,False,False
0.09239437718228366,1072,2366,78,349,0.12854511970534069,0.81733021077283374,0.22215149586250796,0.31180919139034324,0.70245795601552397,False,False
0.092413330663992668,1072,2366,79,348,0.12822402358142962,0.81498829039812648,0.22158548233046801,0.31180919139034324,0.70219922380336353,False,False
0.092413879822605585,1073,2365,79,348,0.12827128639882049,0.81498829039812648,0.22165605095541402,0.31210005817335662,0.70194049159120309,False,False
0.092418525792983555,1074,2364,79,348,0.12831858407079647,0.81498829039812648,0.22172666454284803,0.31239092495637,0.70168175937904265,False,False
0.092421558156408498,1075,2363,79,348,0.1283659166359277,0.81498829039812648,0.22179732313575526,0.31268179173938337,0.70142302716688232,False,False
0.092434291422822376,1076,2362,79,348,0.12841328413284134,0.81498829039812648,0.22186802677717565,0.31297265852239675,0.70116429495472188,False,False
0.092447828860412529,1077,2361,79,348,0.12846068660022147,0.81498829039812648,0.22193877551020408,0.31326352530541013,0.70090556274256144,False,False
0.092454112698526769,1078,2360,79,348,0.12850812407680945,0.81498829039812648,0.22200956937799043,0.31355439208842351,0.700646830530401,False,False
0.092465832651138918,1079,2359,79,348,0.12855559660140375,0.81498829039812648,0.22208040842373958,0.31384525887143688,0.70038809831824067,False,False
0.092476051890228519,1080,2358,79,348,0.12860310421286031,0.81498829039812648,0.22215129269071177,0.31413612565445026,0.70012936610608023,False,False
0.092478114854013568,1081,2357,79,348,0.12865064695009243,0.81498829039812648,0.22222222222222224,0.31442699243746364,0.69987063389391979,False,False
0.092513872440941641,1082,2356,79,348,0.128698224852071,0.81498829039812648,0.22229319706164166,0.31471785922047701,0.69961190168175935,False,False
0.092520617303772534,1083,2355,79,348,0.12874583795782463,0.81498829039812648,0.22236421725239616,0.31500872600349039,0.69935316946959891,False,False
0.09258503148239923,1084,2354,79,348,0.12879348630643966,0.81498829039812648,0.22243528283796737,0.31529959278650377,0.69909443725743858,False,False
0.092600614546239857,1085,2353,79,348,0.12884116993706035,0.81498829039812648,0.22250639386189258,0.31559045956951715,0.69883570504527814,False,False
0.092640693967132856,1085,2353,80,347,0.12851851851851853,0.81264637002341922,0.22193795970578831,0.31559045956951715,0.6985769728331177,False,False
0.092660061937911473,1086,2352,80,347,0.12856613560577992,0.81264637002341922,0.22200895713371724,0.31588132635253052,0.69831824062095726,False,False
0.092680874135328731,1087,2351,80,347,0.12861378799110451,0.81264637002341922,0.22208,0.3161721931355439,0.69805950840879694,False,False
0.092688152500165558,1087,2351,81,346,0.12829069336299592,0.81030444964871196,0.22151088348271447,0.3161721931355439,0.6978007761966365,False,False
0.092688316744087548,1088,2350,81,346,0.12833827893175073,0.81030444964871196,0.22158181235991031,0.31646305991855728,0.69754204398447606,False,False
0.092696280264605913,1089,2349,81,346,0.12838589981447124,0.81030444964871196,0.22165278667520819,0.31675392670157065,0.69728331177231562,False,False
0.092696712679628257,1090,2348,81,346,0.12843355605048257,0.81030444964871196,0.22172380647228454,0.31704479348458409,0.69702457956015529,False,False
0.092700806145074588,1091,2347,81,346,0.12848124767916821,0.81030444964871196,0.22179487179487178,0.31733566026759746,0.69676584734799485,False,False
0.092710767443528783,1092,2346,81,346,0.12852897473997027,0.81030444964871196,0.22186598268675856,0.31762652705061084,0.69650711513583441,False,False
0.092905086234924453,1092,2346,82,345,0.12820512820512819,0.80796252927400469,0.22129570237331619,0.31762652705061084,0.69624838292367397,False,False
0.092995928543313344,1093,2345,82,345,0.12825278810408922,0.80796252927400469,0.22136669874879691,0.31791739383362422,0.69598965071151353,False,False
0.093010996341925556,1094,2344,82,345,0.12830048345109707,0.80796252927400469,0.22143774069319644,0.31820826061663759,0.6957309184993532,False,False
0.093023379574809106,1095,2343,82,345,0.12834821428571427,0.80796252927400469,0.22150882825040125,0.31849912739965097,0.69547218628719276,False,False
0.093047642270617126,1096,2342,82,345,0.12839598064756233,0.80796252927400469,0.22157996146435452,0.31878999418266435,0.69521345407503232,False,False
0.093080625204211953,1097,2341,82,345,0.12844378257632166,0.80796252927400469,0.22165114037905556,0.31908086096567773,0.69495472186287188,False,False
0.09309120571846774,1098,2340,82,345,0.12849162011173185,0.80796252927400469,0.22172236503856041,0.3193717277486911,0.69469598965071155,False,False
0.093120133647444162,1099,2339,82,345,0.12853949329359166,0.80796252927400469,0.22179363548698167,0.31966259453170448,0.69443725743855111,False,False
0.093128179205376929,1100,2338,82,345,0.12858740216175923,0.80796252927400469,0.22186495176848875,0.31995346131471786,0.69417852522639067,False,False
0.093172542895855137,1101,2337,82,345,0.12863534675615212,0.80796252927400469,0.22193631392730781,0.32024432809773123,0.69391979301423024,False,False
0.093174563948312875,1101,2337,83,344,0.12831033196568445,0.80562060889929743,0.22136422136422138,0.32024432809773123,0.69366106080206991,False,False
0.093199874964641397,1101,2337,84,343,0.12798507462686567,0.80327868852459017,0.22079176054071453,0.32024432809773123,0.69340232858990947,False,False
0.093224243567573445,1102,2336,84,343,0.1280328480776409,0.80327868852459017,0.2208628461043142,0.32053519488074461,0.69314359637774903,False,False
0.093239614041134705,1103,2335,84,343,0.12808065720687081,0.80327868852459017,0.22093397745571661,0.32082606166375799,0.69288486416558859,False,False
0.093272882338933175,1104,2334,84,343,0.12812850205453866,0.80327868852459017,0.22100515463917528,0.32111692844677137,0.69262613195342815,False,False
0.093302706067246582,1105,2333,84,343,0.12817638266068759,0.80327868852459017,0.22107637769900096,0.32140779522978474,0.69236739974126782,False,False
0.093310025819719977,1106,2332,84,343,0.12822429906542057,0.80327868852459017,0.22114764667956158,0.32169866201279812,0.69210866752910738,False,False
0.093312405267303972,1106,2332,85,342,0.12789827973074047,0.80093676814988291,0.22057400838439215,0.32169866201279812,0.69184993531694694,False,False
0.093327803785082916,1107,2331,85,342,0.12794612794612795,0.80093676814988291,0.22064516129032258,0.3219895287958115,0.6915912031047865,False,False
0.093328472138604235,1108,2330,85,342,0.1279940119760479,0.80093676814988291,0.22071636011616649,0.32228039557882487,0.69133247089262617,False,False
0.093380701007400563,1109,2329,85,342,0.12804193186072632,0.80093676814988291,0.22078760490639121,0.32257126236183825,0.69107373868046573,False,False
0.093439607295563443,1110,2328,85,342,0.12808988764044943,0.80093676814988291,0.22085889570552145,0.32286212914485168,0.69081500646830529,False,False
0.093467588019386746,1111,2327,85,342,0.12813787935556389,0.80093676814988291,0.22093023255813957,0.32315299592786506,0.69055627425614485,False,False
0.093481579337800491,1112,2326,85,342,0.12818590704647675,0.80093676814988291,0.22100161550888525,0.32344386271087844,0.69029754204398452,False,False
0.093484263010872162,1113,2325,85,342,0.12823397075365578,0.80093676814988291,0.22107304460245636,0.32373472949389182,0.69003880983182408,False,False
0.093518224203906999,1114,2324,85,342,0.12828207051762941,0.80093676814988291,0.22114451988360817,0.32402559627690519,0.68978007761966365,False,False
0.093518325926366344,1115,2323,85,342,0.12833020637898687,0.80093676814988291,0.22121604139715398,0.32431646305991857,0.68952134540750321,False,False
0.093631471074855269,1116,2322,85,342,0.12837837837837837,0.80093676814988291,0.22128760918796506,0.32460732984293195,0.68926261319534277,False,False
0.093740595864796786,1117,2321,85,342,0.1284265865565152,0.80093676814988291,0.22135922330097085,0.32489819662594532,0.68900388098318244,False,False
0.093804420018355414,1118,2320,85,342,0.12847483095416981,0.80093676814988291,0.22143088378115897,0.3251890634089587,0.688745148771022,False,False
0.093826731811086833,1119,2319,85,342,0.12852311161217586,0.80093676814988291,0.22150259067357511,0.32547993019197208,0.68848641655886156,False,False
0.093838936328132685,1120,2318,85,342,0.12857142857142856,0.80093676814988291,0.2215743440233236,0.32577079697498545,0.68822768434670112,False,False
0.093870094269714807,1121,2317,85,342,0.12861978187288453,0.80093676814988291,0.22164614387556705,0.32606166375799883,0.68796895213454079,False,False
0.093882248345487695,1121,2317,86,341,0.12829194883370956,0.79859484777517564,0.22106969205834684,0.32606166375799883,0.68771021992238035,False,False
0.093888865992116446,1122,2316,86,341,0.12834023334587882,0.79859484777517564,0.22114137483787291,0.32635253054101221,0.68745148771021991,False,False
0.093892750315427417,1123,2315,86,341,0.12838855421686746,0.79859484777517564,0.22121310411936423,0.32664339732402559,0.68719275549805947,False,False
0.093917774677213933,1124,2314,86,341,0.12843691148775896,0.79859484777517564,0.22128487994808568,0.32693426410703896,0.68693402328589914,False,False
0.093920009510024091,1125,2313,86,341,0.12848530519969856,0.79859484777517564,0.22135670236936059,0.32722513089005234,0.6866752910737387,False,False
0.093960731283068463,1126,2312,86,341,0.12853373539389371,0.79859484777517564,0.22142857142857145,0.32751599767306572,0.68641655886157826,False,False
0.093981713485938714,1127,2311,86,341,0.12858220211161386,0.79859484777517564,0.22150048717115944,0.32780686445607909,0.68615782664941782,False,False
0.094004065900695349,1128,2310,86,341,0.12863070539419086,0.79859484777517564,0.22157244964262504,0.32809773123909247,0.68589909443725738,False,False
0.094103657636359847,1129,2309,86,341,0.12867924528301886,0.79859484777517564,0.22164445888852777,0.32838859802210585,0.68564036222509706,False,False
0.094115627894673731,1130,2308,86,341,0.12872782181955456,0.79859484777517564,0.22171651495448635,0.32867946480511928,0.68538163001293662,False,False
0.094134115946306038,1131,2307,86,341,0.12877643504531722,0.79859484777517564,0.22178861788617887,0.32897033158813266,0.68512289780077618,False,False
0.094134191850319154,1132,2306,86,341,0.12882508500188894,0.79859484777517564,0.22186076772934291,0.32926119837114604,0.68486416558861574,False,False
0.094138756928592943,1133,2305,86,341,0.12887377173091458,0.79859484777517564,0.22193296452977546,0.32955206515415941,0.68460543337645541,False,False
0.094179139656694347,1134,2304,86,341,0.12892249527410207,0.79859484777517564,0.22200520833333334,0.32984293193717279,0.68434670116429497,False,False
0.09422023017052028,1135,2303,86,341,0.1289712556732224,0.79859484777517564,0.22207749918593292,0.33013379872018617,0.68408796895213453,False,False
0.094221082664117217,1135,2303,87,340,0.12864169504351117,0.79625292740046838,0.2214983713355049,0.33013379872018617,0.68382923673997409,False,False
0.09424971879453721,1136,2302,87,340,0.12869038607115821,0.79625292740046838,0.22157054415118929,0.33042466550319954,0.68357050452781376,False,False
0.094252821353514635,1137,2301,87,340,0.12873911397198032,0.79625292740046838,0.22164276401564537,0.33071553228621292,0.68331177231565332,False,False
0.094308812688262508,1138,2300,87,340,0.12878787878787878,0.79625292740046838,0.22171503097489403,0.3310063990692263,0.68305304010349288,False,False
0.094316621408420134,1139,2299,87,340,0.12883668056081848,0.79625292740046838,0.22178734507501627,0.33129726585223968,0.68279430789133244,False,False
0.094350001682742865,1140,2298,87,340,0.12888551933282791,0.79625292740046838,0.22185970636215335,0.33158813263525305,0.682535575679172,False,False
0.094400227263938458,1141,2297,87,340,0.12893439514599925,0.79625292740046838,0.22193211488250655,0.33187899941826643,0.68227684346701167,False,False
0.094405699295693965,1142,2296,87,340,0.12898330804248861,0.79625292740046838,0.22200457068233759,0.33216986620127981,0.68201811125485123,False,False
0.094424724296826815,1143,2295,87,340,0.12903225806451613,0.79625292740046838,0.22207707380796865,0.33246073298429318,0.68175937904269079,False,False
0.094435490299555711,1144,2294,87,340,0.12908124525436598,0.79625292740046838,0.22214962430578244,0.33275159976730656,0.68150064683053035,False,False
0.094439220924362813,1145,2293,87,340,0.12913026965438662,0.79625292740046838,0.22222222222222221,0.33304246655031994,0.68124191461837003,False,False
0.09447050847817863,1146,2292,87,340,0.12917933130699089,0.79625292740046838,0.22229486760379211,0.33333333333333331,0.68098318240620959,False,False
0.094478107390473673,1147,2291,87,340,0.12922843025465602,0.79625292740046838,0.22236756049705692,0.33362420011634669,0.68072445019404915,False,False
0.094486762297175078,1148,2290,87,340,0.12927756653992395,0.79625292740046838,0.22244030094864245,0.33391506689936007,0.68046571798188871,False,False
0.094529126804599073,1149,2289,87,340,0.1293267402054013,0.79625292740046838,0.22251308900523564,0.33420593368237345,0.68020698576972838,False,False
0.094540785444060207,1150,2288,87,340,0.12937595129375951,0.79625292740046838,0.22258592471358427,0.33449680046538688,0.67994825355756794,False,False
0.094568120614497153,1151,2287,87,340,0.12942519984773507,0.79625292740046838,0.22265880812049771,0.33478766724840026,0.6796895213454075,False,False
0.094619949051258728,1152,2286,87,340,0.12947448591012947,0.79625292740046838,0.22273173927284637,0.33507853403141363,0.67943078913324706,False,False
0.094641003709522623,1153,2285,87,340,0.12952380952380951,0.79625292740046838,0.22280471821756226,0.33536940081442701,0.67917205692108662,False,False
0.094646878378485996,1154,2284,87,340,0.12957317073170732,0.79625292740046838,0.22287774500163879,0.33566026759744039,0.67891332470892629,False,False
0.094654081917900423,1155,2283,87,340,0.12962256957682045,0.79625292740046838,0.22295081967213115,0.33595113438045376,0.67865459249676585,False,False
0.094659565762344758,1156,2282,87,340,0.12967200610221205,0.79625292740046838,0.2230239422761561,0.33624200116346714,0.67839586028460541,False,False
0.094674014923092395,1157,2281,87,340,0.12972148035101105,0.79625292740046838,0.22309711286089237,0.33653286794648052,0.67813712807244497,False,False
0.094708164828519389,1158,2280,87,340,0.12977099236641221,0.79625292740046838,0.22317033147358054,0.3368237347294939,0.67787839586028464,False,False
0.094759581079968375,1159,2279,87,340,0.12982054219167621,0.79625292740046838,0.22324359816152328,0.33711460151250727,0.6776196636481242,False,False
0.094766934722828294,1160,2278,87,340,0.12987012987012986,0.79625292740046838,0.22331691297208536,0.33740546829552065,0.67736093143596376,False,False
0.094782401534333607,1161,2277,87,340,0.12991975544516621,0.79625292740046838,0.22339027595269381,0.33769633507853403,0.67710219922380332,False,False
0.094798012390845982,1162,2276,87,340,0.12996941896024464,0.79625292740046838,0.22346368715083798,0.3379872018615474,0.676843467011643,False,False
0.09480533618402949,1163,2275,87,340,0.13001912045889102,0.79625292740046838,0.22353714661406973,0.33827806864456078,0.67658473479948256,False,False
0.094833713965581129,1164,2274,87,340,0.13006885998469778,0.79625292740046838,0.2236106543900033,0.33856893542757416,0.67632600258732212,False,False
0.094857662128345496,1165,2273,87,340,0.13011863758132414,0.79625292740046838,0.22368421052631576,0.33885980221058754,0.67606727037516168,False,False
0.094878268771305299,1166,2272,87,340,0.13016845329249618,0.79625292740046838,0.22375781507074696,0.33915066899360091,0.67580853816300135,False,False
0.094880772385238232,1167,2271,87,340,0.13021830716200689,0.79625292740046838,0.22383146807109941,0.33944153577661429,0.67554980595084091,False,False
0.094910050191424025,1168,2270,87,340,0.13026819923371646,0.79625292740046838,0.22390516957523871,0.33973240255962767,0.67529107373868047,False,False
0.094915027665939525,1169,2269,87,340,0.13031812955155231,0.79625292740046838,0.22397891963109354,0.34002326934264104,0.67503234152652003,False,False
0.09492078796935903,1169,2269,88,339,0.12998466257668712,0.79391100702576112,0.22339373970345963,0.34002326934264104,0.67477360931435959,False,False
0.094954302083432945,1170,2268,88,339,0.13003452243958574,0.79391100702576112,0.22346736980883325,0.34031413612565448,0.67451487710219926,False,False
0.09495559219164923,1171,2267,88,339,0.13008442056792019,0.79391100702576112,0.22354104846686454,0.34060500290866785,0.67425614489003882,False,False
0.094966201662422742,1172,2266,88,339,0.13013435700575815,0.79391100702576112,0.22361477572559366,0.34089586969168123,0.67399741267787838,False,False
0.094972814327949975,1173,2265,88,339,0.13018433179723501,0.79391100702576112,0.22368855163312437,0.34118673647469461,0.67373868046571794,False,False
0.094995722072490213,1174,2264,88,339,0.13023434498655398,0.79391100702576112,0.22376237623762379,0.34147760325770798,0.67347994825355761,False,False
0.095006749217560749,1174,2264,89,338,0.1299000768639508,0.79156908665105385,0.22317596566523604,0.34147760325770798,0.67322121604139717,False,False
0.09501706158917142,1175,2263,89,338,0.12995001922337562,0.79156908665105385,0.22324966974900926,0.34176847004072136,0.67296248382923674,False,False
0.09502919562228726,1176,2262,89,338,0.13,0.79156908665105385,0.22332342253055831,0.34205933682373474,0.6727037516170763,False,False
0.095033621462847398,1177,2261,89,338,0.13005001923816853,0.79156908665105385,0.22339722405816259,0.34235020360674812,0.67244501940491597,False,False
0.095034229366248807,1178,2260,89,338,0.13010007698229406,0.79156908665105385,0.22347107438016528,0.34264107038976149,0.67218628719275553,False,False
0.095045464339400615,1178,2260,90,337,0.12976511359260687,0.78922716627634659,0.22288359788359791,0.34264107038976149,0.67192755498059509,False,False
0.095068375674877414,1178,2260,91,336,0.12942989214175654,0.78688524590163933,0.22229573271584518,0.34264107038976149,0.67166882276843465,False,False
0.09507359781490328,1179,2259,91,336,0.12947976878612716,0.78688524590163933,0.22236929185969556,0.34293193717277487,0.67141009055627421,False,False
0.095091726250099443,1180,2258,91,336,0.12952968388589051,0.78688524590163933,0.22244289970208539,0.34322280395578825,0.67115135834411388,False,False
0.095136901809052044,1181,2257,91,336,0.129579637485538,0.78688524590163933,0.22251655629139072,0.34351367073880162,0.67089262613195344,False,False
0.095156193807625522,1182,2256,91,336,0.12962962962962962,0.78688524590163933,0.22259026167605164,0.343804537521815,0.670633893919793,False,False
0.095180060850857659,1183,2255,91,336,0.1296796603627943,0.78688524590163933,0.22266401590457255,0.34409540430482838,0.67037516170763256,False,False
0.095296061825517087,1184,2254,91,336,0.12972972972972974,0.78688524590163933,0.22273781902552203,0.34438627108784176,0.67011642949547223,False,False
0.095297492345448251,1185,2253,91,336,0.12977983777520277,0.78688524590163933,0.22281167108753314,0.34467713787085513,0.66985769728331179,False,False
0.095300514889575874,1186,2252,91,336,0.12982998454404945,0.78688524590163933,0.22288557213930346,0.34496800465386851,0.66959896507115135,False,False
0.095316580141585117,1187,2251,91,336,0.12988017008117511,0.78688524590163933,0.22295952222959523,0.34525887143688189,0.66934023285899091,False,False
0.095352841802874205,1188,2250,91,336,0.12993039443155452,0.78688524590163933,0.22303352140723531,0.34554973821989526,0.66908150064683058,False,False
0.095405914277280193,1189,2249,91,336,0.12998065764023212,0.78688524590163933,0.22310756972111556,0.34584060500290864,0.66882276843467015,False,False
0.095421157957157332,1190,2248,91,336,0.13003095975232198,0.78688524590163933,0.22318166722019264,0.34613147178592207,0.66856403622250971,False,False
0.095432555010098355,1190,2248,92,335,0.12969415408439799,0.78454332552693207,0.22259136212624586,0.34613147178592207,0.66830530401034927,False,False
0.09545136435463579,1191,2247,92,335,0.1297443841982959,0.78454332552693207,0.22266533732136923,0.34642233856893545,0.66804657179818883,False,False
0.095479327071561024,1192,2246,92,335,0.12979465323518016,0.78454332552693207,0.22273936170212766,0.34671320535194883,0.6677878395860285,False,False
0.095479988006516109,1193,2245,92,335,0.12984496124031009,0.78454332552693207,0.22281343531759229,0.3470040721349622,0.66752910737386806,False,False
0.095591752967308014,1194,2244,92,335,0.12989530825901513,0.78454332552693207,0.22288755821689954,0.34729493891797558,0.66727037516170762,False,False
0.095659195663782073,1195,2243,92,335,0.12994569433669512,0.78454332552693207,0.22296173044925124,0.34758580570098896,0.66701164294954718,False,False
0.095719220843476061,1196,2242,92,335,0.12999611951882034,0.78454332552693207,0.22303595206391477,0.34787667248400234,0.66675291073738685,False,False
0.095740001441450936,1197,2241,92,335,0.13004658385093168,0.78454332552693207,0.2231102231102231,0.34816753926701571,0.66649417852522641,False,False
0.09575232812984355,1198,2240,92,335,0.13009708737864079,0.78454332552693207,0.22318454363757498,0.34845840605002909,0.66623544631306597,False,False
0.095753977871998519,1198,2240,93,334,0.12975912975912976,0.7822014051522248,0.22259246917694103,0.34845840605002909,0.66597671410090553,False,False
0.095763408337705719,1198,2240,94,333,0.12942090944422852,0.77985948477751754,0.222,0.34845840605002909,0.6657179818887452,False,False
0.095764515541480494,1199,2239,94,333,0.12947122861586313,0.77985948477751754,0.22207402467489162,0.34874927283304247,0.66545924967658476,False,False
0.095830472657353574,1200,2238,94,333,0.1295215869311552,0.77985948477751754,0.22214809873248834,0.34904013961605584,0.66520051746442432,False,False
0.095830827258023263,1201,2237,94,333,0.12957198443579768,0.77985948477751754,0.22222222222222224,0.34933100639906922,0.66494178525226388,False,False
0.09589418007767099,1201,2237,95,332,0.12923316465550799,0.77751756440281028,0.22162883845126838,0.34933100639906922,0.66468305304010344,False,False
0.095898111475737485,1202,2236,95,332,0.1292834890965732,0.77751756440281028,0.22170283806343907,0.3496218731820826,0.66442432082794312,False,False
0.095941899715872317,1203,2235,95,332,0.12933385274639658,0.77751756440281028,0.22177688710754845,0.34991273996509598,0.66416558861578268,False,False
0.095950294509241391,1204,2234,95,332,0.1293842556508184,0.77751756440281028,0.22185098563314398,0.35020360674810935,0.66390685640362224,False,False
0.09596267067052984,1205,2233,95,332,0.12943469785575049,0.77751756440281028,0.22192513368983957,0.35049447353112273,0.6636481241914618,False,False
0.095965083900801273,1206,2232,95,332,0.1294851794071763,0.77751756440281028,0.22199933132731528,0.35078534031413611,0.66338939197930147,False,False
0.095993044014708206,1207,2231,95,332,0.129535700351151,0.77751756440281028,0.22207357859531773,0.35107620709714948,0.66313065976714103,False,False
0.095997462504918404,1208,2230,95,332,0.12958626073380172,0.77751756440281028,0.22214787554366008,0.35136707388016286,0.66287192755498059,False,False
0.096087116026427971,1209,2229,95,332,0.12963686060132762,0.77751756440281028,0.22222222222222224,0.35165794066317624,0.66261319534282015,False,False
0.096105977097854026,1210,2228,95,332,0.12968750000000001,0.77751756440281028,0.22229661868095082,0.35194880744618967,0.66235446313065982,False,False
0.096117332382292253,1211,2227,95,332,0.12973817897616258,0.77751756440281028,0.22237106496985937,0.35223967422920305,0.66209573091849938,False,False
0.09612230309871965,1212,2226,95,332,0.12978889757623144,0.77751756440281028,0.2224455611390285,0.35253054101221643,0.66183699870633894,False,False
0.096124524008884923,1213,2225,95,332,0.12983965584669535,0.77751756440281028,0.22252010723860591,0.3528214077952298,0.6615782664941785,False,False
0.096132022394105912,1214,2224,95,332,0.12989045383411579,0.77751756440281028,0.22259470331880654,0.35311227457824318,0.66131953428201806,False,False
0.096146199605462349,1215,2223,95,332,0.12994129158512721,0.77751756440281028,0.22266934942991282,0.35340314136125656,0.66106080206985773,False,False
0.096147451214726204,1215,2223,96,331,0.12960062646828505,0.77517564402810302,0.22207312982220731,0.35340314136125656,0.66080206985769729,False,False
0.096229822986980282,1216,2222,96,331,0.12965139052095573,0.77517564402810302,0.22214765100671138,0.35369400814426993,0.66054333764553685,False,False
0.09626606690187324,1217,2221,96,331,0.12970219435736677,0.77517564402810302,0.22222222222222224,0.35398487492728331,0.66028460543337641,False,False
0.096275561053007219,1218,2220,96,331,0.12975303802430418,0.77517564402810302,0.22229684351914036,0.35427574171029669,0.66002587322121609,False,False
0.09630443156955,1218,2220,97,330,0.12941176470588237,0.77283372365339575,0.22169969768223047,0.35427574171029669,0.65976714100905565,False,False
0.096308765226299442,1219,2219,97,330,0.12946253432718713,0.77283372365339575,0.22177419354838709,0.35456660849331006,0.65950840879689521,False,False
0.096337434769069197,1220,2218,97,330,0.12951334379905807,0.77283372365339575,0.22184873949579828,0.35485747527632344,0.65924967658473477,False,False
0.096343241615734113,1221,2217,97,330,0.12956419316843346,0.77283372365339575,0.2219233355749832,0.35514834205933682,0.65899094437257444,False,False
0.096345325173494673,1222,2216,97,330,0.12961508248232523,0.77283372365339575,0.22199798183652877,0.3554392088423502,0.658732212160414,False,False
0.096349534296171865,1223,2215,97,330,0.12966601178781925,0.77283372365339575,0.22207267833109018,0.35573007562536357,0.65847347994825356,False,False
0.096374059940296672,1224,2214,97,330,0.12971698113207547,0.77283372365339575,0.22214742510939076,0.35602094240837695,0.65821474773609312,False,False
0.096382749169069068,1225,2213,97,330,0.12976799056232796,0.77283372365339575,0.22222222222222224,0.35631180919139033,0.65795601552393268,False,False
0.096402571071148524,1225,2213,98,329,0.12942564909520063,0.77049180327868849,0.22162344223644326,0.35631180919139033,0.65769728331177235,False,False
0.096430323320277914,1226,2212,98,329,0.12947658402203857,0.77049180327868849,0.22169811320754718,0.3566026759744037,0.65743855109961191,False,False
0.096446096595071307,1227,2211,98,329,0.12952755905511812,0.77049180327868849,0.22177283451297608,0.35689354275741708,0.65717981888745147,False,False
0.096482483208892161,1228,2210,98,329,0.1295785742418275,0.77049180327868849,0.22184760620364127,0.35718440954043046,0.65692108667529103,False,False
0.096489243839039465,1229,2209,98,329,0.12962962962962962,0.77049180327868849,0.22192242833052273,0.35747527632344384,0.6566623544631307,False,False
0.096535475768348561,1230,2208,98,329,0.12968072526606228,0.77049180327868849,0.22199730094466935,0.35776614310645727,0.65640362225097026,False,False
0.096575337950853421,1231,2207,98,329,0.12973186119873817,0.77049180327868849,0.22207222409719879,0.35805700988947065,0.65614489003880982,False,False
0.096598058797415662,1232,2206,98,329,0.12978303747534517,0.77049180327868849,0.22214719783929779,0.35834787667248402,0.65588615782664939,False,False
0.096616165205674967,1233,2205,98,329,0.12983425414364641,0.77049180327868849,0.22222222222222224,0.3586387434554974,0.65562742561448906,False,False
0.096618788637067646,1234,2204,98,329,0.12988551125148046,0.77049180327868849,0.22229729729729727,0.35892961023851078,0.65536869340232862,False,False
0.096649123535123629,1235,2203,98,329,0.12993680884676145,0.77049180327868849,0.22237242311591757,0.35922047702152415,0.65510996119016818,False,False
0.096668251439699315,1236,2202,98,329,0.12998814697747926,0.77049180327868849,0.222447599729547,0.35951134380453753,0.65485122897800774,False,False
0.096718085722177466,1237,2201,98,329,0.1300395256916996,0.77049180327868849,0.2225228271897193,0.35980221058755091,0.6545924967658473,False,False
0.096734835531445601,1238,2200,98,329,0.13009094503756424,0.77049180327868849,0.22259810554803788,0.36009307737056429,0.65433376455368697,False,False
0.096781361152785933,1239,2199,98,329,0.13014240506329114,0.77049180327868849,0.22267343485617599,0.36038394415357766,0.65407503234152653,False,False
0.096797881285770618,1240,2198,98,329,0.13019390581717452,0.77049180327868849,0.2227488151658768,0.36067481093659104,0.65381630012936609,False,False
0.096816835193015399,1241,2197,98,329,0.13024544734758511,0.77049180327868849,0.22282424652895358,0.36096567771960442,0.65355756791720565,False,False
0.096826393980999015,1242,2196,98,329,0.1302970297029703,0.77049180327868849,0.22289972899728996,0.36125654450261779,0.65329883570504532,False,False
0.096855675642342612,1243,2195,98,329,0.13034865293185419,0.77049180327868849,0.2229752626228397,0.36154741128563117,0.65304010349288488,False,False
0.096857136948689707,1243,2195,99,328,0.13000396353547364,0.76814988290398123,0.22237288135593219,0.36154741128563117,0.65278137128072444,False,False
0.096862778996633689,1244,2194,99,328,0.13005551149881048,0.76814988290398123,0.22244828755510343,0.36183827806864455,0.652522639068564,False,False
0.096877448581614831,1244,2194,100,327,0.12971043236810789,0.76580796252927397,0.22184531886024422,0.36183827806864455,0.65226390685640367,False,False
0.096970133452203205,1245,2193,100,327,0.12976190476190477,0.76580796252927397,0.22192059721750937,0.36212914485165792,0.65200517464424323,False,False
0.096977668695551897,1246,2192,100,327,0.12981341802302501,0.76580796252927397,0.2219959266802444,0.3624200116346713,0.6517464424320828,False,False
0.096987198961947282,1247,2191,100,327,0.12986497220015886,0.76580796252927397,0.22207130730050934,0.36271087841768468,0.65148771021992236,False,False
0.097003274994323554,1247,2191,101,326,0.12951926897099722,0.7634660421545667,0.22146739130434784,0.36271087841768468,0.65122897800776192,False,False
0.097039772058703011,1248,2190,101,326,0.12957074721780604,0.7634660421545667,0.22154264356099215,0.36300174520069806,0.65097024579560159,False,False
0.097050314440022253,1249,2189,101,326,0.12962226640159047,0.7634660421545667,0.22161794697484705,0.36329261198371143,0.65071151358344115,False,False
0.097110962639853318,1250,2188,101,326,0.12967382657120127,0.7634660421545667,0.22169330159809586,0.36358347876672487,0.65045278137128071,False,False
0.097137832416415257,1251,2187,101,326,0.12972542777556706,0.7634660421545667,0.22176870748299318,0.36387434554973824,0.65019404915912027,False,False
0.097143986110482347,1252,2186,101,326,0.12977707006369427,0.7634660421545667,0.22184416468186458,0.36416521233275162,0.64993531694695994,False,False
0.097172277468022372,1253,2185,101,326,0.12982875348466746,0.7634660421545667,0.22191967324710687,0.364456079115765,0.6496765847347995,False,False
0.097218892364570542,1254,2184,101,326,0.12988047808764941,0.7634660421545667,0.2219952332311883,0.36474694589877837,0.64941785252263906,False,False
0.09728681785421267,1255,2183,101,326,0.12993224392188124,0.7634660421545667,0.22207084468664851,0.36503781268179175,0.64915912031047862,False,False
0.09730683064928955,1256,2182,101,326,0.12998405103668262,0.7634660421545667,0.22214650766609878,0.36532867946480513,0.64890038809831829,False,False
0.09732574149173559,1256,2182,102,325,0.12963701635420821,0.76112412177985944,0.22154055896387184,0.36532867946480513,0.64864165588615785,False,False
0.097338102418770653,1257,2181,102,325,0.12968874700718275,0.76112412177985944,0.22161609273781108,0.36561954624781851,0.64838292367399741,False,False
0.097345092675274289,1258,2180,102,325,0.12974051896207583,0.76112412177985944,0.22169167803547063,0.36591041303083188,0.64812419146183697,False,False
0.097347373683567023,1259,2179,102,325,0.12979233226837061,0.76112412177985944,0.22176731490958718,0.36620127981384526,0.64786545924967653,False,False
0.097361221589737465,1260,2178,102,325,0.12984418697562924,0.76112412177985944,0.22184300341296928,0.36649214659685864,0.64760672703751621,False,False
0.09744367713364506,1261,2177,102,325,0.12989608313349321,0.76112412177985944,0.22191874359849778,0.36678301337987201,0.64734799482535577,False,False
0.097505357928912503,1262,2176,102,325,0.12994802079168333,0.76112412177985944,0.22199453551912568,0.36707388016288539,0.64708926261319533,False,False
0.097505937160164244,1263,2175,102,325,0.13,0.76112412177985944,0.22207037922787837,0.36736474694589877,0.64683053040103489,False,False
0.097512932364762384,1264,2174,102,325,0.13005202080832334,0.76112412177985944,0.22214627477785373,0.36765561372891215,0.64657179818887456,False,False
0.097523141742059311,1265,2173,102,325,0.1301040832666133,0.76112412177985944,0.22222222222222224,0.36794648051192552,0.64631306597671412,False,False
0.097549346646150101,1266,2172,102,325,0.13015618742490989,0.76112412177985944,0.2222982216142271,0.3682373472949389,0.64605433376455368,False,False
0.09755957203017504,1267,2171,102,325,0.13020833333333334,0.76112412177985944,0.2223742730071844,0.36852821407795228,0.64579560155239324,False,False
0.097571571487968065,1268,2170,102,325,0.13026052104208416,0.76112412177985944,0.22245037645448321,0.36881908086096565,0.64553686934023291,False,False
0.097571690899118324,1269,2169,102,325,0.13031275060144346,0.76112412177985944,0.22252653200958575,0.36910994764397903,0.64527813712807247,False,False
0.097572851065534927,1270,2168,102,325,0.13036502206177297,0.76112412177985944,0.22260273972602743,0.36940081442699246,0.64501940491591203,False,False
0.097575237885801788,1271,2167,102,325,0.13041733547351525,0.76112412177985944,0.22267899965741694,0.36969168121000584,0.64476067270375159,False,False
0.09761662694165818,1272,2166,102,325,0.1304696908871939,0.76112412177985944,0.22275531185743661,0.36998254799301922,0.64450194049159115,False,False
0.097638139543459346,1273,2165,102,325,0.13052208835341367,0.76112412177985944,0.2228316763798423,0.37027341477603259,0.64424320827943082,False,False
0.097662835127386299,1274,2164,102,325,0.13057452792286059,0.76112412177985944,0.22290809327846364,0.37056428155904597,0.64398447606727038,False,False
0.097667042041131885,1275,2163,102,325,0.13062700964630225,0.76112412177985944,0.22298456260720412,0.37085514834205935,0.64372574385510994,False,False
0.097669148929269076,1276,2162,102,325,0.13067953357458786,0.76112412177985944,0.22306108442004122,0.37114601512507273,0.6434670116429495,False,False
0.097684204675163047,1276,2162,103,324,0.13032984714400644,0.75878220140515218,0.22245108135942329,0.37114601512507273,0.64320827943078918,False,False
0.097715492873094598,1277,2161,103,324,0.13038229376257546,0.75878220140515218,0.22252747252747251,0.3714368819080861,0.64294954721862874,False,False
0.09773844021153813,1278,2160,103,324,0.13043478260869565,0.75878220140515218,0.22260391618000686,0.37172774869109948,0.6426908150064683,False,False
0.097742027323108813,1279,2159,103,324,0.13048731373338704,0.75878220140515218,0.22268041237113401,0.37201861547411286,0.64243208279430786,False,False
0.097742537530463885,1280,2158,103,324,0.13053988718775181,0.75878220140515218,0.22275696115503607,0.37230948225712623,0.64217335058214753,False,False
0.097757345152362438,1281,2157,103,324,0.13059250302297462,0.75878220140515218,0.22283356258596976,0.37260034904013961,0.64191461836998709,False,False
0.097802964209640061,1282,2156,103,324,0.13064516129032258,0.75878220140515218,0.22291021671826625,0.37289121582315299,0.64165588615782665,False,False
0.097850097379249892,1283,2155,103,324,0.13069786204114561,0.75878220140515218,0.22298692360633168,0.37318208260616637,0.64139715394566621,False,False
0.097863976029414851,1284,2154,103,324,0.13075060532687652,0.75878220140515218,0.22306368330464715,0.37347294938917974,0.64113842173350577,False,False
0.097898420246265494,1285,2153,103,324,0.13080339119903109,0.75878220140515218,0.2231404958677686,0.37376381617219312,0.64087968952134544,False,False
0.09791960301563829,1286,2152,103,324,0.13085621970920841,0.75878220140515218,0.22321736135032724,0.3740546829552065,0.640620957309185,False,False
0.097922382538295424,1287,2151,103,324,0.13090909090909092,0.75878220140515218,0.22329427980702965,0.37434554973821987,0.64036222509702456,False,False
0.097977831632340251,1288,2150,103,324,0.13096200485044462,0.75878220140515218,0.22337125129265772,0.37463641652123325,0.64010349288486412,False,False
0.09809413226344256,1288,2150,104,323,0.13061059441973311,0.75644028103044492,0.22275862068965516,0.37463641652123325,0.63984476067270379,False,False
0.098115459353627227,1288,2150,105,322,0.13025889967637541,0.75409836065573765,0.22214556743704728,0.37463641652123325,0.63958602846054335,False,False
0.098145010075680938,1289,2149,105,322,0.13031161473087818,0.75409836065573765,0.22222222222222221,0.37492728330424663,0.63932729624838291,False,False
0.098160752431808163,1289,2149,106,321,0.12995951417004048,0.75175644028103039,0.22160856057991024,0.37492728330424663,0.63906856403622248,False,False
0.098177748706435669,1290,2148,106,321,0.13001215066828675,0.75175644028103039,0.22168508287292815,0.37521815008726006,0.63880983182406215,False,False
0.098297473302299973,1291,2147,106,321,0.13006482982171799,0.75175644028103039,0.2217616580310881,0.37550901687027344,0.63855109961190171,False,False
0.098320985604162109,1292,2146,106,321,0.1301175516822051,0.75175644028103039,0.2218382861091914,0.37579988365328681,0.63829236739974127,False,False
0.098345652232585512,1293,2145,106,321,0.13017031630170317,0.75175644028103039,0.22191496716211548,0.37609075043630019,0.63803363518758083,False,False
0.098405765288538671,1294,2144,106,321,0.13022312373225153,0.75175644028103039,0.22199170124481329,0.37638161721931357,0.63777490297542039,False,False
0.098414051612137551,1295,2143,106,321,0.13027597402597402,0.75175644028103039,0.22206848841231405,0.37667248400232695,0.63751617076326006,False,False
0.098417003650442675,1296,2142,106,321,0.13032886723507917,0.75175644028103039,0.22214532871972315,0.37696335078534032,0.63725743855109962,False,False
0.098419539414467211,1297,2141,106,321,0.13038180341186029,0.75175644028103039,0.22222222222222224,0.3772542175683537,0.63699870633893918,False,False
0.098474134063874966,1298,2140,106,321,0.13043478260869565,0.75175644028103039,0.22229916897506924,0.37754508435136708,0.63673997412677874,False,False
0.098477084675351531,1299,2139,106,321,0.13048780487804879,0.75175644028103039,0.22237616903359891,0.37783595113438045,0.63648124191461841,False,False
0.098538592954998477,1300,2138,106,321,0.1305408702724685,0.75175644028103039,0.22245322245322247,0.37812681791739383,0.63622250970245797,False,False
0.098565882490292286,1301,2137,106,321,0.13059397884458909,0.75175644028103039,0.22253032928942806,0.37841768470040721,0.63596377749029753,False,False
0.09857197494869048,1302,2136,106,321,0.13064713064713065,0.75175644028103039,0.2226074895977809,0.37870855148342059,0.63570504527813709,False,False
0.098576543089886864,1303,2135,106,321,0.13070032573289903,0.75175644028103039,0.22268470343392299,0.37899941826643396,0.63544631306597676,False,False
0.098594643305429122,1304,2134,106,321,0.13075356415478614,0.75175644028103039,0.22276197085357391,0.37929028504944734,0.63518758085381632,False,False
0.09859944816279162,1305,2133,106,321,0.13080684596577016,0.75175644028103039,0.22283929191253035,0.37958115183246072,0.63492884864165589,False,False
0.0986029713083727,1306,2132,106,321,0.13086017121891561,0.75175644028103039,0.22291666666666668,0.37987201861547409,0.63467011642949545,False,False
0.098620012913566965,1307,2131,106,321,0.13091353996737357,0.75175644028103039,0.22299409517193469,0.38016288539848747,0.63441138421733501,False,False
0.098631548752189421,1308,2130,106,321,0.13096695226438188,0.75175644028103039,0.2230715774843641,0.38045375218150085,0.63415265200517468,False,False
0.098656702913419145,1309,2129,106,321,0.1310204081632653,0.75175644028103039,0.22314911366006254,0.38074461896451423,0.63389391979301424,False,False
0.098660915252166137,1310,2128,106,321,0.13107390771743568,0.75175644028103039,0.22322670375521558,0.38103548574752766,0.6336351875808538,False,False
0.098742491069364044,1311,2127,106,321,0.13112745098039216,0.75175644028103039,0.22330434782608696,0.38132635253054104,0.63337645536869336,False,False
0.098797354941046883,1312,2126,106,321,0.13118103800572128,0.75175644028103039,0.22338204592901881,0.38161721931355441,0.63311772315653303,False,False
0.098806491082611622,1313,2125,106,321,0.13123466884709731,0.75175644028103039,0.2234597981204316,0.38190808609656779,0.63285899094437259,False,False
0.098820997410484987,1314,2124,106,321,0.1312883435582822,0.75175644028103039,0.2235376044568245,0.38219895287958117,0.63260025873221215,False,False
0.098852031841346361,1315,2123,106,321,0.13134206219312602,0.75175644028103039,0.22361546499477533,0.38248981966259454,0.63234152652005171,False,False
0.098863058640634965,1316,2122,106,321,0.13139582480556691,0.75175644028103039,0.22369337979094076,0.38278068644560792,0.63208279430789138,False,False
0.098891383524869592,1317,2121,106,321,0.13144963144963145,0.75175644028103039,0.22377134890205649,0.3830715532286213,0.63182406209573094,False,False
0.098947623819192379,1318,2120,106,321,0.13150348217943467,0.75175644028103039,0.22384937238493727,0.38336242001163467,0.6315653298835705,False,False
0.098962057041470028,1319,2119,106,321,0.13155737704918033,0.75175644028103039,0.22392745029647715,0.38365328679464805,0.63130659767141006,False,False
0.098963055379737888,1320,2118,106,321,0.13161131611316113,0.75175644028103039,0.22400558269364967,0.38394415357766143,0.63104786545924962,False,False
0.099033229865626682,1321,2117,106,321,0.13166529942575883,0.75175644028103039,0.22408376963350787,0.38423502036067481,0.6307891332470893,False,False
0.099077452567166158,1322,2116,106,321,0.1317193270414444,0.75175644028103039,0.22416201117318435,0.38452588714368818,0.63053040103492886,False,False
0.099111278166236161,1322,2116,107,320,0.13136288998357964,0.74941451990632324,0.22354173943416,0.38452588714368818,0.63027166882276842,False,False
0.099122594561345367,1323,2115,107,320,0.13141683778234087,0.74941451990632324,0.2236198462613557,0.38481675392670156,0.63001293661060798,False,False
0.099143012297634711,1324,2114,107,320,0.13147082990961381,0.74941451990632324,0.22369800768961903,0.38510762070971494,0.62975420439844765,False,False
0.0991526691326899,1325,2113,107,320,0.13152486642005753,0.74941451990632324,0.22377622377622375,0.38539848749272831,0.62949547218628721,False,False
0.099183003312329848,1326,2112,107,320,0.13157894736842105,0.74941451990632324,0.22385449457852397,0.38568935427574169,0.62923673997412677,False,False
0.099216010210776542,1327,2111,107,320,0.13163307280954339,0.74941451990632324,0.2239328201539538,0.38598022105875507,0.62897800776196633,False,False
0.099250021402231464,1328,2110,107,320,0.13168724279835392,0.74941451990632324,0.22401120056002802,0.38627108784176845,0.628719275549806,False,False
0.099282587419037518,1329,2109,107,320,0.13174145738987236,0.74941451990632324,0.22408963585434172,0.38656195462478182,0.62846054333764556,False,False
0.099299585248408914,1330,2108,107,320,0.13179571663920922,0.74941451990632324,0.22416812609457093,0.38685282140779526,0.62820181112548512,False,False
0.099340446729752466,1331,2107,107,320,0.13185002060156573,0.74941451990632324,0.22424667133847234,0.38714368819080863,0.62794307891332468,False,False
0.099367864069940318,1332,2106,107,320,0.13190436933223412,0.74941451990632324,0.22432527164388361,0.38743455497382201,0.62768434670116424,False,False
0.099385000183160696,1333,2105,107,320,0.13195876288659794,0.74941451990632324,0.22440392706872372,0.38772542175683539,0.62742561448900391,False,False
0.09938659196513859,1334,2104,107,320,0.132013201320132,0.74941451990632324,0.22448263767099264,0.38801628853984876,0.62716688227684347,False,False
0.099391044393790831,1335,2103,107,320,0.1320676846884028,0.74941451990632324,0.22456140350877191,0.38830715532286214,0.62690815006468303,False,False
0.099409805459475364,1336,2102,107,320,0.13212221304706853,0.74941451990632324,0.22464022464022465,0.38859802210587552,0.62664941785252259,False,False
0.099423401078071308,1337,2101,107,320,0.13217678645187939,0.74941451990632324,0.2247191011235955,0.3888888888888889,0.62639068564036227,False,False
0.099456449639489214,1338,2100,107,320,0.13223140495867769,0.74941451990632324,0.2247980330172111,0.38917975567190227,0.62613195342820183,False,False
0.099497355619079242,1339,2099,107,320,0.13228606862339809,0.74941451990632324,0.22487702037947996,0.38947062245491565,0.62587322121604139,False,False
0.099510124835153632,1340,2098,107,320,0.13234077750206782,0.74941451990632324,0.22495606326889281,0.38976148923792903,0.62561448900388095,False,False
0.099531817990173813,1341,2097,107,320,0.13239553165080678,0.74941451990632324,0.22503516174402249,0.3900523560209424,0.62535575679172062,False,False
0.099544726419208876,1342,2096,107,320,0.13245033112582782,0.74941451990632324,0.22511431586352446,0.39034322280395578,0.62509702457956018,False,False
0.099568213453964632,1343,2095,107,320,0.13250517598343686,0.74941451990632324,0.22519352568613654,0.39063408958696916,0.62483829236739974,False,False
0.09956849707942618,1343,2095,108,319,0.13214581607290804,0.74707259953161598,0.22456881379795848,0.39063408958696916,0.6245795601552393,False,False
0.099606279534846603,1344,2094,108,319,0.13220058019063408,0.74707259953161598,0.22464788732394367,0.39092495636998253,0.62432082794307886,False,False
0.099630526099059605,1345,2093,108,319,0.13225538971807629,0.74707259953161598,0.22472701655512509,0.39121582315299591,0.62406209573091853,False,False
0.099694793151090186,1346,2092,108,319,0.13231024471173786,0.74707259953161598,0.22480620155038761,0.39150668993600929,0.62380336351875809,False,False
0.099765976979619073,1347,2091,108,319,0.13236514522821577,0.74707259953161598,0.22488544236869934,0.39179755671902267,0.62354463130659765,False,False
0.099793052843099,1348,2090,108,319,0.13242009132420091,0.74707259953161598,0.22496473906911141,0.39208842350203604,0.62328589909443721,False,False
0.09983229206632406,1349,2089,108,319,0.1324750830564784,0.74707259953161598,0.22504409171075837,0.39237929028504942,0.62302716688227688,False,False
0.099861756628695397,1350,2088,108,319,0.13253012048192772,0.74707259953161598,0.22512350035285816,0.39267015706806285,0.62276843467011644,False,False
0.099877788105277754,1351,2087,108,319,0.13258520365752285,0.74707259953161598,0.2252029650547123,0.39296102385107623,0.622509702457956,False,False
0.09989746544223696,1352,2086,108,319,0.13264033264033265,0.74707259953161598,0.22528248587570623,0.39325189063408961,0.62225097024579556,False,False
0.099954406285174338,1353,2085,108,319,0.13269550748752079,0.74707259953161598,0.22536206287530908,0.39354275741710298,0.62199223803363524,False,False
0.099982434169982676,1354,2084,108,319,0.13275072825634623,0.74707259953161598,0.22544169611307419,0.39383362420011636,0.6217335058214748,False,False
0.099997314879977456,1355,2083,108,319,0.13280599500416321,0.74707259953161598,0.22552138564863911,0.39412449098312974,0.62147477360931436,False,False
0.10001856380017782,1356,2082,108,319,0.13286130778842148,0.74707259953161598,0.22560113154172559,0.39441535776614312,0.62121604139715392,False,False
0.10005368704068639,1357,2081,108,319,0.13291666666666666,0.74707259953161598,0.22568093385214008,0.39470622454915649,0.62095730918499348,False,False
0.10006761906529386,1358,2080,108,319,0.13297207169654021,0.74707259953161598,0.2257607926397735,0.39499709133216987,0.62069857697283315,False,False
0.10007653464038746,1359,2079,108,319,0.13302752293577982,0.74707259953161598,0.22584070796460179,0.39528795811518325,0.62043984476067271,False,False
0.1000889364226057,1360,2078,108,319,0.13308302044221945,0.74707259953161598,0.22592067988668557,0.39557882489819662,0.62018111254851227,False,False
0.10013543810078843,1361,2077,108,319,0.13313856427378964,0.74707259953161598,0.22600070846617074,0.39586969168121,0.61992238033635183,False,False
0.10018790904947993,1362,2076,108,319,0.13319415448851774,0.74707259953161598,0.22608079376328843,0.39616055846422338,0.6196636481241915,False,False
0.1002101673277524,1363,2075,108,319,0.13324979114452798,0.74707259953161598,0.2261609358383552,0.39645142524723676,0.61940491591203106,False,False
0.10022548170886074,1364,2074,108,319,0.13330547430004178,0.74707259953161598,0.22624113475177302,0.39674229203025013,0.61914618369987062,False,False
0.10023181683870176,1365,2073,108,319,0.13336120401337792,0.74707259953161598,0.22632139056402978,0.39703315881326351,0.61888745148771018,False,False
0.10024271328926648,1366,2072,108,319,0.13341698034295274,0.74707259953161598,0.22640170333569912,0.39732402559627689,0.61862871927554985,False,False
0.10025056796732634,1366,2072,109,318,0.13305439330543933,0.74473067915690871,0.22577209797657083,0.39732402559627689,0.61836998706338941,False,False
0.10026751060421286,1367,2071,109,318,0.13311008790288822,0.74473067915690871,0.22585227272727271,0.39761489237929026,0.61811125485122898,False,False
0.10028441631759975,1368,2070,109,318,0.13316582914572864,0.74473067915690871,0.22593250444049731,0.39790575916230364,0.61785252263906854,False,False
0.10032086346144427,1369,2069,109,318,0.13322161709258484,0.74473067915690871,0.22601279317697229,0.39819662594531702,0.6175937904269081,False,False
0.10038367351861743,1370,2068,109,318,0.13327745180217937,0.74473067915690871,0.22609313899751152,0.39848749272833045,0.61733505821474777,False,False
0.10038845375361687,1371,2067,109,318,0.13333333333333333,0.74473067915690871,0.22617354196301567,0.39877835951134383,0.61707632600258733,False,False
0.10038861190572954,1372,2066,109,318,0.13338926174496643,0.74473067915690871,0.22625400213447169,0.3990692262943572,0.61681759379042689,False,False
0.1003952631671739,1372,2066,110,317,0.13302559798573227,0.74238875878220145,0.22562277580071174,0.3990692262943572,0.61655886157826645,False,False
0.10039531073991237,1373,2065,110,317,0.1330814441645676,0.74238875878220145,0.22570309718761128,0.39936009307737058,0.61630012936610612,False,False
0.10042451637240093,1374,2064,110,317,0.13313733725325494,0.74238875878220145,0.2257834757834758,0.39965095986038396,0.61604139715394568,False,False
0.10048862250745781,1375,2063,110,317,0.13319327731092437,0.74238875878220145,0.22586391164944783,0.39994182664339734,0.61578266494178524,False,False
0.10051734477516806,1376,2062,110,317,0.13324926439680537,0.74238875878220145,0.22594440484675693,0.40023269342641071,0.6155239327296248,False,False
0.10055038260441018,1377,2061,110,317,0.13330529857022708,0.74238875878220145,0.22602495543672013,0.40052356020942409,0.61526520051746447,False,False
0.10061060439095866,1378,2060,110,317,0.13336137989061841,0.74238875878220145,0.22610556348074176,0.40081442699243747,0.61500646830530403,False,False
0.10064331643343837,1379,2059,110,317,0.13341750841750841,0.74238875878220145,0.22618622904031394,0.40110529377545084,0.61474773609314359,False,False
0.10064794152305682,1380,2058,110,317,0.13347368421052633,0.74238875878220145,0.22626695217701645,0.40139616055846422,0.61448900388098315,False,False
0.10068253680593742,1381,2057,110,317,0.13352990732940184,0.74238875878220145,0.22634773295251695,0.4016870273414776,0.61423027166882271,False,False
0.10068357561492233,1382,2056,110,317,0.13358617783396545,0.74238875878220145,0.22642857142857145,0.40197789412449098,0.61397153945666239,False,False
0.10069035964511891,1383,2055,110,317,0.13364249578414839,0.74238875878220145,0.22650946766702396,0.40226876090750435,0.61371280724450195,False,False
0.1007072608808417,1384,2054,110,317,0.13369886123998312,0.74238875878220145,0.22659042172980701,0.40255962769051773,0.61345407503234151,False,False
0.10071273430372681,1385,2053,110,317,0.13375527426160339,0.74238875878220145,0.22667143367894174,0.40285049447353111,0.61319534282018107,False,False
0.10072444880306181,1386,2052,110,317,0.13381173490924442,0.74238875878220145,0.22675250357653795,0.40314136125654448,0.61293661060802074,False,False
0.100730798459978,1387,2051,110,317,0.13386824324324326,0.74238875878220145,0.2268336314847943,0.40343222803955786,0.6126778783958603,False,False
0.10073644489620788,1388,2050,110,317,0.13392479932403886,0.74238875878220145,0.22691481746599856,0.40372309482257124,0.61241914618369986,False,False
0.10074094726508968,1389,2049,110,317,0.13398140321217245,0.74238875878220145,0.22699606158252777,0.40401396160558462,0.61216041397153942,False,False
0.10074343982435165,1389,2049,111,316,0.13361522198731501,0.74004683840749419,0.22636103151862463,0.40401396160558462,0.61190168175937909,False,False
0.10074781229866948,1390,2048,111,316,0.13367174280879865,0.74004683840749419,0.22644213543532785,0.40430482838859805,0.61164294954721865,False,False
0.10075082597893122,1391,2047,111,316,0.13372831146847228,0.74004683840749419,0.22652329749103942,0.40459569517161142,0.61138421733505821,False,False
0.10075703892201252,1391,2047,112,315,0.13336155800169347,0.73770491803278693,0.2258874148440301,0.40459569517161142,0.61112548512289777,False,False
0.10075841906946063,1392,2046,112,315,0.13341804320203304,0.73770491803278693,0.2259684361549498,0.4048865619546248,0.61086675291073733,False,False
0.1007654907342003,1393,2045,112,315,0.13347457627118645,0.73770491803278693,0.22604951560818087,0.40517742873763818,0.610608020698577,False,False
0.10077147084651134,1394,2044,112,315,0.13353115727002968,0.73770491803278693,0.22613065326633167,0.40546829552065156,0.61034928848641656,False,False
0.1007979471523768,1395,2043,112,315,0.13358778625954199,0.73770491803278693,0.22621184919210055,0.40575916230366493,0.61009055627425612,False,False
0.10079942775103395,1396,2042,112,315,0.13364446330080612,0.73770491803278693,0.22629310344827586,0.40605002908667831,0.60983182406209568,False,False
0.10080744623554298,1396,2042,113,314,0.13327674023769101,0.73536299765807966,0.22565576715774349,0.40605002908667831,0.60957309184993536,False,False
0.100862657961911,1396,2042,114,313,0.13290870488322717,0.7330210772833724,0.2250179726815241,0.40605002908667831,0.60931435963777492,False,False
0.10092501364516658,1397,2041,114,313,0.13296516567544606,0.7330210772833724,0.22509888529306005,0.40634089586969169,0.60905562742561448,False,False
0.10094544015476768,1397,2041,115,312,0.13259668508287292,0.73067915690866514,0.22446043165467627,0.40634089586969169,0.60879689521345404,False,False
0.10096177550372998,1398,2040,115,312,0.1326530612244898,0.73067915690866514,0.22454120187117668,0.40663176265270506,0.60853816300129371,False,False
0.10105345215548112,1399,2039,115,312,0.13270948532539345,0.73067915690866514,0.22462203023758098,0.40692262943571844,0.60827943078913327,False,False
0.10105596673722686,1400,2038,115,312,0.1327659574468085,0.73067915690866514,0.22470291681670865,0.40721349621873182,0.60802069857697283,False,False
0.10105629707206813,1401,2037,115,312,0.13282247765006386,0.73067915690866514,0.22478386167146977,0.4075043630017452,0.60776196636481239,False,False
0.10106377744688919,1402,2036,115,312,0.13287904599659284,0.73067915690866514,0.22486486486486484,0.40779522978475857,0.60750323415265195,False,False
0.10109142901261681,1403,2035,115,312,0.13293566254793354,0.73067915690866514,0.2249459264599856,0.40808609656777195,0.60724450194049162,False,False
0.10109682154943546,1404,2034,115,312,0.13299232736572891,0.73067915690866514,0.22502704652001448,0.40837696335078533,0.60698576972833118,False,False
0.10109922223694214,1405,2033,115,312,0.13304904051172708,0.73067915690866514,0.22510822510822512,0.4086678301337987,0.60672703751617074,False,False
0.1011209245679974,1406,2032,115,312,0.13310580204778158,0.73067915690866514,0.2251894622879827,0.40895869691681208,0.6064683053040103,False,False
0.10112718424483848,1407,2031,115,312,0.13316261203585147,0.73067915690866514,0.22527075812274369,0.40924956369982546,0.60620957309184997,False,False
0.10114457146385025,1408,2030,115,312,0.13321947053800171,0.73067915690866514,0.22535211267605632,0.40954043048283884,0.60595084087968953,False,False
0.10116647442128901,1408,2030,116,311,0.1328492097394276,0.72833723653395788,0.22471098265895956,0.40954043048283884,0.60569210866752909,False,False
0.10119921136271541,1409,2029,116,311,0.13290598290598291,0.72833723653395788,0.22479219371160103,0.40983129726585221,0.60543337645536865,False,False
0.10120780994729292,1409,2029,117,310,0.13253527148353997,0.72599531615925061,0.22415039768618944,0.40983129726585221,0.60517464424320833,False,False
0.10124279401620652,1410,2028,117,310,0.13259195893926431,0.72599531615925061,0.22423146473779382,0.41012216404886565,0.60491591203104789,False,False
0.1012801433105515,1411,2027,117,310,0.13264869490800171,0.72599531615925061,0.22431259044862517,0.41041303083187902,0.60465717981888745,False,False
0.10134179828004096,1412,2026,117,310,0.1327054794520548,0.72599531615925061,0.22439377488237425,0.4107038976148924,0.60439844760672701,False,False
0.10137918695297835,1413,2025,117,310,0.13276231263383298,0.72599531615925061,0.22447501810282405,0.41099476439790578,0.60413971539456668,False,False
0.10142004293531058,1414,2024,117,310,0.13281919451585261,0.72599531615925061,0.22455632017385002,0.41128563118091915,0.60388098318240624,False,False
0.10143912163865323,1415,2023,117,310,0.13287612516073724,0.72599531615925061,0.22463768115942029,0.41157649796393253,0.6036222509702458,False,False
0.1014395517059738,1416,2022,117,310,0.13293310463121785,0.72599531615925061,0.22471910112359553,0.41186736474694591,0.60336351875808536,False,False
0.10153763040274887,1417,2021,117,310,0.13299013299013299,0.72599531615925061,0.22480058013052936,0.41215823152995928,0.60310478654592492,False,False
0.10158094322123412,1417,2021,118,309,0.13261802575107295,0.72365339578454335,0.22415669205658323,0.41215823152995928,0.60284605433376459,False,False
0.10160053095429936,1417,2021,119,308,0.13224559896951482,0.72131147540983609,0.22351233671988391,0.41215823152995928,0.60258732212160415,False,False
0.10163744899717425,1418,2020,119,308,0.13230240549828179,0.72131147540983609,0.22359346642468239,0.41244909831297266,0.60232858990944371,False,False
0.10166178926478264,1419,2019,119,308,0.13235926085088096,0.72131147540983609,0.22367465504720407,0.41273996509598604,0.60206985769728327,False,False
0.10166848514848521,1420,2018,119,308,0.13241616509028376,0.72131147540983609,0.22375590265165277,0.41303083187899942,0.60181112548512294,False,False
0.10167978991246009,1421,2017,119,308,0.1324731182795699,0.72131147540983609,0.22383720930232559,0.41332169866201279,0.6015523932729625,False,False
0.10168839619629599,1422,2016,119,308,0.13253012048192772,0.72131147540983609,0.22391857506361323,0.41361256544502617,0.60129366106080206,False,False
0.10170172713989466,1423,2015,119,308,0.13258717176065432,0.72131147540983609,0.22400000000000003,0.41390343222803955,0.60103492884864163,False,False
0.10170710690749794,1424,2014,119,308,0.13264427217915589,0.72131147540983609,0.22408148417606402,0.41419429901105292,0.6007761966364813,False,False
0.101722412218756,1425,2013,119,308,0.13270142180094788,0.72131147540983609,0.22416302765647744,0.4144851657940663,0.60051746442432086,False,False
0.10173877681487062,1426,2012,119,308,0.13275862068965516,0.72131147540983609,0.22424463050600654,0.41477603257707968,0.60025873221216042,False,False
0.10175866898235447,1427,2011,119,308,0.13281586890901251,0.72131147540983609,0.22432629278951199,0.41506689936009306,0.59999999999999998,False,False
0.1018049147482194,1428,2010,119,308,0.13287316652286454,0.72131147540983609,0.22440801457194903,0.41535776614310643,0.59974126778783954,False,False
0.10181459373872651,1429,2009,119,308,0.13293051359516617,0.72131147540983609,0.22448979591836735,0.41564863292611981,0.59948253557567921,False,False
0.10187023899725595,1430,2008,119,308,0.13298791018998274,0.72131147540983609,0.22457163689391177,0.41593949970913324,0.59922380336351877,False,False
0.10187718078967063,1431,2007,119,308,0.13304535637149029,0.72131147540983609,0.22465353756382206,0.41623036649214662,0.59896507115135833,False,False
0.10190698064692093,1432,2006,119,308,0.1331028522039758,0.72131147540983609,0.22473549799343306,0.41652123327516,0.59870633893919789,False,False
0.10190738830395121,1433,2005,119,308,0.13316039775183744,0.72131147540983609,0.2248175182481752,0.41681210005817337,0.59844760672703756,False,False
0.10193370613563552,1434,2004,119,308,0.13321799307958476,0.72131147540983609,0.22489959839357426,0.41710296684118675,0.59818887451487712,False,False
0.10193532075479547,1435,2003,119,308,0.13327563825183902,0.72131147540983609,0.22498173849525196,0.41739383362420013,0.59793014230271668,False,False
0.10197865131371542,1436,2002,119,308,0.13333333333333333,0.72131147540983609,0.22506393861892585,0.41768470040721351,0.59767141009055624,False,False
0.10199352151586159,1437,2001,119,308,0.13339107838891295,0.72131147540983609,0.22514619883040934,0.41797556719022688,0.59741267787839591,False,False
0.10206451761694868,1438,2000,119,308,0.13344887348353554,0.72131147540983609,0.22522851919561246,0.41826643397324026,0.59715394566623548,False,False
0.10208104267103747,1439,1999,119,308,0.13350671868227135,0.72131147540983609,0.22531089978054133,0.41855730075625364,0.59689521345407504,False,False
0.10209081505039541,1440,1998,119,308,0.13356461405030357,0.72131147540983609,0.22539334065129896,0.41884816753926701,0.5966364812419146,False,False
0.10212115750785525,1441,1997,119,308,0.13362255965292841,0.72131147540983609,0.2254758418740849,0.41913903432228039,0.59637774902975416,False,False
0.10212941364030047,1442,1996,119,308,0.13368055555555555,0.72131147540983609,0.2255584035151959,0.41942990110529377,0.59611901681759383,False,False
0.10216835409660766,1443,1995,119,308,0.1337386018237082,0.72131147540983609,0.22564102564102562,0.41972076788830714,0.59586028460543339,False,False
0.10217533785180309,1444,1994,119,308,0.13379669852302345,0.72131147540983609,0.22572370831806521,0.42001163467132052,0.59560155239327295,False,False
0.10217648138407051,1445,1993,119,308,0.13385484571925249,0.72131147540983609,0.22580645161290325,0.4203025014543339,0.59534282018111251,False,False
0.10218489048392622,1446,1992,119,308,0.13391304347826086,0.72131147540983609,0.22588925559222589,0.42059336823734728,0.59508408796895218,False,False
0.10218762774308589,1447,1991,119,308,0.13397129186602871,0.72131147540983609,0.22597212032281733,0.42088423502036065,0.59482535575679174,False,False
0.10220146259356486,1448,1990,119,308,0.134029590948651,0.72131147540983609,0.22605504587155964,0.42117510180337403,0.5945666235446313,False,False
0.10221170153411248,1449,1989,119,308,0.13408794079233782,0.72131147540983609,0.2261380323054332,0.42146596858638741,0.59430789133247086,False,False
0.10224076566475686,1450,1988,119,308,0.13414634146341464,0.72131147540983609,0.22622107969151672,0.42175683536940084,0.59404915912031053,False,False
0.10226323696864127,1451,1987,119,308,0.13420479302832244,0.72131147540983609,0.22630418809698752,0.42204770215241422,0.59379042690815009,False,False
0.10227452201642097,1452,1986,119,308,0.13426329555361813,0.72131147540983609,0.22638735758912165,0.42233856893542759,0.59353169469598965,False,False
0.10229191063064548,1453,1985,119,308,0.13432184910597469,0.72131147540983609,0.22647058823529412,0.42262943571844097,0.59327296248382921,False,False
0.10229492115735539,1454,1984,119,308,0.13438045375218149,0.72131147540983609,0.22655388010297903,0.42292030250145435,0.59301423027166877,False,False
0.10232431714691693,1455,1983,119,308,0.13443910955914448,0.72131147540983609,0.22663723325974983,0.42321116928446773,0.59275549805950845,False,False
0.10233762769709383,1456,1982,119,308,0.13449781659388646,0.72131147540983609,0.22672064777327935,0.4235020360674811,0.59249676584734801,False,False
0.10234624820427692,1457,1981,119,308,0.13455657492354739,0.72131147540983609,0.22680412371134018,0.42379290285049448,0.59223803363518757,False,False
0.10237565805516533,1457,1981,120,307,0.13417832167832167,0.71896955503512883,0.22615101289134437,0.42379290285049448,0.59197930142302713,False,False
0.10240911646945443,1458,1980,120,307,0.13423699169217315,0.71896955503512883,0.2262343404568902,0.42408376963350786,0.5917205692108668,False,False
0.10243849173962565,1459,1979,120,307,0.13429571303587051,0.71896955503512883,0.22631772945079248,0.42437463641652123,0.59146183699870636,False,False
0.10244083806244489,1460,1978,120,307,0.13435448577680525,0.71896955503512883,0.22640117994100295,0.42466550319953461,0.59120310478654592,False,False
0.1024958712616981,1461,1977,120,307,0.13441330998248688,0.71896955503512883,0.22648469199557361,0.42495636998254799,0.59094437257438548,False,False
0.10252479831523502,1462,1976,120,307,0.13447218572054315,0.71896955503512883,0.22656826568265681,0.42524723676556136,0.59068564036222515,False,False
0.10252715155961942,1463,1975,120,307,0.13453111305872043,0.71896955503512883,0.22665190107050573,0.42553810354857474,0.59042690815006471,False,False
0.10252963767080085,1464,1974,120,307,0.13459009206488382,0.71896955503512883,0.22673559822747416,0.42582897033158812,0.59016817593790427,False,False
0.10254502014121865,1464,1974,121,306,0.13421052631578947,0.71662763466042156,0.22608053195419284,0.42582897033158812,0.58990944372574383,False,False
0.10257239822636258,1465,1973,121,306,0.13426941641070644,0.71662763466042156,0.22616407982261641,0.4261198371146015,0.58965071151358339,False,False
0.10260244424001787,1466,1972,121,306,0.13432835820895522,0.71662763466042156,0.2262476894639556,0.42641070389761487,0.58939197930142306,False,False
0.10261455102523957,1467,1971,121,306,0.13438735177865613,0.71662763466042156,0.22633136094674558,0.42670157068062825,0.58913324708926262,False,False
0.10262899462459905,1468,1970,121,306,0.13444639718804921,0.71662763466042156,0.22641509433962265,0.42699243746364163,0.58887451487710218,False,False
0.10264750490058033,1469,1969,121,306,0.13450549450549451,0.71662763466042156,0.22649888971132495,0.427283304246655,0.58861578266494174,False,False
0.1026499313136273,1469,1969,122,305,0.13412489006156553,0.7142857142857143,0.22584228063680117,0.427283304246655,0.58835705045278142,False,False
0.10266487058471467,1470,1968,122,305,0.13418389793224814,0.7142857142857143,0.22592592592592595,0.42757417102966844,0.58809831824062098,False,False
0.10267903568535619,1471,1967,122,305,0.13424295774647887,0.7142857142857143,0.22600963319748055,0.42786503781268181,0.58783958602846054,False,False
0.10272312874172863,1472,1966,122,305,0.13430206957287538,0.7142857142857143,0.22609340252038548,0.42815590459569519,0.5875808538163001,False,False
0.10273318859821404,1473,1965,122,305,0.1343612334801762,0.7142857142857143,0.22617723396366335,0.42844677137870857,0.58732212160413977,False,False
0.10282895050246883,1474,1964,122,305,0.13442044953724108,0.7142857142857143,0.22626112759643918,0.42873763816172195,0.58706338939197933,False,False
0.10288891270811136,1475,1963,122,305,0.13447971781305115,0.7142857142857143,0.22634508348794066,0.42902850494473532,0.58680465717981889,False,False
0.10289784990158309,1476,1962,122,305,0.1345390383767093,0.7142857142857143,0.22642910170749811,0.4293193717277487,0.58654592496765845,False,False
0.10291988835530057,1477,1961,122,305,0.13459841129744043,0.7142857142857143,0.22651318232454512,0.42961023851076208,0.58628719275549801,False,False
0.10295352402296515,1477,1961,123,304,0.13421633554083887,0.71194379391100704,0.2258543833580981,0.42961023851076208,0.58602846054333768,False,False
0.1029923745955318,1478,1960,123,304,0.13427561837455831,0.71194379391100704,0.22593831289483468,0.42990110529377545,0.58576972833117724,False,False
0.10300612241624818,1479,1959,123,304,0.13433495360141406,0.71194379391100704,0.22602230483271374,0.43019197207678883,0.5855109961190168,False,False
0.10301799324228707,1479,1959,124,303,0.13395225464190982,0.70960187353629978,0.2253625883227966,0.43019197207678883,0.58525226390685636,False,False
0.10303267892784775,1480,1958,124,303,0.13401149933657674,0.70960187353629978,0.22544642857142858,0.43048283885980221,0.58499353169469603,False,False
0.10304596884208474,1481,1957,124,303,0.134070796460177,0.70960187353629978,0.22553033122441388,0.43077370564281559,0.58473479948253559,False,False
0.10305620569128857,1482,1956,124,303,0.13413014608233731,0.70960187353629978,0.22561429635145197,0.43106457242582896,0.58447606727037515,False,False
0.10305772925345397,1483,1955,124,303,0.1341895482728078,0.70960187353629978,0.22569832402234635,0.43135543920884234,0.58421733505821472,False,False
0.10307087230864491,1483,1955,125,302,0.1338059370846256,0.70725995316159251,0.22503725782414305,0.43135543920884234,0.58395860284605439,False,False
0.10313010250915353,1484,1954,125,302,0.13386524822695037,0.70725995316159251,0.22512113306000747,0.43164630599185572,0.58369987063389395,False,False
0.10313935861786223,1485,1953,125,302,0.13392461197339245,0.70725995316159251,0.2252050708426547,0.43193717277486909,0.58344113842173351,False,False
0.10314355254056155,1486,1952,125,302,0.13398402839396628,0.70725995316159251,0.22528907124207387,0.43222803955788247,0.58318240620957307,False,False
0.103147155217458,1487,1951,125,302,0.13404349755881048,0.70725995316159251,0.2253731343283582,0.43251890634089585,0.58292367399741263,False,False
0.10315419010851945,1488,1950,125,302,0.13410301953818829,0.70725995316159251,0.22545726017170589,0.43280977312390922,0.5826649417852523,False,False
0.103155700094146,1489,1949,125,302,0.13416259440248779,0.70725995316159251,0.22554144884241972,0.4331006399069226,0.58240620957309186,False,False
0.10315655168831057,1490,1948,125,302,0.13422222222222221,0.70725995316159251,0.22562570041090771,0.43339150668993603,0.58214747736093142,False,False
0.10320953788171185,1491,1947,125,302,0.13428190306803023,0.70725995316159251,0.22571001494768309,0.43368237347294941,0.58188874514877098,False,False
0.10322579022227514,1492,1946,125,302,0.13434163701067617,0.70725995316159251,0.2257943925233645,0.43397324025596279,0.58163001293661065,False,False
0.10327365817465545,1493,1945,125,302,0.1344014241210503,0.70725995316159251,0.22587883320867616,0.43426410703897617,0.58137128072445021,False,False
0.10328072420105519,1494,1944,125,302,0.13446126447016918,0.70725995316159251,0.22596333707444818,0.43455497382198954,0.58111254851228977,False,False
0.1032825455078156,1495,1943,125,302,0.13452115812917595,0.70725995316159251,0.22604790419161674,0.43484584060500292,0.58085381630012933,False,False
0.10331892695878195,1496,1942,125,302,0.13458110516934046,0.70725995316159251,0.22613253463122426,0.4351367073880163,0.580595084087969,False,False
0.10333572799193363,1497,1941,125,302,0.13464110566205975,0.70725995316159251,0.2262172284644195,0.43542757417102967,0.58033635187580856,False,False
0.10337325525153768,1498,1940,125,302,0.13470115967885815,0.70725995316159251,0.22630198576245783,0.43571844095404305,0.58007761966364813,False,False
0.10340269438011726,1499,1939,125,302,0.13476126729138777,0.70725995316159251,0.22638680659670166,0.43600930773705643,0.57981888745148769,False,False
0.10343763510845418,1500,1938,125,302,0.13482142857142856,0.70725995316159251,0.22647169103862017,0.43630017452006981,0.57956015523932725,False,False
0.10348773154070756,1501,1937,125,302,0.13488164359088878,0.70725995316159251,0.22655663915978994,0.43659104130308318,0.57930142302716692,False,False
0.10353252574277277,1502,1936,125,302,0.13494191242180517,0.70725995316159251,0.2266416510318949,0.43688190808609656,0.57904269081500648,False,False
0.1035343609484658,1503,1935,125,302,0.13500223513634332,0.70725995316159251,0.22672672672672675,0.43717277486910994,0.57878395860284604,False,False
0.1035459257541415,1504,1934,125,302,0.13506261180679785,0.70725995316159251,0.22681186631618475,0.43746364165212331,0.5785252263906856,False,False
0.1035518410215366,1505,1933,125,302,0.13512304250559284,0.70725995316159251,0.22689706987227651,0.43775450843513669,0.57826649417852527,False,False
0.10356576759132979,1506,1932,125,302,0.13518352730528199,0.70725995316159251,0.22698233746711757,0.43804537521815007,0.57800776196636483,False,False
0.10359666866821916,1506,1932,126,301,0.13479623824451412,0.70491803278688525,0.22631578947368422,0.43804537521815007,0.57774902975420439,False,False
0.10361000977660939,1507,1931,126,301,0.13485663082437277,0.70491803278688525,0.22640090259496057,0.43833624200116345,0.57749029754204395,False,False
0.103627143614841,1508,1930,126,301,0.13491707754370239,0.70491803278688525,0.22648607975921747,0.43862710878417682,0.57723156532988362,False,False
0.1036447114730841,1509,1929,126,301,0.13497757847533631,0.70491803278688525,0.22657132103876551,0.4389179755671902,0.57697283311772318,False,False
0.1036650836836303,1510,1928,126,301,0.13503813369223866,0.70491803278688525,0.22665662650602408,0.43920884235020363,0.57671410090556274,False,False
0.10366731849218241,1511,1927,126,301,0.13509874326750448,0.70491803278688525,0.22674199623352165,0.43949970913321701,0.5764553686934023,False,False
0.10369500572892081,1512,1926,126,301,0.13515940727436013,0.70491803278688525,0.22682743029389602,0.43979057591623039,0.57619663648124186,False,False
0.10373664216575428,1513,1925,126,301,0.13522012578616352,0.70491803278688525,0.22691292875989447,0.44008144269924376,0.57593790426908154,False,False
0.10381241035301074,1514,1924,126,301,0.13528089887640449,0.70491803278688525,0.22699849170437406,0.44037230948225714,0.5756791720569211,False,False
0.10382018832509347,1515,1923,126,301,0.13534172661870503,0.70491803278688525,0.22708411920030175,0.44066317626527052,0.57542043984476066,False,False
0.10382661793905655,1516,1922,126,301,0.13540260908681961,0.70491803278688525,0.22716981132075473,0.44095404304828389,0.57516170763260022,False,False
0.10389253457730999,1517,1921,126,301,0.13546354635463545,0.70491803278688525,0.22725556813892034,0.44124490983129727,0.57490297542043989,False,False
0.10390523067811532,1518,1920,126,301,0.13552453849617291,0.70491803278688525,0.2273413897280967,0.44153577661431065,0.57464424320827945,False,False
0.10391174762933099,1519,1919,126,301,0.13558558558558559,0.70491803278688525,0.22742727616169248,0.44182664339732403,0.57438551099611901,False,False
0.10391467038979693,1520,1918,126,301,0.13564668769716087,0.70491803278688525,0.22751322751322753,0.4421175101803374,0.57412677878395857,False,False
0.10397641316875482,1520,1918,127,300,0.13525698827772767,0.70257611241217799,0.22684310018903589,0.4421175101803374,0.57386804657179824,False,False
0.10402199128761323,1521,1917,127,300,0.13531799729364005,0.70257611241217799,0.22692889561270801,0.44240837696335078,0.5736093143596378,False,False
0.10403107036435247,1522,1916,127,300,0.13537906137184116,0.70257611241217799,0.22701475595913734,0.44269924374636416,0.57335058214747736,False,False
0.10403713925485826,1523,1915,127,300,0.13544018058690746,0.70257611241217799,0.22710068130204392,0.44299011052937753,0.57309184993531692,False,False
0.10405393328952568,1524,1914,127,300,0.13550135501355012,0.70257611241217799,0.22718667171525936,0.44328097731239091,0.57283311772315648,False,False
0.1040725256197584,1525,1913,127,300,0.13556258472661545,0.70257611241217799,0.22727272727272727,0.44357184409540429,0.57257438551099615,False,False
0.10413246190037646,1526,1912,127,300,0.13562386980108498,0.70257611241217799,0.2273588480485032,0.44386271087841767,0.57231565329883571,False,False
0.10414572821254905,1527,1911,127,300,0.13568521031207598,0.70257611241217799,0.22744503411675512,0.44415357766143104,0.57205692108667527,False,False
0.10415828959891139,1528,1910,127,300,0.13574660633484162,0.70257611241217799,0.22753128555176338,0.44444444444444442,0.57179818887451483,False,False
0.10416303170896168,1529,1909,127,300,0.13580805794477138,0.70257611241217799,0.22761760242792109,0.4447353112274578,0.57153945666235451,False,False
0.10417422960034553,1530,1908,127,300,0.1358695652173913,0.70257611241217799,0.22770398481973433,0.44502617801047123,0.57128072445019407,False,False
0.10418906659638386,1530,1908,128,299,0.13547802446760307,0.70023419203747073,0.2270311313591496,0.44502617801047123,0.57102199223803363,False,False
0.10422089935558686,1531,1907,128,299,0.13553943789664552,0.70023419203747073,0.22711735662742119,0.44531704479348461,0.57076326002587319,False,False
0.10422160516203664,1532,1906,128,299,0.13560090702947847,0.70023419203747073,0.22720364741641338,0.44560791157649798,0.57050452781371286,False,False
0.10422528381058582,1533,1905,128,299,0.13566243194192376,0.70023419203747073,0.22729000380083617,0.44589877835951136,0.57024579560155242,False,False
0.10426044262589418,1534,1904,128,299,0.135724012709941,0.70023419203747073,0.22737642585551335,0.44618964514252474,0.56998706338939198,False,False
0.10426779899354545,1535,1903,128,299,0.13578564940962762,0.70023419203747073,0.22746291365538229,0.44648051192553811,0.56972833117723154,False,False
0.10429190643697875,1536,1902,128,299,0.13584734211721944,0.70023419203747073,0.22754946727549469,0.44677137870855149,0.5694695989650711,False,False
0.10431589037752456,1537,1901,128,299,0.1359090909090909,0.70023419203747073,0.22763608679101635,0.44706224549156487,0.56921086675291077,False,False
0.10433049563792514,1538,1900,128,299,0.13597089586175534,0.70023419203747073,0.2277227722772277,0.44735311227457825,0.56895213454075033,False,False
0.10436649042726756,1539,1899,128,299,0.13603275705186532,0.70023419203747073,0.22780952380952377,0.44764397905759162,0.56869340232858989,False,False
0.10437666071633521,1540,1898,128,299,0.13609467455621302,0.70023419203747073,0.22789634146341461,0.447934845840605,0.56843467011642945,False,False
0.10437970976151485,1541,1897,128,299,0.13615664845173042,0.70023419203747073,0.22798322531452536,0.44822571262361838,0.56817593790426912,False,False
0.10441058432848263,1542,1896,128,299,0.13621867881548974,0.70023419203747073,0.22807017543859648,0.44851657940663175,0.56791720569210868,False,False
0.10441626486332856,1543,1895,128,299,0.13628076572470374,0.70023419203747073,0.2281571919114842,0.44880744618964513,0.56765847347994824,False,False
0.10442321442516893,1544,1894,128,299,0.13634290925672596,0.70023419203747073,0.22824427480916032,0.44909831297265851,0.5673997412677878,False,False
0.10451079389078552,1545,1893,128,299,0.1364051094890511,0.70023419203747073,0.22833142420771288,0.44938917975567189,0.56714100905562748,False,False
0.10452592451292589,1545,1893,129,298,0.1360109539023277,0.69789227166276346,0.22765469824293358,0.44938917975567189,0.56688227684346704,False,False
0.10456050857534328,1546,1892,129,298,0.13607305936073058,0.69789227166276346,0.22774168895682079,0.44968004653868526,0.5666235446313066,False,False
0.10456377887429391,1547,1891,129,298,0.13613522156235724,0.69789227166276346,0.22782874617737003,0.44997091332169864,0.56636481241914616,False,False
0.10458010176889208,1548,1890,129,298,0.13619744058500913,0.69789227166276346,0.22791586998087951,0.45026178010471202,0.56610608020698572,False,False
0.10462390825921226,1549,1889,129,298,0.13625971650663007,0.69789227166276346,0.22800306044376431,0.45055264688772539,0.56584734799482539,False,False
0.1046423703718365,1550,1888,129,298,0.13632204940530648,0.69789227166276346,0.22809031764255647,0.45084351367073883,0.56558861578266495,False,False
0.10467243997777308,1551,1887,129,298,0.13638443935926772,0.69789227166276346,0.22817764165390506,0.4511343804537522,0.56532988357050451,False,False
0.10467400151253187,1552,1886,129,298,0.13644688644688643,0.69789227166276346,0.22826503255457678,0.45142524723676558,0.56507115135834407,False,False
0.10469691763756446,1553,1885,129,298,0.13650939074667889,0.69789227166276346,0.22835249042145594,0.45171611401977896,0.56481241914618374,False,False
0.10471740902714066,1553,1885,130,297,0.13611365719523372,0.6955503512880562,0.22767343809888843,0.45171611401977896,0.5645536869340233,False,False
0.10472563687142099,1554,1884,130,297,0.13617606602475929,0.6955503512880562,0.22776073619631904,0.45200698080279234,0.56429495472186286,False,False
0.10473524273936977,1555,1883,130,297,0.13623853211009174,0.6955503512880562,0.22784810126582278,0.45229784758580571,0.56403622250970242,False,False
0.10476288011098468,1556,1882,130,297,0.13630105553005967,0.6955503512880562,0.22793553338449732,0.45258871436881909,0.56377749029754209,False,False
0.10477634785168563,1557,1881,130,297,0.13636363636363635,0.6955503512880562,0.22802303262955853,0.45287958115183247,0.56351875808538165,False,False
0.10478210347232979,1558,1880,130,297,0.13642627468994029,0.6955503512880562,0.228110599078341,0.45317044793484584,0.56326002587322122,False,False
0.10488213146883126,1559,1879,130,297,0.13648897058823528,0.6955503512880562,0.22819823280829812,0.45346131471785922,0.56300129366106078,False,False
0.10488541163295716,1560,1878,130,297,0.13655172413793104,0.6955503512880562,0.2282859338970023,0.4537521815008726,0.56274256144890034,False,False
0.10489975333742441,1561,1877,130,297,0.13661453541858326,0.6955503512880562,0.22837370242214533,0.45404304828388597,0.56248382923674001,False,False
0.10490023757224912,1562,1876,130,297,0.13667740450989416,0.6955503512880562,0.22846153846153844,0.45433391506689935,0.56222509702457957,False,False
0.10490382509706185,1563,1875,130,297,0.13674033149171272,0.6955503512880562,0.22854944209311276,0.45462478184991273,0.56196636481241913,False,False
0.10494310084764445,1564,1874,130,297,0.13680331644403501,0.6955503512880562,0.22863741339491919,0.45491564863292611,0.56170763260025869,False,False
0.10500370281796169,1564,1874,131,296,0.13640552995391705,0.69320843091334894,0.22795533307662688,0.45491564863292611,0.56144890038809836,False,False
0.10506129092209529,1565,1873,131,296,0.13646841862609496,0.69320843091334894,0.22804314329738057,0.45520651541593948,0.56119016817593792,False,False
0.10509126950458357,1565,1873,132,295,0.136070110701107,0.69086651053864168,0.22736030828516376,0.45520651541593948,0.56093143596377748,False,False
0.10509449583056665,1566,1872,132,295,0.13613290263036457,0.69086651053864168,0.22744795682343869,0.45549738219895286,0.56067270375161704,False,False
0.10514877230633118,1567,1871,132,295,0.13619575253924285,0.69086651053864168,0.22753567296567681,0.45578824898196624,0.56041397153945671,False,False
0.10518277550202772,1568,1870,132,295,0.13625866050808313,0.69086651053864168,0.22762345679012347,0.45607911576497961,0.56015523932729627,False,False
0.10519037536404149,1569,1869,132,295,0.13632162661737524,0.69086651053864168,0.22771130837514475,0.45636998254799299,0.55989650711513583,False,False
0.1051908597094994,1570,1868,132,295,0.13638465094775776,0.69086651053864168,0.22779922779922782,0.45666084933100642,0.55963777490297539,False,False
0.10519151672137586,1571,1867,132,295,0.13644773358001849,0.69086651053864168,0.22788721514098106,0.4569517161140198,0.55937904269081495,False,False
0.10521803008082091,1572,1866,132,295,0.13651087459509487,0.69086651053864168,0.22797527047913449,0.45724258289703318,0.55912031047865463,False,False
0.10533604255900413,1573,1865,132,295,0.13657407407407407,0.69086651053864168,0.2280633938925396,0.45753344968004656,0.55886157826649419,False,False
0.10534939748693836,1574,1864,132,295,0.13663733209819362,0.69086651053864168,0.22815158546017017,0.45782431646305993,0.55860284605433375,False,False
0.10535831112311875,1575,1863,132,295,0.13670064874884152,0.69086651053864168,0.22823984526112187,0.45811518324607331,0.55834411384217331,False,False
0.10539896142307015,1576,1862,132,295,0.13676402410755678,0.69086651053864168,0.22832817337461297,0.45840605002908669,0.55808538163001298,False,False
0.10540376865568431,1576,1862,133,294,0.13636363636363635,0.68852459016393441,0.22764227642276419,0.45840605002908669,0.55782664941785254,False,False
0.10542786891106511,1577,1861,133,294,0.13642691415313224,0.68852459016393441,0.22773044151820293,0.45869691681210006,0.5575679172056921,False,False
0.10544001031488319,1578,1860,133,294,0.13649025069637882,0.68852459016393441,0.22781867493219679,0.45898778359511344,0.55730918499353166,False,False
0.1054409161218646,1579,1859,133,294,0.13655364607524384,0.68852459016393441,0.22790697674418606,0.45927865037812682,0.55705045278137133,False,False
0.10544625838199603,1579,1859,134,293,0.13615241635687733,0.68618266978922715,0.22721985265606826,0.45927865037812682,0.55679172056921089,False,False
0.10545038606718882,1580,1858,134,293,0.13621571362157137,0.68618266978922715,0.22730799069045773,0.4595695171611402,0.55653298835705045,False,False
0.10548464933339392,1581,1857,134,293,0.13627906976744186,0.68618266978922715,0.22739619712844392,0.45986038394415357,0.55627425614489001,False,False
0.10548553569103364,1582,1856,134,293,0.13634248487668682,0.68618266978922715,0.22748447204968941,0.46015125072716695,0.55601552393272957,False,False
0.10549039161132744,1583,1855,134,293,0.13640595903165736,0.68618266978922715,0.22757281553398059,0.46044211751018033,0.55575679172056924,False,False
0.10550051825424074,1584,1854,134,293,0.13646949231485794,0.68618266978922715,0.22766122766122765,0.4607329842931937,0.5554980595084088,False,False
0.10569449388797625,1585,1853,134,293,0.13653308480894688,0.68618266978922715,0.22774970851146523,0.46102385107620708,0.55523932729624836,False,False
0.10570726134897564,1586,1852,134,293,0.1365967365967366,0.68618266978922715,0.22783825816485226,0.46131471785922046,0.55498059508408792,False,False
0.1057508440565685,1587,1851,134,293,0.13666044776119404,0.68618266978922715,0.22792687670167253,0.46160558464223383,0.5547218628719276,False,False
0.10577029278257026,1588,1850,134,293,0.13672421838544097,0.68618266978922715,0.2280155642023346,0.46189645142524721,0.55446313065976716,False,False
0.10577607825698405,1589,1849,134,293,0.13678804855275445,0.68618266978922715,0.22810432074737252,0.46218731820826059,0.55420439844760672,False,False
0.10583795696233797,1589,1849,135,292,0.13638486688463336,0.68384074941451989,0.22741433021806853,0.46218731820826059,0.55394566623544628,False,False
0.1058921531119997,1590,1848,135,292,0.13644859813084112,0.68384074941451989,0.22750292169848074,0.46247818499127402,0.55368693402328595,False,False
0.10589540697574115,1591,1847,135,292,0.13651238896680692,0.68384074941451989,0.22759158222915044,0.4627690517742874,0.55342820181112551,False,False
0.10589574229225455,1592,1846,135,292,0.13657623947614594,0.68384074941451989,0.22768031189083823,0.46305991855730078,0.55316946959896507,False,False
0.10589864115434371,1593,1845,135,292,0.13664014974262986,0.68384074941451989,0.2277691107644306,0.46335078534031415,0.55291073738680463,False,False
0.10591660248223768,1594,1844,135,292,0.13670411985018727,0.68384074941451989,0.22785797893094031,0.46364165212332753,0.55265200517464419,False,False
0.1059178507735412,1595,1843,135,292,0.13676814988290398,0.68384074941451989,0.22794691647150664,0.46393251890634091,0.55239327296248386,False,False
0.10593510788891741,1595,1843,136,291,0.13636363636363635,0.68149882903981263,0.22725497852401405,0.46393251890634091,0.55213454075032342,False,False
0.1059427813944917,1596,1842,136,291,0.13642756680731363,0.68149882903981263,0.22734374999999998,0.46422338568935428,0.55187580853816298,False,False
0.10595804350592736,1597,1841,136,291,0.13649155722326453,0.68149882903981263,0.22743259085580303,0.46451425247236766,0.55161707632600254,False,False
0.10597738835486982,1598,1840,136,291,0.1365556076959174,0.68149882903981263,0.22752150117279121,0.46480511925538104,0.55135834411384221,False,False
0.10602056518342534,1599,1839,136,291,0.13661971830985917,0.68149882903981263,0.2276104810324599,0.46509598603839442,0.55109961190168177,False,False
0.10603334910247909,1600,1838,136,291,0.13668388914983559,0.68149882903981263,0.22769953051643194,0.46538685282140779,0.55084087968952133,False,False
0.10605485335156714,1601,1837,136,291,0.13674812030075187,0.68149882903981263,0.2277886497064579,0.46567771960442117,0.55058214747736089,False,False
0.10605830797375733,1601,1837,137,290,0.13634226610249178,0.67915690866510536,0.2270947533281128,0.46567771960442117,0.55032341526520057,False,False
0.10608422032633147,1601,1837,138,289,0.13593603010348071,0.6768149882903981,0.22640031335683508,0.46567771960442117,0.55006468305304013,False,False
0.10613042482257908,1602,1836,138,289,0.13600000000000001,0.6768149882903981,0.22648902821316613,0.46596858638743455,0.54980595084087969,False,False
0.10614585042812802,1602,1836,139,288,0.13559322033898305,0.67447306791569084,0.22579380635045082,0.46596858638743455,0.54954721862871925,False,False
0.10616806986154856,1603,1835,139,288,0.13565708902496468,0.67447306791569084,0.22588235294117648,0.46625945317044792,0.54928848641655881,False,False
0.10618525268479252,1603,1835,140,287,0.1352497643732328,0.67213114754098358,0.22518634758728914,0.46625945317044792,0.54902975420439848,False,False
0.10620867313236568,1603,1835,141,286,0.13484205563413484,0.66978922716627631,0.22448979591836735,0.46625945317044792,0.54877102199223804,False,False
0.10625483697799344,1604,1834,141,286,0.13490566037735849,0.66978922716627631,0.22457793482528465,0.4665503199534613,0.5485122897800776,False,False
0.10634097351818665,1605,1833,141,286,0.13496932515337423,0.66978922716627631,0.22466614296936371,0.46684118673647468,0.54825355756791716,False,False
0.10634477174876497,1606,1832,141,286,0.13503305004721436,0.66978922716627631,0.22475442043222005,0.46713205351948806,0.54799482535575683,False,False
0.10637701899680793,1607,1831,141,286,0.13509683514407181,0.66978922716627631,0.22484276729559749,0.46742292030250143,0.54773609314359639,False,False
0.1063981728123365,1608,1830,141,286,0.13516068052930058,0.66978922716627631,0.22493118364136849,0.46771378708551481,0.54747736093143595,False,False
0.10642388012095096,1609,1829,141,286,0.13522458628841608,0.66978922716627631,0.22501966955153424,0.46800465386852819,0.54721862871927551,False,False
0.10642726368058081,1610,1828,141,286,0.13528855250709557,0.66978922716627631,0.22510822510822512,0.46829552065154162,0.54695989650711518,False,False
0.10642955914834956,1611,1827,141,286,0.13535257927117841,0.66978922716627631,0.22519685039370077,0.468586387434555,0.54670116429495474,False,False
0.10647437319761495,1612,1826,141,286,0.13541666666666666,0.66978922716627631,0.22528554549035051,0.46887725421756837,0.5464424320827943,False,False
0.10648729288838767,1612,1826,142,285,0.1350071056371388,0.66744730679156905,0.22458628841607564,0.46887725421756837,0.54618369987063387,False,False
0.10650424457937187,1613,1825,142,285,0.13507109004739337,0.66744730679156905,0.22467481277098938,0.46916812100058175,0.54592496765847343,False,False
0.1065089495762144,1614,1824,142,285,0.13513513513513514,0.66744730679156905,0.22476340694006308,0.46945898778359513,0.5456662354463131,False,False
0.10652636081056131,1615,1823,142,285,0.13519924098671726,0.66744730679156905,0.22485207100591717,0.4697498545666085,0.54540750323415266,False,False
0.10652726134422343,1616,1822,142,285,0.13526340768865686,0.66744730679156905,0.22494080505130226,0.47004072134962188,0.54514877102199222,False,False
0.10665969313822521,1616,1822,143,284,0.13485280151946819,0.66510538641686179,0.22424003158310304,0.47004072134962188,0.54489003880983178,False,False
0.10668682893044133,1617,1821,143,284,0.134916864608076,0.66510538641686179,0.22432859399684044,0.47033158813263526,0.54463130659767145,False,False
0.10671288708110201,1618,1820,143,284,0.13498098859315588,0.66510538641686179,0.22441722639273012,0.47062245491564864,0.54437257438551101,False,False
0.106781303552919,1619,1819,143,284,0.13504517356157869,0.66510538641686179,0.22450592885375495,0.47091332169866201,0.54411384217335057,False,False
0.10681983309324043,1620,1818,143,284,0.13510941960038059,0.66510538641686179,0.22459470146302885,0.47120418848167539,0.54385510996119013,False,False
0.10683417961866631,1621,1817,143,284,0.13517372679676345,0.66510538641686179,0.2246835443037975,0.47149505526468877,0.5435963777490298,False,False
0.10685410386933049,1622,1816,143,284,0.13523809523809524,0.66510538641686179,0.22477245745943805,0.47178592204770214,0.54333764553686936,False,False
0.10689515469442404,1623,1815,143,284,0.13530252501191042,0.66510538641686179,0.22486144101346001,0.47207678883071552,0.54307891332470892,False,False
0.10690218410302785,1624,1814,143,284,0.13536701620591038,0.66510538641686179,0.22495049504950493,0.4723676556137289,0.54282018111254848,False,False
0.10691931866661375,1625,1813,143,284,0.13543156890796376,0.66510538641686179,0.22503961965134708,0.47265852239674228,0.54256144890038804,False,False
0.10692804093132333,1626,1812,143,284,0.13549618320610687,0.66510538641686179,0.22512881490289338,0.47294938917975565,0.54230271668822772,False,False
0.10696266366973844,1627,1811,143,284,0.13556085918854416,0.66510538641686179,0.22521808088818399,0.47324025596276903,0.54204398447606728,False,False
0.10697868604966475,1628,1810,143,284,0.13562559694364851,0.66510538641686179,0.22530741769139229,0.47353112274578241,0.54178525226390684,False,False
0.10698863613573285,1628,1810,144,283,0.13521261347348304,0.66276346604215453,0.22460317460317461,0.47353112274578241,0.5415265200517464,False,False
0.10703002179524852,1629,1809,144,283,0.13527724665391969,0.66276346604215453,0.22469233822945614,0.47382198952879578,0.54126778783958607,False,False
0.10705087427880673,1630,1808,144,283,0.13534194165471067,0.66276346604215453,0.22478157267672755,0.47411285631180922,0.54100905562742563,False,False
0.10706919954143083,1630,1808,145,282,0.13492822966507176,0.66042154566744726,0.22407628128724671,0.47411285631180922,0.54075032341526519,False,False
0.1070883434059092,1631,1807,145,282,0.13499281953087602,0.66042154566744726,0.22416534181240061,0.47440372309482259,0.54049159120310475,False,False
0.10710391181507206,1631,1807,146,281,0.13457854406130268,0.65807962529274,0.22345924453280319,0.47440372309482259,0.54023285899094442,False,False
0.10713273394739975,1632,1806,146,281,0.13464302827024438,0.65807962529274,0.22354813046937155,0.47469458987783597,0.53997412677878398,False,False
0.10719346174427832,1633,1805,146,281,0.13470757430488975,0.65807962529274,0.22363708714683644,0.47498545666084935,0.53971539456662354,False,False
0.10722061008699293,1634,1804,146,281,0.13477218225419665,0.65807962529274,0.22372611464968156,0.47527632344386272,0.5394566623544631,False,False
0.1072442859123604,1635,1803,146,281,0.13483685220729366,0.65807962529274,0.22381521306252489,0.4755671902268761,0.53919793014230266,False,False
0.10724739118590898,1636,1802,146,281,0.13490158425348056,0.65807962529274,0.22390438247011951,0.47585805700988948,0.53893919793014233,False,False
0.10726164160599769,1637,1801,146,281,0.13496637848222862,0.65807962529274,0.22399362295735351,0.47614892379290286,0.53868046571798189,False,False
0.10726447660526447,1638,1800,146,281,0.13503123498318118,0.65807962529274,0.22408293460925041,0.47643979057591623,0.53842173350582145,False,False
0.10736183130002933,1639,1799,146,281,0.13509615384615384,0.65807962529274,0.22417231751096928,0.47673065735892961,0.53816300129366101,False,False
0.10737391166263367,1640,1798,146,281,0.13516113516113515,0.65807962529274,0.22426177174780523,0.47702152414194299,0.53790426908150069,False,False
0.1073768975608316,1641,1797,146,281,0.13522617901828682,0.65807962529274,0.22435129740518961,0.47731239092495636,0.53764553686934025,False,False
0.10738929403977669,1642,1796,146,281,0.13529128550794414,0.65807962529274,0.22444089456869007,0.47760325770796974,0.53738680465717981,False,False
0.10740053299142104,1642,1796,147,280,0.13487475915221581,0.65573770491803274,0.22373152217339196,0.47760325770796974,0.53712807244501937,False,False
0.10744908093399648,1643,1795,147,280,0.13493975903614458,0.65573770491803274,0.22382094324540366,0.47789412449098312,0.53686934023285904,False,False
0.10747096740239914,1644,1794,147,280,0.13500482160077146,0.65573770491803274,0.22391043582566972,0.4781849912739965,0.5366106080206986,False,False
0.107496152109642,1645,1793,147,280,0.13506994693680657,0.65573770491803274,0.22400000000000003,0.47847585805700987,0.53635187580853816,False,False
0.10753549983328727,1646,1792,147,280,0.13513513513513514,0.65573770491803274,0.22408963585434175,0.47876672484002325,0.53609314359637772,False,False
0.10753871471595332,1647,1791,147,280,0.13520038628681796,0.65573770491803274,0.2241793434747798,0.47905759162303663,0.53583441138421728,False,False
0.1075625647036519,1648,1790,147,280,0.13526570048309178,0.65573770491803274,0.22426912294753701,0.47934845840605,0.53557567917205695,False,False
0.10757013279746071,1648,1790,148,279,0.1348477525374577,0.65339578454332548,0.22355769230769229,0.47934845840605,0.53531694695989651,False,False
0.10757556031169974,1649,1789,148,279,0.1349129593810445,0.65339578454332548,0.22364729458917837,0.47963932518906338,0.53505821474773607,False,False
0.10760025429648196,1650,1788,148,279,0.13497822931785197,0.65339578454332548,0.22373696872493989,0.47993019197207681,0.53479948253557563,False,False
0.10760500523101386,1651,1787,148,279,0.13504356243949661,0.65339578454332548,0.223826714801444,0.48022105875509019,0.5345407503234153,False,False
0.10761897091730389,1652,1786,148,279,0.13510895883777241,0.65339578454332548,0.22391653290529698,0.48051192553810357,0.53428201811125486,False,False
0.10767949646141761,1653,1785,148,279,0.13517441860465115,0.65339578454332548,0.22400642312324365,0.48080279232111695,0.53402328589909442,False,False
0.10771416750262484,1654,1784,148,279,0.13523994183228308,0.65339578454332548,0.22409638554216868,0.48109365910413032,0.53376455368693398,False,False
0.1078440635418204,1655,1783,148,279,0.13530552861299708,0.65339578454332548,0.22418642024909602,0.4813845258871437,0.53350582147477366,False,False
0.10785860167338913,1656,1782,148,279,0.13537117903930132,0.65339578454332548,0.22427652733118972,0.48167539267015708,0.53324708926261322,False,False
0.10787365259527278,1657,1781,148,279,0.1354368932038835,0.65339578454332548,0.22436670687575394,0.48196625945317045,0.53298835705045278,False,False
0.10789781614989598,1657,1781,149,278,0.13501699854298202,0.65105386416861821,0.2236524537409493,0.48196625945317045,0.53272962483829234,False,False
0.10791020825696636,1658,1780,149,278,0.13508260447035958,0.65105386416861821,0.22374245472837023,0.48225712623618383,0.53247089262613201,False,False
0.10792586496375535,1659,1779,149,278,0.13514827418570735,0.65105386416861821,0.22383252818035426,0.48254799301919721,0.53221216041397157,False,False
0.10793659598364116,1660,1778,149,278,0.13521400778210116,0.65105386416861821,0.22392267418445427,0.48283885980221058,0.53195342820181113,False,False
0.10794162402807213,1660,1778,150,277,0.13479318734793189,0.64871194379391106,0.22320709105560035,0.48283885980221058,0.53169469598965069,False,False
0.1079770758890114,1661,1777,150,277,0.13485881207400194,0.64871194379391106,0.22329705763804916,0.48312972658522396,0.53143596377749025,False,False
0.10798132210610675,1662,1776,150,277,0.13492450073063808,0.64871194379391106,0.22338709677419355,0.48342059336823734,0.53117723156532992,False,False
0.10805597174038237,1663,1775,150,277,0.13499025341130605,0.64871194379391106,0.22347720855183542,0.48371146015125072,0.53091849935316948,False,False
0.10806746221471941,1664,1774,150,277,0.13505607020965382,0.64871194379391106,0.22356739305891846,0.48400232693426409,0.53065976714100904,False,False
0.10807897457398916,1665,1773,150,277,0.1351219512195122,0.64871194379391106,0.2236576503835285,0.48429319371727747,0.5304010349288486,False,False
0.10809232313843428,1666,1772,150,277,0.13518789653489507,0.64871194379391106,0.22374798061389339,0.48458406050029085,0.53014230271668827,False,False
0.10809907241013224,1667,1771,150,277,0.13525390625,0.64871194379391106,0.22383838383838384,0.48487492728330422,0.52988357050452783,False,False
0.10812620866726141,1668,1770,150,277,0.13531998045920859,0.64871194379391106,0.22392886014551333,0.4851657940663176,0.52962483829236739,False,False
0.10815469540300736,1669,1769,150,277,0.13538611925708699,0.64871194379391106,0.22401940962393851,0.48545666084933098,0.52936610608020696,False,False
0.10817468963592113,1670,1768,150,277,0.13545232273838631,0.64871194379391106,0.22411003236245955,0.48574752763234441,0.52910737386804663,False,False
0.10821454781259315,1671,1767,150,277,0.13551859099804306,0.64871194379391106,0.22420072845002023,0.48603839441535779,0.52884864165588619,False,False
0.10822338010749458,1672,1766,150,277,0.13558492413117965,0.64871194379391106,0.22429149797570852,0.48632926119837117,0.52858990944372575,False,False
0.1082249494564321,1673,1765,150,277,0.1356513222331048,0.64871194379391106,0.22438234102875659,0.48662012798138454,0.52833117723156531,False,False
0.10822677299272401,1674,1764,150,277,0.13571778539931406,0.64871194379391106,0.22447325769854129,0.48691099476439792,0.52807244501940487,False,False
0.10822724227061166,1675,1763,150,277,0.13578431372549019,0.64871194379391106,0.22456424807458453,0.4872018615474113,0.52781371280724454,False,False
0.10825495763898971,1676,1762,150,277,0.13585090730750368,0.64871194379391106,0.22465531224655313,0.48749272833042467,0.5275549805950841,False,False
0.10830949112580991,1677,1761,150,277,0.13591756624141316,0.64871194379391106,0.22474645030425966,0.48778359511343805,0.52729624838292366,False,False
0.10831171182357505,1678,1760,150,277,0.13598429062346587,0.64871194379391106,0.22483766233766234,0.48807446189645143,0.52703751617076322,False,False
0.10838850787009381,1679,1759,150,277,0.13605108055009824,0.64871194379391106,0.22492894843686559,0.48836532867946481,0.52677878395860289,False,False
0.10843274770572651,1679,1759,151,276,0.13562653562653562,0.6463700234192038,0.22420796100731114,0.48836532867946481,0.52652005174644245,False,False
0.10846823670217737,1680,1758,151,276,0.13569321533923304,0.6463700234192038,0.22429906542056072,0.48865619546247818,0.52626131953428201,False,False
0.10848100605951468,1681,1757,151,276,0.13575996064928678,0.6463700234192038,0.22439024390243906,0.48894706224549156,0.52600258732212157,False,False
0.10848599687422929,1682,1756,151,276,0.13582677165354332,0.6463700234192038,0.22448149654331029,0.48923792902850494,0.52574385510996124,False,False
0.10860080829258642,1683,1755,151,276,0.13589364844903989,0.6463700234192038,0.22457282343368598,0.48952879581151831,0.5254851228978008,False,False
0.10866562825599443,1684,1754,151,276,0.13596059113300493,0.6463700234192038,0.22466422466422467,0.48981966259453169,0.52522639068564037,False,False
0.1086788391983054,1684,1754,152,275,0.13553474618038441,0.64402810304449654,0.22394136807817586,0.48981966259453169,0.52496765847347993,False,False
0.10869717875226992,1685,1753,152,275,0.13560157790927022,0.64402810304449654,0.22403258655804481,0.49011052937754507,0.52470892626131949,False,False
0.10869764775236815,1686,1752,152,275,0.1356684755796744,0.64402810304449654,0.22412387938060307,0.49040139616055844,0.52445019404915916,False,False
0.10873710952597597,1687,1751,152,275,0.1357354392892399,0.64402810304449654,0.22421524663677131,0.49069226294357182,0.52419146183699872,False,False
0.10873759628466698,1688,1750,152,275,0.13580246913580246,0.64402810304449654,0.22430668841761828,0.4909831297265852,0.52393272962483828,False,False
0.10879453795084028,1689,1749,152,275,0.1358695652173913,0.64402810304449654,0.22439820481436146,0.49127399650959858,0.52367399741267784,False,False
0.10879604571548034,1690,1748,152,275,0.13593672763222936,0.64402810304449654,0.22448979591836735,0.49156486329261201,0.52341526520051751,False,False
0.10883202033615701,1691,1747,152,275,0.13600395647873392,0.64402810304449654,0.22458146182115152,0.49185573007562539,0.52315653298835707,False,False
0.10887792244181116,1692,1746,152,275,0.13607125185551708,0.64402810304449654,0.22467320261437912,0.49214659685863876,0.52289780077619663,False,False
0.10889229186354475,1692,1746,153,274,0.13564356435643565,0.64168618266978927,0.22394769105026563,0.49214659685863876,0.52263906856403619,False,False
0.10891707902130479,1693,1745,153,274,0.13571074789499751,0.64168618266978927,0.22403924775143089,0.49243746364165214,0.52238033635187586,False,False
0.10900153906498782,1694,1744,153,274,0.13577799801783944,0.64168618266978927,0.22413087934560327,0.49272833042466552,0.52212160413971542,False,False
0.1090382058277404,1695,1743,153,274,0.13584531482399603,0.64168618266978927,0.22422258592471361,0.49301919720767889,0.52186287192755498,False,False
0.109040831821599,1696,1742,153,274,0.1359126984126984,0.64168618266978927,0.22431436758084322,0.49331006399069227,0.52160413971539454,False,False
0.10905020529815904,1697,1741,153,274,0.1359801488833747,0.64168618266978927,0.22440622440622443,0.49360093077370565,0.5213454075032341,False,False
0.10908891191520489,1698,1740,153,274,0.13604766633565044,0.64168618266978927,0.22449815649324045,0.49389179755671903,0.52108667529107378,False,False
0.10909437398842647,1699,1739,153,274,0.13611525086934922,0.64168618266978927,0.22459016393442621,0.4941826643397324,0.52082794307891334,False,False
0.10910714944219103,1700,1738,153,274,0.13618290258449303,0.64168618266978927,0.22468224682246821,0.49447353112274578,0.5205692108667529,False,False
0.10913252274744051,1701,1737,153,274,0.13625062158130283,0.64168618266978927,0.22477440525020506,0.49476439790575916,0.52031047865459246,False,False
0.10916435361693268,1702,1736,153,274,0.13631840796019901,0.64168618266978927,0.22486663931062781,0.49505526468877253,0.52005174644243213,False,False
0.10917058822646755,1703,1735,153,274,0.13638626182180189,0.64168618266978927,0.22495894909688013,0.49534613147178591,0.51979301423027169,False,False
0.10922935524045586,1704,1734,153,274,0.13645418326693226,0.64168618266978927,0.22505133470225869,0.49563699825479929,0.51953428201811125,False,False
0.10924505459863651,1705,1733,153,274,0.13652217239661185,0.64168618266978927,0.2251437962202136,0.49592786503781267,0.51927554980595081,False,False
0.10924826771098176,1706,1732,153,274,0.1365902293120638,0.64168618266978927,0.22523633374434854,0.49621873182082604,0.51901681759379048,False,False
0.10924980773447419,1707,1731,153,274,0.13665835411471322,0.64168618266978927,0.22532894736842105,0.49650959860383942,0.51875808538163004,False,False
0.10929010792378485,1708,1730,153,274,0.13672654690618763,0.64168618266978927,0.22542163718634312,0.4968004653868528,0.5184993531694696,False,False
0.10930355395167272,1709,1729,153,274,0.13679480778831751,0.64168618266978927,0.22551440329218106,0.49709133216986617,0.51824062095730916,False,False
0.10931522769398054,1710,1728,153,274,0.13686313686313686,0.64168618266978927,0.22560724578015645,0.49738219895287961,0.51798188874514872,False,False
0.10935024667346373,1711,1727,153,274,0.13693153423288357,0.64168618266978927,0.2257001647446458,0.49767306573589298,0.51772315653298839,False,False
0.10936152774490748,1712,1726,153,274,0.13700000000000001,0.64168618266978927,0.22579316028018132,0.49796393251890636,0.51746442432082795,False,False
0.10936640376374152,1713,1725,153,274,0.13706853426713356,0.64168618266978927,0.22588623248145093,0.49825479930191974,0.51720569210866751,False,False
0.10940124154810714,1714,1724,153,274,0.13713713713713713,0.64168618266978927,0.22597938144329896,0.49854566608493311,0.51694695989650707,False,False
0.1094474965356782,1715,1723,153,274,0.13720580871306962,0.64168618266978927,0.22607260726072609,0.49883653286794649,0.51668822768434675,False,False
0.10947170492266799,1716,1722,153,274,0.13727454909819639,0.64168618266978927,0.2261659100288898,0.49912739965095987,0.51642949547218631,False,False
0.10951526504722382,1717,1721,153,274,0.13734335839598996,0.64168618266978927,0.22625928984310484,0.49941826643397325,0.51617076326002587,False,False
0.10959414821854867,1718,1720,153,274,0.13741223671013039,0.64168618266978927,0.22635274679884348,0.49970913321698662,0.51591203104786543,False,False
0.10959524057183045,1718,1720,154,273,0.13697942799799298,0.63934426229508201,0.22561983471074382,0.49970913321698662,0.5156532988357051,False,False
0.10960329673088737,1719,1719,154,273,0.13704819277108435,0.63934426229508201,0.225713104588673,0.5,0.51539456662354466,False,False
0.10967448752283253,1720,1718,154,273,0.13711702661978906,0.63934426229508201,0.22580645161290325,0.50029086678301338,0.51513583441138422,False,False
0.1096959489401972,1721,1717,154,273,0.13718592964824119,0.63934426229508201,0.22589987587918908,0.50058173356602675,0.51487710219922378,False,False
0.10969639488382581,1722,1716,154,273,0.13725490196078433,0.63934426229508201,0.22599337748344375,0.50087260034904013,0.51461836998706334,False,False
0.10971250566215758,1723,1715,154,273,0.13732394366197184,0.63934426229508201,0.22608695652173913,0.50116346713205351,0.51435963777490301,False,False
0.10972510422013226,1724,1714,154,273,0.13739305485656769,0.63934426229508201,0.22618061309030654,0.50145433391506689,0.51410090556274257,False,False
0.10974987920401413,1725,1713,154,273,0.13746223564954682,0.63934426229508201,0.22627434728553666,0.50174520069808026,0.51384217335058213,False,False
0.10975214420302043,1725,1713,155,272,0.13702770780856424,0.63700234192037475,0.22553897180762855,0.50174520069808026,0.51358344113842169,False,False
0.10975899381080698,1726,1712,155,272,0.13709677419354838,0.63700234192037475,0.22563251762754044,0.50203606748109364,0.51332470892626136,False,False
0.10978284793709547,1727,1711,155,272,0.13716591023701463,0.63700234192037475,0.22572614107883818,0.50232693426410702,0.51306597671410092,False,False
0.10980950286731812,1728,1710,155,272,0.13723511604439959,0.63700234192037475,0.2258198422581984,0.50261780104712039,0.51280724450194048,False,False
0.10981608766359018,1729,1709,155,272,0.13730439172135286,0.63700234192037475,0.22591362126245848,0.50290866783013377,0.51254851228978004,False,False
0.10985276699164244,1730,1708,155,272,0.13737373737373737,0.63700234192037475,0.22600747818861652,0.50319953461314715,0.51228978007761972,False,False
0.10991482224521087,1731,1707,155,272,0.13744315310763011,0.63700234192037475,0.22610141313383209,0.50349040139616053,0.51203104786545928,False,False
0.10996072005984862,1732,1706,155,272,0.13751263902932254,0.63700234192037475,0.22619542619542618,0.5037812681791739,0.51177231565329884,False,False
0.1099855025439541,1733,1705,155,272,0.1375821952453212,0.63700234192037475,0.22628951747088186,0.50407213496218728,0.5115135834411384,False,False
0.11001361495721179,1734,1704,155,272,0.13765182186234817,0.63700234192037475,0.22638368705784437,0.50436300174520066,0.51125485122897796,False,False
0.11003899147270382,1735,1703,155,272,0.13772151898734178,0.63700234192037475,0.22647793505412159,0.50465386852821403,0.51099611901681763,False,False
0.11008678749763692,1736,1702,155,272,0.13779128672745694,0.63700234192037475,0.22657226155768431,0.50494473531122741,0.51073738680465719,False,False
0.11008815788725308,1737,1701,155,272,0.13786112519006588,0.63700234192037475,0.22666666666666666,0.50523560209424079,0.51047865459249675,False,False
0.11011389575664213,1737,1701,156,271,0.1374239350912779,0.63466042154566749,0.2259274697790746,0.50523560209424079,0.51021992238033631,False,False
0.110127354477393,1738,1700,156,271,0.13749365804160324,0.63466042154566749,0.22602168473728104,0.50552646887725416,0.50996119016817598,False,False
0.1101426169272668,1739,1699,156,271,0.13756345177664975,0.63466042154566749,0.2261159783062161,0.50581733566026765,0.50970245795601554,False,False
0.11017638582167477,1739,1699,157,270,0.13712544438801422,0.63231850117096022,0.22537562604340569,0.50581733566026765,0.5094437257438551,False,False
0.11019087825250881,1740,1698,157,270,0.13719512195121952,0.63231850117096022,0.22546972860125264,0.50610820244328103,0.50918499353169466,False,False
0.11028400415554133,1741,1697,157,270,0.13726487036095578,0.63231850117096022,0.22556390977443611,0.50639906922629441,0.50892626131953433,False,False
0.11029607152150848,1742,1696,157,270,0.13733468972533061,0.63231850117096022,0.22565816966151273,0.50668993600930778,0.50866752910737389,False,False
0.11030044035368196,1743,1695,157,270,0.13740458015267176,0.63231850117096022,0.22575250836120403,0.50698080279232116,0.50840879689521346,False,False
0.11032650540589674,1744,1694,157,270,0.13747454175152748,0.63231850117096022,0.22584692597239647,0.50727166957533454,0.50815006468305302,False,False
0.11034645943046553,1745,1693,157,270,0.13754457463066735,0.63231850117096022,0.22594142259414229,0.50756253635834792,0.50789133247089258,False,False
0.11046204364895006,1746,1692,157,270,0.13761467889908258,0.63231850117096022,0.22603599832565927,0.50785340314136129,0.50763260025873225,False,False
0.11052516665227548,1747,1691,157,270,0.13768485466598673,0.63231850117096022,0.22613065326633161,0.50814426992437467,0.50737386804657181,False,False
0.11054326274226903,1747,1691,158,269,0.13724489795918368,0.62997658079625296,0.22538751571009635,0.50814426992437467,0.50711513583441137,False,False
0.11055203849225298,1748,1690,158,269,0.13731495661051557,0.62997658079625296,0.22548197820620283,0.50843513670738805,0.50685640362225093,False,False
0.11062593653014148,1749,1689,158,269,0.13738508682328907,0.62997658079625296,0.22557651991614255,0.50872600349040142,0.5065976714100906,False,False
0.11066502884890732,1750,1688,158,269,0.13745528870720491,0.62997658079625296,0.22567114093959734,0.5090168702734148,0.50633893919793016,False,False
0.11066504224409147,1751,1687,158,269,0.13752556237218813,0.62997658079625296,0.22576584137641628,0.50930773705642818,0.50608020698576972,False,False
0.11067233522728016,1752,1686,158,269,0.13759590792838874,0.62997658079625296,0.22586062132661627,0.50959860383944156,0.50582147477360928,False,False
0.11071514755105667,1752,1686,159,268,0.13715455475946775,0.6276346604215457,0.22511549769004621,0.50959860383944156,0.50556274256144895,False,False
0.11071542690867568,1752,1686,160,267,0.13671274961597543,0.62529274004683844,0.22436974789915967,0.50959860383944156,0.50530401034928851,False,False
0.11074059686293934,1753,1685,160,267,0.13678278688524589,0.62529274004683844,0.2244640605296343,0.50988947062245493,0.50504527813712807,False,False
0.11079936434174815,1754,1684,160,267,0.13685289595079447,0.62529274004683844,0.22455845248107659,0.51018033740546831,0.50478654592496763,False,False
0.11080061015192914,1755,1683,160,267,0.13692307692307693,0.62529274004683844,0.22465292385359698,0.51047120418848169,0.50452781371280719,False,False
0.11080776967779886,1756,1682,160,267,0.13699332991277577,0.62529274004683844,0.22474747474747472,0.51076207097149506,0.50426908150064687,False,False
0.11081382212345608,1757,1681,160,267,0.13706365503080081,0.62529274004683844,0.22484210526315784,0.51105293775450844,0.50401034928848643,False,False
0.11085239641580595,1758,1680,160,267,0.13713405238828968,0.62529274004683844,0.22493681550126371,0.51134380453752182,0.50375161707632599,False,False
0.11091507287169447,1759,1679,160,267,0.13720452209660844,0.62529274004683844,0.22503160556257903,0.51163467132053519,0.50349288486416555,False,False
0.11093905753932549,1760,1678,160,267,0.1372750642673522,0.62529274004683844,0.22512647554806076,0.51192553810354857,0.50323415265200522,False,False
0.11095969536708609,1761,1677,160,267,0.13734567901234568,0.62529274004683844,0.22522142555883592,0.51221640488656195,0.50297542043984478,False,False
0.11099577827623167,1762,1676,160,267,0.13741636644364386,0.62529274004683844,0.22531645569620254,0.51250727166957533,0.50271668822768434,False,False
0.1110041026865296,1763,1675,160,267,0.13748712667353244,0.62529274004683844,0.22541156606162938,0.5127981384525887,0.5024579560155239,False,False
0.11106250975899828,1764,1674,160,267,0.13755795981452859,0.62529274004683844,0.22550675675675677,0.51308900523560208,0.50219922380336357,False,False
0.11107121617332943,1765,1673,160,267,0.13762886597938145,0.62529274004683844,0.22560202788339673,0.51337987201861546,0.50194049159120313,False,False
0.11109169308421762,1765,1673,161,266,0.13718411552346571,0.62295081967213117,0.22485207100591717,0.51337987201861546,0.50168175937904269,False,False
0.11110842664991993,1766,1672,161,266,0.13725490196078433,0.62295081967213117,0.22494714587737849,0.51367073880162883,0.50142302716688225,False,False
0.11113524200247674,1766,1672,162,265,0.13680949922560662,0.62060889929742391,0.2241962774957699,0.51367073880162883,0.50116429495472181,False,False
0.11117164051701814,1767,1671,162,265,0.1368801652892562,0.62060889929742391,0.22429115531104529,0.51396160558464221,0.50090556274256148,False,False
0.11117308052674496,1768,1670,162,265,0.13695090439276486,0.62060889929742391,0.22438611346316681,0.51425247236765559,0.50064683053040104,False,False
0.11124253765284162,1769,1669,162,265,0.13702171664943122,0.62060889929742391,0.22448115205421432,0.51454333915066897,0.5003880983182406,False,False
0.111278076523752,1770,1668,162,265,0.1370926021727884,0.62060889929742391,0.22457627118644066,0.51483420593368234,0.50012936610608016,False,False
0.11131225304262533,1771,1667,162,265,0.13716356107660455,0.62060889929742391,0.22467147096227214,0.51512507271669572,0.49987063389391978,False,False
0.11132291194720892,1772,1666,162,265,0.13723459347488348,0.62060889929742391,0.22476675148430872,0.5154159394997091,0.4996119016817594,False,False
0.11137879227884687,1772,1666,163,264,0.13678756476683937,0.61826697892271665,0.22401357658039878,0.5154159394997091,0.49935316946959896,False,False
0.11138806576758373,1773,1665,163,264,0.13685847589424571,0.61826697892271665,0.22410865874363325,0.51570680628272247,0.49909443725743857,False,False
0.11143112137276183,1774,1664,163,264,0.13692946058091288,0.61826697892271665,0.22420382165605102,0.51599767306573585,0.49883570504527813,False,False
0.11143864386418356,1775,1663,163,264,0.13700051894135962,0.61826697892271665,0.22429906542056072,0.51628853984874923,0.49857697283311775,False,False
0.11155213948405093,1776,1662,163,264,0.13707165109034267,0.61826697892271665,0.22439439014024645,0.51657940663176261,0.49831824062095731,False,False
0.1115710133195939,1777,1661,163,264,0.13714285714285715,0.61826697892271665,0.22448979591836737,0.51687027341477598,0.49805950840879687,False,False
0.11157898449703678,1778,1660,163,264,0.13721413721413722,0.61826697892271665,0.22458528285835813,0.51716114019778936,0.49780077619663649,False,False
0.11161487980049171,1779,1659,163,264,0.13728549141965679,0.61826697892271665,0.22468085106382979,0.51745200698080285,0.49754204398447605,False,False
0.11163923465619373,1780,1658,163,264,0.13735691987513007,0.61826697892271665,0.22477650063856958,0.51774287376381622,0.49728331177231566,False,False
0.11164157279213639,1781,1657,163,264,0.13742842269651223,0.61826697892271665,0.22487223168654172,0.5180337405468296,0.49702457956015522,False,False
0.1116696715720283,1782,1656,163,264,0.13750000000000001,0.61826697892271665,0.22496804431188755,0.51832460732984298,0.49676584734799484,False,False
0.11168963390810861,1783,1655,163,264,0.1375716519020323,0.61826697892271665,0.22506393861892585,0.51861547411285636,0.4965071151358344,False,False
0.11172303442259342,1784,1654,163,264,0.13764337851929093,0.61826697892271665,0.22515991471215352,0.51890634089586973,0.49624838292367401,False,False
0.11175164315961807,1785,1653,163,264,0.13771517996870108,0.61826697892271665,0.2252559726962457,0.51919720767888311,0.49598965071151357,False,False
0.11177340505258671,1786,1652,163,264,0.13778705636743216,0.61826697892271665,0.22535211267605637,0.51948807446189649,0.49573091849935319,False,False
0.11181855087485246,1787,1651,163,264,0.13785900783289817,0.61826697892271665,0.22544833475661827,0.51977894124490986,0.49547218628719275,False,False
0.11185640165515083,1788,1650,163,264,0.13793103448275862,0.61826697892271665,0.22554463904314395,0.52006980802792324,0.49521345407503237,False,False
0.11185716755296361,1789,1649,163,264,0.13800313643491899,0.61826697892271665,0.22564102564102564,0.52036067481093662,0.49495472186287193,False,False
0.11187587381065192,1790,1648,163,264,0.13807531380753138,0.61826697892271665,0.22573749465583584,0.52065154159395,0.49469598965071149,False,False
0.11190153800838296,1791,1647,163,264,0.13814756671899528,0.61826697892271665,0.22583404619332761,0.52094240837696337,0.4944372574385511,False,False
0.11195758481529909,1792,1646,163,264,0.13821989528795811,0.61826697892271665,0.2259306803594352,0.52123327515997675,0.49417852522639066,False,False
0.11199807387233222,1793,1645,163,264,0.13829229963331588,0.61826697892271665,0.22602739726027396,0.52152414194299013,0.49391979301423028,False,False
0.11199995512834737,1794,1644,163,264,0.13836477987421383,0.61826697892271665,0.22612419700214134,0.5218150087260035,0.49366106080206984,False,False
0.11203642431876579,1795,1643,163,264,0.13843733613004719,0.61826697892271665,0.22622107969151672,0.52210587550901688,0.49340232858990946,False,False
0.1120445929107447,1796,1642,163,264,0.13850996852046171,0.61826697892271665,0.22631804543506215,0.52239674229203026,0.49314359637774902,False,False
0.11206426950892875,1797,1641,163,264,0.13858267716535433,0.61826697892271665,0.22641509433962262,0.52268760907504364,0.49288486416558863,False,False
0.11210750476616817,1798,1640,163,264,0.13865546218487396,0.61826697892271665,0.22651222651222652,0.52297847585805701,0.49262613195342819,False,False
0.11215979338380437,1799,1639,163,264,0.13872832369942195,0.61826697892271665,0.22660944206008582,0.52326934264107039,0.49236739974126781,False,False
0.11216416726150433,1800,1638,163,264,0.13880126182965299,0.61826697892271665,0.22670674109059682,0.52356020942408377,0.49210866752910737,False,False
0.11219745340829272,1801,1637,163,264,0.13887427669647553,0.61826697892271665,0.22680412371134018,0.52385107620709714,0.49184993531694698,False,False
0.11222318771856769,1802,1636,163,264,0.13894736842105262,0.61826697892271665,0.22690159003008165,0.52414194299011052,0.49159120310478654,False,False
0.1122390762729059,1803,1635,163,264,0.13902053712480253,0.61826697892271665,0.22699914015477216,0.5244328097731239,0.49133247089262611,False,False
0.11226126739947249,1804,1634,163,264,0.13909378292939936,0.61826697892271665,0.2270967741935484,0.52472367655613728,0.49107373868046572,False,False
0.11226328718013863,1805,1633,163,264,0.13916710595677384,0.61826697892271665,0.2271944922547332,0.52501454333915065,0.49081500646830528,False,False
0.11227578238176389,1806,1632,163,264,0.13924050632911392,0.61826697892271665,0.22729229444683599,0.52530541012216403,0.4905562742561449,False,False
0.11230104508022959,1807,1631,163,264,0.13931398416886542,0.61826697892271665,0.22739018087855298,0.52559627690517741,0.49029754204398446,False,False
0.11235720982753612,1807,1631,164,263,0.13885955649419218,0.61592505854800939,0.2266264541146058,0.52559627690517741,0.49003880983182407,False,False
0.11236867036442418,1808,1630,164,263,0.13893291072371897,0.61592505854800939,0.22672413793103452,0.52588714368819078,0.48978007761966363,False,False
0.11236887365513368,1809,1629,164,263,0.13900634249471458,0.61592505854800939,0.22682190599396293,0.52617801047120416,0.48952134540750325,False,False
0.11242148348227951,1810,1628,164,263,0.13907985193019567,0.61592505854800939,0.22691975841242451,0.52646887725421754,0.48926261319534281,False,False
0.11242323495909486,1811,1627,164,263,0.13915343915343914,0.61592505854800939,0.22701769529564089,0.52675974403723091,0.48900388098318243,False,False
0.112428355143519,1811,1627,165,262,0.13869772366331393,0.61358313817330212,0.22625215889464595,0.52675974403723091,0.48874514877102199,False,False
0.11243013490614635,1812,1626,165,262,0.13877118644067796,0.61358313817330212,0.22634989200863931,0.52705061082024429,0.4884864165588616,False,False
0.11247308323601375,1813,1625,165,262,0.13884472708002119,0.61358313817330212,0.226447709593777,0.52734147760325767,0.48822768434670116,False,False
0.11249327958894699,1814,1624,165,262,0.13891834570519618,0.61358313817330212,0.22654561175961954,0.52763234438627105,0.48796895213454072,False,False
0.11249437141771096,1815,1623,165,262,0.13899204244031829,0.61358313817330212,0.22664359861591696,0.52792321116928442,0.48771021992238034,False,False
0.11250363583266204,1816,1622,165,262,0.13906581740976645,0.61358313817330212,0.22674167027260927,0.5282140779522978,0.4874514877102199,False,False
0.11251130514798209,1816,1622,166,261,0.13860860329261815,0.61124121779859486,0.22597402597402594,0.5282140779522978,0.48719275549805952,False,False
0.11251832905254612,1817,1621,166,261,0.13868225292242295,0.61124121779859486,0.22607189259419658,0.52850494473531118,0.48693402328589908,False,False
0.11255340450618243,1818,1620,166,261,0.13875598086124402,0.61124121779859486,0.22616984402079723,0.52879581151832455,0.48667529107373869,False,False
0.11256772707394223,1819,1619,166,261,0.13882978723404255,0.61124121779859486,0.22626788036410925,0.52908667830133804,0.48641655886157825,False,False
0.11258453878527251,1820,1618,166,261,0.13890367216604577,0.61124121779859486,0.22636600173460542,0.52937754508435142,0.48615782664941787,False,False
0.11261768970838108,1821,1617,166,261,0.1389776357827476,0.61124121779859486,0.2264642082429501,0.5296684118673648,0.48589909443725743,False,False
0.11263975826012171,1822,1616,166,261,0.13905167820990944,0.61124121779859486,0.22656250000000003,0.52995927865037817,0.48564036222509704,False,False
0.11264544854089634,1823,1615,166,261,0.13912579957356078,0.61124121779859486,0.22666087711680416,0.53025014543339155,0.4853816300129366,False,False
0.11264891051121759,1824,1614,166,261,0.13919999999999999,0.61124121779859486,0.22675933970460466,0.53054101221640493,0.48512289780077622,False,False
0.11268418859465591,1825,1613,166,261,0.13927427961579508,0.61124121779859486,0.22685788787483702,0.53083187899941831,0.48486416558861578,False,False
0.11268706520140093,1826,1612,166,261,0.13934863854778431,0.61124121779859486,0.22695652173913042,0.53112274578243168,0.48460543337645534,False,False
0.11269658905877143,1827,1611,166,261,0.13942307692307693,0.61124121779859486,0.22705524140930844,0.53141361256544506,0.48434670116429496,False,False
0.11271345018038441,1828,1610,166,261,0.13949759486905397,0.61124121779859486,0.227154046997389,0.53170447934845844,0.48408796895213452,False,False
0.11271688152998881,1829,1609,166,261,0.139572192513369,0.61124121779859486,0.22725293861558557,0.53199534613147181,0.48382923673997413,False,False
0.11273559991230525,1830,1608,166,261,0.13964686998394862,0.61124121779859486,0.22735191637630658,0.53228621291448519,0.48357050452781369,False,False
0.11273843366828269,1830,1608,167,260,0.13918629550321199,0.6088992974238876,0.22657952069716777,0.53228621291448519,0.48331177231565331,False,False
0.11291924688982544,1831,1607,167,260,0.13926084627745045,0.6088992974238876,0.22667829119442018,0.53257707969749857,0.48305304010349287,False,False
0.11293354933320265,1832,1606,167,260,0.13933547695605572,0.6088992974238876,0.22677714784125599,0.53286794648051194,0.48279430789133249,False,False
0.11304154948462358,1833,1605,167,260,0.13941018766756033,0.6088992974238876,0.22687609075043633,0.53315881326352532,0.48253557567917205,False,False
0.11305845680392353,1834,1604,167,260,0.13948497854077252,0.6088992974238876,0.22697512003491924,0.5334496800465387,0.48227684346701166,False,False
0.11305954666329375,1835,1603,167,260,0.13955984970477725,0.6088992974238876,0.22707423580786029,0.53374054682955208,0.48201811125485122,False,False
0.11306202878012121,1836,1602,167,260,0.13963480128893663,0.6088992974238876,0.22717343818261249,0.53403141361256545,0.48175937904269084,False,False
0.11307494338371142,1837,1601,167,260,0.13970983342289092,0.6088992974238876,0.22727272727272729,0.53432228039557883,0.4815006468305304,False,False
0.11311611238926991,1838,1600,167,260,0.13978494623655913,0.6088992974238876,0.22737210319195453,0.53461314717859221,0.48124191461837001,False,False
0.11312730915121973,1839,1599,167,260,0.13986013986013987,0.6088992974238876,0.22747156605424323,0.53490401396160558,0.48098318240620958,False,False
0.11314522002288299,1840,1598,167,260,0.13993541442411195,0.6088992974238876,0.22757111597374177,0.53519488074461896,0.48072445019404914,False,False
0.11319385576929644,1841,1597,167,260,0.14001077005923532,0.6088992974238876,0.22767075306479859,0.53548574752763234,0.48046571798188875,False,False
0.11323487901615888,1842,1596,167,260,0.14008620689655171,0.6088992974238876,0.2277704774419623,0.53577661431064572,0.48020698576972831,False,False
0.11326816357163565,1843,1595,167,260,0.14016172506738545,0.6088992974238876,0.22787028921998248,0.53606748109365909,0.47994825355756793,False,False
0.11331307716382312,1844,1594,167,260,0.14023732470334413,0.6088992974238876,0.22797018851380974,0.53635834787667247,0.47968952134540749,False,False
0.11337619639262475,1845,1593,167,260,0.14031300593631948,0.6088992974238876,0.22807017543859651,0.53664921465968585,0.4794307891332471,False,False
0.11337898000036704,1845,1593,168,259,0.13984881209503239,0.60655737704918034,0.22729267222465993,0.53664921465968585,0.47917205692108666,False,False
0.11338208169643416,1846,1592,168,259,0.13992436520799567,0.60655737704918034,0.22739244951712029,0.53694008144269922,0.47891332470892628,False,False
0.11338211617137246,1847,1591,168,259,0.14000000000000001,0.60655737704918034,0.22749231444883622,0.5372309482257126,0.47865459249676584,False,False
0.11339800751450912,1848,1590,168,259,0.14007571660356949,0.60655737704918034,0.2275922671353251,0.53752181500872598,0.47839586028460546,False,False
0.11343529617323904,1848,1590,169,258,0.1396103896103896,0.60421545667447307,0.22681318681318677,0.53752181500872598,0.47813712807244502,False,False
0.11347044566835232,1849,1589,169,258,0.13968597726042231,0.60421545667447307,0.22691292875989447,0.53781268179173936,0.47787839586028463,False,False
0.11350863790562789,1850,1588,169,258,0.13976164680390032,0.60421545667447307,0.22701275846898369,0.53810354857475273,0.47761966364812419,False,False
0.11351250955705272,1851,1587,169,258,0.13983739837398373,0.60421545667447307,0.227112676056338,0.53839441535776611,0.47736093143596375,False,False
0.11351268581544764,1851,1587,170,257,0.13937093275488069,0.60187353629976581,0.22633201232937031,0.53839441535776611,0.47710219922380337,False,False
0.1135145169431805,1852,1586,170,257,0.13944655453065655,0.60187353629976581,0.226431718061674,0.53868528214077949,0.47684346701164293,False,False
0.11351727918513095,1853,1585,170,257,0.13952225841476656,0.60187353629976581,0.22653151167915378,0.53897614892379286,0.47658473479948255,False,False
0.11354617252749426,1854,1584,170,257,0.13959804454101032,0.60187353629976581,0.22663139329805998,0.53926701570680624,0.47632600258732211,False,False
0.11354851615144945,1855,1583,170,257,0.13967391304347826,0.60187353629976581,0.22673136303484781,0.53955788248981962,0.47606727037516172,False,False
0.11354909449190062,1856,1582,170,257,0.13974986405655249,0.60187353629976581,0.22683142100617831,0.539848749272833,0.47580853816300128,False,False
0.11355037663031442,1857,1581,170,257,0.1398258977149075,0.60187353629976581,0.22693156732891831,0.54013961605584637,0.4755498059508409,False,False
0.11355951309270552,1858,1580,170,257,0.13990201415351117,0.60187353629976581,0.22703180212014135,0.54043048283885975,0.47529107373868046,False,False
0.1135857174379447,1859,1579,170,257,0.13997821350762527,0.60187353629976581,0.22713212549712766,0.54072134962187324,0.47503234152652007,False,False
0.11358972979919565,1860,1578,170,257,0.14005449591280653,0.60187353629976581,0.22723253757736517,0.54101221640488661,0.47477360931435963,False,False
0.1136049829652991,1861,1577,170,257,0.14013086150490731,0.60187353629976581,0.22733303847854933,0.54130308318789999,0.47451487710219925,False,False
0.11366252436958486,1862,1576,170,257,0.14020731042007636,0.60187353629976581,0.22743362831858407,0.54159394997091337,0.47425614489003881,False,False
0.11368751740679695,1863,1575,170,257,0.14028384279475983,0.60187353629976581,0.22753430721558213,0.54188481675392675,0.47399741267787837,False,False
0.11369914043625949,1864,1574,170,257,0.1403604587657018,0.60187353629976581,0.22763507528786536,0.54217568353694012,0.47373868046571799,False,False
0.11376860349790004,1865,1573,170,257,0.14043715846994537,0.60187353629976581,0.22773593265396547,0.5424665503199535,0.47347994825355755,False,False
0.11378558467058625,1866,1572,170,257,0.14051394204483325,0.60187353629976581,0.22783687943262412,0.54275741710296688,0.47322121604139716,False,False
0.11378974171117871,1867,1571,170,257,0.14059080962800874,0.60187353629976581,0.22793791574279376,0.54304828388598025,0.47296248382923672,False,False
0.11382024941139332,1868,1570,170,257,0.14066776135741654,0.60187353629976581,0.22803904170363801,0.54333915066899363,0.47270375161707634,False,False
0.11385105648015624,1869,1569,170,257,0.14074479737130338,0.60187353629976581,0.2281402574345317,0.54363001745200701,0.4724450194049159,False,False
0.11385398608283084,1870,1568,170,257,0.14082191780821918,0.60187353629976581,0.22824156305506219,0.54392088423502039,0.47218628719275552,False,False
0.11386662267053621,1871,1567,170,257,0.14089912280701755,0.60187353629976581,0.22834295868502888,0.54421175101803376,0.47192755498059508,False,False
0.11390311969815872,1871,1567,171,256,0.14042786615469008,0.59953161592505855,0.22755555555555559,0.54421175101803376,0.47166882276843469,False,False
0.11390529536821083,1872,1566,171,256,0.14050493962678376,0.59953161592505855,0.22765673632725658,0.54450261780104714,0.47141009055627425,False,False
0.11392522716342045,1873,1565,171,256,0.14058209774848984,0.59953161592505855,0.22775800711743774,0.54479348458406052,0.47115135834411387,False,False
0.11394990323988588,1873,1565,172,255,0.14010989010989011,0.59718969555035128,0.22696929238985317,0.54479348458406052,0.47089262613195343,False,False
0.11396165264136025,1874,1564,172,255,0.14018691588785046,0.59718969555035128,0.22707034728406053,0.54508435136707389,0.47063389391979299,False,False
0.11397948002345105,1874,1564,173,254,0.1397139713971397,0.59484777517564402,0.22628062360801782,0.54508435136707389,0.47037516170763261,False,False
0.11398325014278647,1875,1563,173,254,0.13979086406164007,0.59484777517564402,0.22638146167557932,0.54537521815008727,0.47011642949547217,False,False
0.11409280428936507,1876,1562,173,254,0.13986784140969163,0.59484777517564402,0.22648238965670978,0.54566608493310065,0.46985769728331178,False,False
0.11411035294476665,1877,1561,173,254,0.13994490358126721,0.59484777517564402,0.22658340767172169,0.54595695171611403,0.46959896507115134,False,False
0.11412672961318307,1878,1560,173,254,0.14002205071664828,0.59484777517564402,0.22668451584114233,0.5462478184991274,0.46934023285899096,False,False
0.11421231023522542,1879,1559,173,254,0.14009928295642582,0.59484777517564402,0.22678571428571431,0.54653868528214078,0.46908150064683052,False,False
0.11431566029661037,1880,1558,173,254,0.1401766004415011,0.59484777517564402,0.2268870031263957,0.54682955206515416,0.46882276843467013,False,False
0.11431735486418659,1881,1557,173,254,0.14025400331308668,0.59484777517564402,0.22698838248436101,0.54712041884816753,0.46856403622250969,False,False
0.11432141690642948,1882,1556,173,254,0.14033149171270717,0.59484777517564402,0.22708985248100133,0.54741128563118091,0.46830530401034931,False,False
0.11433412373986279,1883,1555,173,254,0.14040906578220011,0.59484777517564402,0.22719141323792486,0.54770215241419429,0.46804657179818887,False,False
0.11435219196027581,1884,1554,173,254,0.14048672566371681,0.59484777517564402,0.2272930648769575,0.54799301919720766,0.46778783958602849,False,False
0.11437385951073437,1885,1553,173,254,0.14056447149972329,0.59484777517564402,0.22739480752014324,0.54828388598022104,0.46752910737386805,False,False
0.11442485519044361,1886,1552,173,254,0.1406423034330011,0.59484777517564402,0.22749664128974473,0.54857475276323442,0.46727037516170761,False,False
0.1144579575137111,1887,1551,173,254,0.14072022160664821,0.59484777517564402,0.22759856630824374,0.5488656195462478,0.46701164294954722,False,False
0.11453763714621122,1888,1550,173,254,0.14079822616407983,0.59484777517564402,0.22770058269834154,0.54915648632926117,0.46675291073738678,False,False
0.11456631872337969,1888,1550,174,253,0.14032168607875761,0.59250585480093676,0.22690582959641253,0.54915648632926117,0.4664941785252264,False,False
0.11457344460104962,1889,1549,174,253,0.14039955604883464,0.59250585480093676,0.22700762673844771,0.54944735311227455,0.46623544631306596,False,False
0.11457384732519336,1890,1548,174,253,0.1404775124930594,0.59250585480093676,0.22710951526032314,0.54973821989528793,0.46597671410090558,False,False
0.11457604219338943,1891,1547,174,253,0.14055555555555554,0.59250585480093676,0.22721149528513693,0.5500290866783013,0.46571798188874514,False,False
0.11458516199919382,1892,1546,174,253,0.14063368538076709,0.59250585480093676,0.22731356693620847,0.55031995346131468,0.46545924967658475,False,False
0.11458771838562504,1893,1545,174,253,0.14071190211345941,0.59250585480093676,0.22741573033707865,0.55061082024432806,0.46520051746442431,False,False
0.11460408487631532,1894,1544,174,253,0.1407902058987201,0.59250585480093676,0.22751798561151082,0.55090168702734144,0.46494178525226393,False,False
0.11460425355921451,1894,1544,175,252,0.14031180400890869,0.5901639344262295,0.22672064777327938,0.55090168702734144,0.46468305304010349,False,False
0.11465915647341218,1895,1543,175,252,0.1403899721448468,0.5901639344262295,0.22682268226822683,0.55119255381035481,0.4644243208279431,False,False
0.11467984456494015,1896,1542,175,252,0.14046822742474915,0.5901639344262295,0.22692480864475459,0.55148342059336819,0.46416558861578266,False,False
0.11468910313521578,1897,1541,175,252,0.14054656999442275,0.5901639344262295,0.22702702702702704,0.55177428737638157,0.46390685640362223,False,False
0.11468914935835159,1898,1540,175,252,0.140625,0.5901639344262295,0.22712933753943218,0.55206515415939494,0.46364812419146184,False,False
0.11469917539486876,1899,1539,175,252,0.1407035175879397,0.5901639344262295,0.22723174030658255,0.55235602094240843,0.4633893919793014,False,False
0.11474834622524796,1900,1538,175,252,0.14078212290502792,0.5901639344262295,0.2273342354533153,0.55264688772542181,0.46313065976714102,False,False
0.11477033094209807,1901,1537,175,252,0.14086081609837897,0.5901639344262295,0.22743682310469313,0.55293775450843519,0.46287192755498058,False,False
0.11479981980457102,1902,1536,175,252,0.14093959731543623,0.5901639344262295,0.22753950338600451,0.55322862129144856,0.46261319534282019,False,False
0.11483876962145768,1903,1535,175,252,0.14101846670397314,0.5901639344262295,0.22764227642276422,0.55351948807446194,0.46235446313065975,False,False
0.1149277691654053,1904,1534,175,252,0.14109742441209405,0.5901639344262295,0.22774514234071397,0.55381035485747532,0.46209573091849937,False,False
0.11492838092939475,1905,1533,175,252,0.14117647058823529,0.5901639344262295,0.22784810126582281,0.55410122164048869,0.46183699870633893,False,False
0.11493522119806279,1906,1532,175,252,0.14125560538116591,0.5901639344262295,0.22795115332428764,0.55439208842350207,0.46157826649417855,False,False
0.11494512481738031,1907,1531,175,252,0.14133482893998878,0.5901639344262295,0.22805429864253396,0.55468295520651545,0.46131953428201811,False,False
0.11502504221461131,1908,1530,175,252,0.14141414141414141,0.5901639344262295,0.22815753734721592,0.55497382198952883,0.46106080206985772,False,False
0.11503690582507529,1909,1529,175,252,0.14149354295339697,0.5901639344262295,0.22826086956521738,0.5552646887725422,0.46080206985769728,False,False
0.1150410829613313,1910,1528,175,252,0.14157303370786517,0.5901639344262295,0.22836429542365203,0.55555555555555558,0.46054333764553684,False,False
0.11506836733339106,1911,1527,175,252,0.14165261382799327,0.5901639344262295,0.22846781504986405,0.55584642233856896,0.46028460543337646,False,False
0.11507419517582979,1912,1526,175,252,0.14173228346456693,0.5901639344262295,0.22857142857142856,0.55613728912158233,0.46002587322121602,False,False
0.11508067950474266,1912,1526,176,251,0.14124929656724816,0.58782201405152223,0.22776769509981851,0.55613728912158233,0.45976714100905564,False,False
0.11508073603332969,1913,1525,176,251,0.14132882882882883,0.58782201405152223,0.22787108488424873,0.55642815590459571,0.4595084087968952,False,False
0.11509662766260666,1914,1524,176,251,0.14140845070422536,0.58782201405152223,0.22797456857402362,0.55671902268760909,0.45924967658473481,False,False
0.11511506155701678,1915,1523,176,251,0.1414881623449831,0.58782201405152223,0.22807814629713768,0.55700988947062247,0.45899094437257437,False,False
0.11514740924913966,1916,1522,176,251,0.14156796390298929,0.58782201405152223,0.22818181818181818,0.55730075625363584,0.45873221216041399,False,False
0.11517668833775209,1917,1521,176,251,0.14164785553047404,0.58782201405152223,0.22828558435652566,0.55759162303664922,0.45847347994825355,False,False
0.11521902018030668,1918,1520,176,251,0.1417278373800113,0.58782201405152223,0.2283894449499545,0.5578824898196626,0.45821474773609316,False,False
0.11526502797180108,1919,1519,176,251,0.14180790960451978,0.58782201405152223,0.22849340009103325,0.55817335660267597,0.45795601552393272,False,False
0.11534300308083757,1920,1518,176,251,0.141888072357264,0.58782201405152223,0.22859744990892533,0.55846422338568935,0.45769728331177234,False,False
0.11535578919765044,1921,1517,176,251,0.1419683257918552,0.58782201405152223,0.22870159453302963,0.55875509016870273,0.4574385510996119,False,False
0.11540627702190114,1922,1516,176,251,0.14204867006225241,0.58782201405152223,0.22880583409298089,0.55904595695171611,0.45717981888745146,False,False
0.11544669465772189,1923,1515,176,251,0.14212910532276329,0.58782201405152223,0.22891016871865022,0.55933682373472948,0.45692108667529108,False,False
0.11546828040217931,1924,1514,176,251,0.14220963172804532,0.58782201405152223,0.229014598540146,0.55962769051774286,0.45666235446313064,False,False
0.11547383258630199,1925,1513,176,251,0.14229024943310659,0.58782201405152223,0.22911912368781376,0.55991855730075624,0.45640362225097025,False,False
0.11555329778083601,1926,1512,176,251,0.14237095859330687,0.58782201405152223,0.22922374429223746,0.56020942408376961,0.45614489003880981,False,False
0.11559361282286156,1926,1512,177,250,0.14188422247446084,0.58548009367681497,0.22841480127912286,0.56020942408376961,0.45588615782664943,False,False
0.1156136298029887,1927,1511,177,250,0.14196479273140261,0.58548009367681497,0.22851919561243145,0.56050029086678299,0.45562742561448899,False,False
0.11567243495802475,1928,1510,177,250,0.14204545454545456,0.58548009367681497,0.22862368541380887,0.56079115764979637,0.45536869340232861,False,False
0.1157619881690178,1929,1509,177,250,0.14212620807276863,0.58548009367681497,0.22872827081427266,0.56108202443280975,0.45510996119016817,False,False
0.11577700919609142,1930,1508,177,250,0.1422070534698521,0.58548009367681497,0.2288329519450801,0.56137289121582312,0.45485122897800778,False,False
0.11580762069448743,1931,1507,177,250,0.14228799089356858,0.58548009367681497,0.22893772893772893,0.5616637579988365,0.45459249676584734,False,False
0.11584329892118984,1932,1506,177,250,0.14236902050113895,0.58548009367681497,0.22904260192395784,0.56195462478184988,0.45433376455368696,False,False
0.11584970829524566,1933,1505,177,250,0.14245014245014245,0.58548009367681497,0.22914757103574701,0.56224549156486325,0.45407503234152652,False,False
0.11585264315007728,1934,1504,177,250,0.14253135689851767,0.58548009367681497,0.22925263640531868,0.56253635834787663,0.45381630012936608,False,False
0.1159195440742886,1935,1503,177,250,0.1426126640045636,0.58548009367681497,0.2293577981651376,0.56282722513089001,0.4535575679172057,False,False
0.11595374085876747,1936,1502,177,250,0.14269406392694065,0.58548009367681497,0.2294630564479119,0.56311809191390338,0.45329883570504526,False,False
0.11600295843788506,1937,1501,177,250,0.14277555682467161,0.58548009367681497,0.22956841138659317,0.56340895869691676,0.45304010349288487,False,False
0.11603542513452925,1938,1500,177,250,0.14285714285714285,0.58548009367681497,0.2296738631143776,0.56369982547993014,0.45278137128072443,False,False
0.11604712321106338,1939,1499,177,250,0.1429388221841052,0.58548009367681497,0.22977941176470587,0.56399069226294363,0.45252263906856405,False,False
0.1160627423480959,1940,1498,177,250,0.14302059496567507,0.58548009367681497,0.22988505747126436,0.564281559045957,0.45226390685640361,False,False
0.11608471680494943,1941,1497,177,250,0.14310246136233543,0.58548009367681497,0.22999080036798525,0.56457242582897038,0.45200517464424322,False,False
0.11609801818913144,1942,1496,177,250,0.14318442153493699,0.58548009367681497,0.23009664058904741,0.56486329261198376,0.45174644243208278,False,False
0.11613908733317935,1943,1495,177,250,0.14326647564469913,0.58548009367681497,0.23020257826887661,0.56515415939499714,0.4514877102199224,False,False
0.11618424490089053,1943,1495,178,249,0.14277522935779816,0.58313817330210771,0.22938737908797785,0.56515415939499714,0.45122897800776196,False,False
0.11620691816075578,1944,1494,178,249,0.14285714285714285,0.58313817330210771,0.2294930875576037,0.56544502617801051,0.45097024579560158,False,False
0.11623313583705194,1945,1493,178,249,0.14293915040183697,0.58313817330210771,0.22959889349930843,0.56573589296102389,0.45071151358344114,False,False
0.11627926151128914,1946,1492,178,249,0.14302125215393452,0.58313817330210771,0.2297047970479705,0.56602675974403727,0.4504527813712807,False,False
0.1163069229533993,1947,1491,178,249,0.14310344827586208,0.58313817330210771,0.22981079833871715,0.56631762652705064,0.45019404915912031,False,False
0.11635841337097041,1948,1490,178,249,0.14318573893041978,0.58313817330210771,0.22991689750692523,0.56660849331006402,0.44993531694695987,False,False
0.11636221071301733,1949,1489,178,249,0.14326812428078251,0.58313817330210771,0.23002309468822171,0.5668993600930774,0.44967658473479949,False,False
0.1163770184117358,1950,1488,178,249,0.14335060449050085,0.58313817330210771,0.23012939001848426,0.56719022687609078,0.44941785252263905,False,False
0.11637729649993254,1951,1487,178,249,0.14343317972350231,0.58313817330210771,0.23023578363384187,0.56748109365910415,0.44915912031047867,False,False
0.11638979325668629,1952,1486,178,249,0.14351585014409221,0.58313817330210771,0.23034227567067528,0.56777196044211753,0.44890038809831823,False,False
0.11639390700110598,1953,1485,178,249,0.14359861591695502,0.58313817330210771,0.23044886626561778,0.56806282722513091,0.44864165588615784,False,False
0.11639990628753855,1954,1484,178,249,0.14368147720715521,0.58313817330210771,0.23055555555555554,0.56835369400814428,0.4483829236739974,False,False
0.11642487612929853,1955,1483,178,249,0.14376443418013857,0.58313817330210771,0.23066234367762856,0.56864456079115766,0.44812419146183702,False,False
0.1164273534351096,1956,1482,178,249,0.14384748700173311,0.58313817330210771,0.23076923076923075,0.56893542757417104,0.44786545924967658,False,False
0.11645342105617927,1957,1481,178,249,0.1439306358381503,0.58313817330210771,0.23087621696801117,0.56922629435718441,0.44760672703751619,False,False
0.11645406028567339,1958,1480,178,249,0.14401388085598613,0.58313817330210771,0.23098330241187387,0.56951716114019779,0.44734799482535575,False,False
0.11645981978004391,1959,1479,178,249,0.14409722222222221,0.58313817330210771,0.2310904872389791,0.56980802792321117,0.44708926261319532,False,False
0.11647981329163878,1960,1478,178,249,0.14418066010422698,0.58313817330210771,0.23119777158774371,0.57009889470622455,0.44683053040103493,False,False
0.11649029113830538,1961,1477,178,249,0.14426419466975665,0.58313817330210771,0.23130515559684156,0.57038976148923792,0.44657179818887449,False,False
0.11653093943243611,1962,1476,178,249,0.14434782608695651,0.58313817330210771,0.23141263940520446,0.5706806282722513,0.44631306597671411,False,False
0.11658409109942014,1963,1475,178,249,0.14443155452436196,0.58313817330210771,0.23152022315202234,0.57097149505526468,0.44605433376455367,False,False
0.1165862857692089,1964,1474,178,249,0.1445153801508996,0.58313817330210771,0.23162790697674421,0.57126236183827805,0.44579560155239328,False,False
0.11659133436535382,1965,1473,178,249,0.14459930313588851,0.58313817330210771,0.23173569101907862,0.57155322862129143,0.44553686934023284,False,False
0.11659310006272987,1966,1472,178,249,0.14468332364904127,0.58313817330210771,0.23184357541899442,0.57184409540430481,0.44527813712807246,False,False
0.1166085900046501,1967,1471,178,249,0.14476744186046511,0.58313817330210771,0.23195156031672101,0.57213496218731819,0.44501940491591202,False,False
0.11661037233502035,1968,1470,178,249,0.14485165794066318,0.58313817330210771,0.23205964585274932,0.57242582897033156,0.44476067270375164,False,False
0.11661160220117113,1969,1469,178,249,0.14493597206053552,0.58313817330210771,0.23216783216783216,0.57271669575334494,0.4445019404915912,False,False
0.11662801627595969,1970,1468,178,249,0.14502038439138032,0.58313817330210771,0.23227611940298509,0.57300756253635832,0.44424320827943081,False,False
0.11663334989452159,1971,1467,178,249,0.1451048951048951,0.58313817330210771,0.23238450769948671,0.57329842931937169,0.44398447606727037,False,False
0.11663838966007184,1972,1466,178,249,0.14518950437317785,0.58313817330210771,0.23249299719887953,0.57358929610238507,0.44372574385510999,False,False
0.11664592220356458,1973,1465,178,249,0.14527421236872812,0.58313817330210771,0.2326015880429706,0.57388016288539845,0.44346701164294955,False,False
0.11667626700282586,1974,1464,178,249,0.14535901926444833,0.58313817330210771,0.23271028037383179,0.57417102966841183,0.44320827943078911,False,False
0.11668825162887751,1975,1463,178,249,0.14544392523364486,0.58313817330210771,0.23281907433380086,0.5744618964514252,0.44294954721862873,False,False
0.11670472313244856,1976,1462,178,249,0.14552893045002921,0.58313817330210771,0.23292797006548172,0.57475276323443858,0.44269081500646829,False,False
0.11673743487476768,1977,1461,178,249,0.14561403508771931,0.58313817330210771,0.23303696771174545,0.57504363001745196,0.4424320827943079,False,False
0.11675037660782875,1978,1460,178,249,0.14569923932124049,0.58313817330210771,0.23314606741573032,0.57533449680046533,0.44217335058214746,False,False
0.11683362044877592,1979,1459,178,249,0.14578454332552693,0.58313817330210771,0.23325526932084309,0.57562536358347882,0.44191461836998708,False,False
0.11683799838471678,1980,1458,178,249,0.14586994727592267,0.58313817330210771,0.23336457357075915,0.5759162303664922,0.44165588615782664,False,False
0.11692871249612138,1981,1457,178,249,0.14595545134818289,0.58313817330210771,0.23347398030942335,0.57620709714950558,0.44139715394566625,False,False
0.11698181978400568,1982,1456,178,249,0.14604105571847506,0.58313817330210771,0.23358348968105067,0.57649796393251895,0.44113842173350581,False,False
0.11708258298954187,1983,1455,178,249,0.14612676056338028,0.58313817330210771,0.2336931018301267,0.57678883071553233,0.44087968952134543,False,False
0.11710087547701584,1984,1454,178,249,0.1462125660598943,0.58313817330210771,0.23380281690140844,0.57707969749854571,0.44062095730918499,False,False
0.11711015109071589,1985,1453,178,249,0.1462984723854289,0.58313817330210771,0.23391263503992482,0.57737056428155908,0.44036222509702461,False,False
0.11712478025497892,1986,1452,178,249,0.14638447971781304,0.58313817330210771,0.23402255639097741,0.57766143106457246,0.44010349288486417,False,False
0.11713732542331395,1986,1452,179,248,0.14588235294117646,0.58079625292740045,0.23319228960977903,0.57766143106457246,0.43984476067270373,False,False
0.11722088262983579,1986,1452,180,247,0.1453796350794585,0.57845433255269318,0.23236124176857947,0.57766143106457246,0.43958602846054334,False,False
0.11722539101999235,1987,1451,180,247,0.14546525323910484,0.57845433255269318,0.23247058823529412,0.57795229784758584,0.4393272962483829,False,False
0.11727076535243042,1988,1450,180,247,0.145550972304066,0.57845433255269318,0.23258003766478344,0.57824316463059922,0.43906856403622252,False,False
0.1172838048081279,1989,1449,180,247,0.14563679245283018,0.57845433255269318,0.23268959020254357,0.57853403141361259,0.43880983182406208,False,False
0.11732002758222755,1990,1448,180,247,0.1457227138643068,0.57845433255269318,0.23279924599434498,0.57882489819662597,0.4385510996119017,False,False
0.11737465243255625,1991,1447,180,247,0.14580873671782763,0.57845433255269318,0.23290900518623292,0.57911576497963935,0.43829236739974126,False,False
0.11740108927373387,1992,1446,180,247,0.14589486119314826,0.57845433255269318,0.23301886792452831,0.57940663176265272,0.43803363518758087,False,False
0.11740723063405534,1993,1445,180,247,0.14598108747044916,0.57845433255269318,0.23312883435582823,0.5796974985456661,0.43777490297542043,False,False
0.11741887121864122,1994,1444,180,247,0.14606741573033707,0.57845433255269318,0.23323890462700661,0.57998836532867948,0.43751617076326005,False,False
0.11743559490626347,1995,1443,180,247,0.14615384615384616,0.57845433255269318,0.23334907888521492,0.58027923211169286,0.43725743855109961,False,False
0.11746354064689864,1996,1442,180,247,0.14624037892243932,0.57845433255269318,0.23345935727788281,0.58057009889470623,0.43699870633893922,False,False
0.11747396654845621,1997,1441,180,247,0.14632701421800948,0.57845433255269318,0.23356973995271868,0.58086096567771961,0.43673997412677878,False,False
0.11747915134239352,1998,1440,180,247,0.14641375222288086,0.57845433255269318,0.23368022705771049,0.58115183246073299,0.43648124191461835,False,False
0.1175030481436478,1999,1439,180,247,0.1465005931198102,0.57845433255269318,0.23379081874112634,0.58144269924374636,0.43622250970245796,False,False
0.1175097937218515,1999,1439,181,246,0.14599406528189912,0.57611241217798592,0.23295454545454547,0.58144269924374636,0.43596377749029752,False,False
0.1175793623612537,2000,1438,181,246,0.14608076009501186,0.57611241217798592,0.23306489815253434,0.58173356602675974,0.43570504527813714,False,False
0.11758046205019848,2001,1437,181,246,0.14616755793226383,0.57611241217798592,0.23317535545023696,0.58202443280977312,0.4354463130659767,False,False
0.11762721013110025,2002,1436,181,246,0.14625445897740785,0.57611241217798592,0.23328591749644384,0.58231529959278649,0.43518758085381631,False,False
0.11770010159991845,2003,1435,181,246,0.14634146341463414,0.57611241217798592,0.23339658444022771,0.58260616637579987,0.43492884864165587,False,False
0.11772651730162802,2003,1435,182,245,0.14583333333333334,0.57377049180327866,0.23255813953488372,0.58260616637579987,0.43467011642949549,False,False
0.11777176814864371,2004,1434,182,245,0.14592019058963668,0.57377049180327866,0.23266856600189931,0.58289703315881325,0.43441138421733505,False,False
0.11778806532685081,2005,1433,182,245,0.14600715137067938,0.57377049180327866,0.23277909738717339,0.58318789994182663,0.43415265200517467,False,False
0.11781070597104415,2006,1432,182,245,0.14609421586165772,0.57377049180327866,0.23288973384030418,0.58347876672484,0.43389391979301423,False,False
0.11781217933029052,2006,1432,183,244,0.14558472553699284,0.5714285714285714,0.23204945316214928,0.58347876672484,0.43363518758085384,False,False
0.11783979889406739,2007,1431,183,244,0.14567164179104478,0.5714285714285714,0.23215984776403426,0.58376963350785338,0.4333764553686934,False,False
0.11784244875113163,2008,1430,183,244,0.14575866188769415,0.5714285714285714,0.23227034745359354,0.58406050029086676,0.43311772315653296,False,False
0.11793872558647898,2009,1429,183,244,0.14584578601315004,0.5714285714285714,0.23238095238095241,0.58435136707388013,0.43285899094437258,False,False
0.11796237999213391,2010,1428,183,244,0.145933014354067,0.5714285714285714,0.23249166269652216,0.58464223385689351,0.43260025873221214,False,False
0.11797016501601192,2011,1427,183,244,0.14602034709754638,0.5714285714285714,0.23260247855100094,0.58493310063990689,0.43234152652005176,False,False
0.1179735890045977,2012,1426,183,244,0.14610778443113773,0.5714285714285714,0.23271340009537433,0.58522396742292027,0.43208279430789132,False,False
0.11798178406606255,2013,1425,183,244,0.14619532654284004,0.5714285714285714,0.23282442748091603,0.58551483420593364,0.43182406209573093,False,False
0.11799823006849249,2013,1425,184,243,0.14568345323741008,0.56908665105386413,0.23198090692124107,0.58551483420593364,0.43156532988357049,False,False
0.11802491179652246,2013,1425,185,242,0.14517096580683864,0.56674473067915687,0.23113658070678125,0.58551483420593364,0.43130659767141011,False,False
0.11806261554693821,2014,1424,185,242,0.14525810324129651,0.56674473067915687,0.23124701385570948,0.58580570098894702,0.43104786545924967,False,False
0.11811847962439115,2015,1423,185,242,0.14534534534534535,0.56674473067915687,0.23135755258126195,0.5860965677719604,0.43078913324708928,False,False
0.11812391638620953,2016,1422,185,242,0.14543269230769232,0.56674473067915687,0.23146819703491153,0.58638743455497377,0.43053040103492884,False,False
0.11813504706246215,2017,1421,185,242,0.14552014431749849,0.56674473067915687,0.23157894736842105,0.58667830133798715,0.43027166882276846,False,False
0.11814800769887707,2018,1420,185,242,0.14560770156438027,0.56674473067915687,0.23168980373384393,0.58696916812100053,0.43001293661060802,False,False
0.11815946654999437,2019,1419,185,242,0.14569536423841059,0.56674473067915687,0.23180076628352492,0.58726003490401402,0.42975420439844758,False,False
0.11818037122288251,2020,1418,185,242,0.14578313253012049,0.56674473067915687,0.23191183517010067,0.58755090168702739,0.4294954721862872,False,False
0.11823142463806793,2021,1417,185,242,0.14587100663050029,0.56674473067915687,0.23202301054650049,0.58784176847004077,0.42923673997412676,False,False
0.11823571304915863,2022,1416,185,242,0.14595898673100122,0.56674473067915687,0.23213429256594725,0.58813263525305415,0.42897800776196637,False,False
0.11823947612005209,2023,1415,185,242,0.14604707302353651,0.56674473067915687,0.23224568138195778,0.58842350203606753,0.42871927554980593,False,False
0.11825053435601579,2024,1414,185,242,0.1461352657004831,0.56674473067915687,0.23235717714834375,0.5887143688190809,0.42846054333764555,False,False
0.11825429496515154,2025,1413,185,242,0.14622356495468278,0.56674473067915687,0.23246878001921226,0.58900523560209428,0.42820181112548511,False,False
0.11831389691874852,2026,1412,185,242,0.14631197097944376,0.56674473067915687,0.23258049014896681,0.58929610238510766,0.42794307891332473,False,False
0.11831513184283346,2027,1411,185,242,0.14640048396854205,0.56674473067915687,0.2326923076923077,0.58958696916812103,0.42768434670116429,False,False
0.1183168679539197,2028,1410,185,242,0.14648910411622276,0.56674473067915687,0.23280423280423282,0.58987783595113441,0.4274256144890039,False,False
0.11833578106882862,2029,1409,185,242,0.1465778316172017,0.56674473067915687,0.23291626564003848,0.59016870273414779,0.42716688227684346,False,False
0.11840324326418526,2030,1408,185,242,0.14666666666666667,0.56674473067915687,0.23302840635532016,0.59045956951716116,0.42690815006468308,False,False
0.11842663861169871,2031,1407,185,242,0.14675560946027896,0.56674473067915687,0.23314065510597304,0.59075043630017454,0.42664941785252264,False,False
0.1184294391834553,2032,1406,185,242,0.14684466019417475,0.56674473067915687,0.23325301204819276,0.59104130308318792,0.4263906856403622,False,False
0.11843211186834256,2033,1405,185,242,0.14693381906496661,0.56674473067915687,0.23336547733847637,0.5913321698662013,0.42613195342820182,False,False
0.11843812733249309,2034,1404,185,242,0.14702308626974483,0.56674473067915687,0.23347805113362277,0.59162303664921467,0.42587322121604138,False,False
0.11845195353664532,2035,1403,185,242,0.14711246200607903,0.56674473067915687,0.23359073359073354,0.59191390343222805,0.42561448900388099,False,False
0.11848192870983089,2036,1402,185,242,0.14720194647201945,0.56674473067915687,0.23370352486721388,0.59220477021524143,0.42535575679172055,False,False
0.11856497662477206,2037,1401,185,242,0.14729153986609861,0.56674473067915687,0.23381642512077297,0.5924956369982548,0.42509702457956017,False,False
0.11857555935362443,2037,1401,186,241,0.14677222898903775,0.56440281030444961,0.23296278395360073,0.5924956369982548,0.42483829236739973,False,False
0.11865660077379009,2038,1400,186,241,0.14686166971358927,0.56440281030444961,0.23307543520309476,0.59278650378126818,0.42457956015523934,False,False
0.11866292457054062,2039,1399,186,241,0.14695121951219511,0.56440281030444961,0.23318819545234637,0.59307737056428156,0.4243208279430789,False,False
0.11874614645414756,2040,1398,186,241,0.14704087858450274,0.56440281030444961,0.23330106485963215,0.59336823734729494,0.42406209573091852,False,False
0.11877246644163873,2041,1397,186,241,0.14713064713064714,0.56440281030444961,0.2334140435835351,0.59365910413030831,0.42380336351875808,False,False
0.11877867950463795,2042,1396,186,241,0.1472205253512523,0.56440281030444961,0.23352713178294571,0.59394997091332169,0.4235446313065977,False,False
0.11880799481634453,2043,1395,186,241,0.14731051344743276,0.56440281030444961,0.23364032961706252,0.59424083769633507,0.42328589909443726,False,False
0.11881602015540398,2044,1394,186,241,0.1474006116207951,0.56440281030444961,0.23375363724539283,0.59453170447934844,0.42302716688227682,False,False
0.11885660339895698,2045,1393,186,241,0.14749082007343942,0.56440281030444961,0.23386705482775355,0.59482257126236182,0.42276843467011643,False,False
0.11885845003439267,2046,1392,186,241,0.1475811390079608,0.56440281030444961,0.23398058252427187,0.5951134380453752,0.42250970245795599,False,False
0.11888865236027425,2047,1391,186,241,0.14767156862745098,0.56440281030444961,0.23409422049538611,0.59540430482838858,0.42225097024579561,False,False
0.11890620931236305,2048,1390,186,241,0.1477621091354997,0.56440281030444961,0.23420796890184645,0.59569517161140195,0.42199223803363517,False,False
0.11891959019977918,2049,1389,186,241,0.14785276073619633,0.56440281030444961,0.23432182790471559,0.59598603839441533,0.42173350582147479,False,False
0.11893686917953032,2050,1388,186,241,0.14794352363413138,0.56440281030444961,0.23443579766536968,0.59627690517742871,0.42147477360931435,False,False
0.11895670443977234,2051,1387,186,241,0.14803439803439802,0.56440281030444961,0.23454987834549876,0.59656777196044208,0.42121604139715396,False,False
0.11900732357817488,2052,1386,186,241,0.14812538414259374,0.56440281030444961,0.23466407010710807,0.59685863874345546,0.42095730918499352,False,False
0.11903043303927988,2053,1385,186,241,0.14821648216482164,0.56440281030444961,0.23477837311251826,0.59714950552646884,0.42069857697283314,False,False
0.11906461324515752,2054,1384,186,241,0.14830769230769231,0.56440281030444961,0.23489278752436649,0.59744037230948221,0.4204398447606727,False,False
0.1191687246592171,2055,1383,186,241,0.14839901477832512,0.56440281030444961,0.23500731350560702,0.59773123909249559,0.42018111254851231,False,False
0.1191823864305481,2056,1382,186,241,0.14849044978434997,0.56440281030444961,0.23512195121951218,0.59802210587550897,0.41992238033635187,False,False
0.1191888670073797,2056,1382,187,240,0.14796547472256474,0.56206088992974235,0.23426061493411421,0.59802210587550897,0.41966364812419144,False,False
0.11919376802704998,2057,1381,187,240,0.14805675508945096,0.56206088992974235,0.23437500000000003,0.59831297265852235,0.41940491591203105,False,False
0.11921676747719083,2058,1380,187,240,0.14814814814814814,0.56206088992974235,0.23448949682462136,0.59860383944153572,0.41914618369987061,False,False
0.11922192899075598,2059,1379,187,240,0.14823965410747375,0.56206088992974235,0.23460410557184752,0.59889470622454921,0.41888745148771023,False,False
0.1192228273454468,2060,1378,187,240,0.14833127317676142,0.56206088992974235,0.23471882640586797,0.59918557300756259,0.41862871927554979,False,False
0.11922302820916689,2061,1377,187,240,0.14842300556586271,0.56206088992974235,0.23483365949119375,0.59947643979057597,0.4183699870633894,False,False
0.11925786299218458,2061,1377,188,239,0.14789603960396039,0.55971896955503508,0.23396965247185511,0.59947643979057597,0.41811125485122896,False,False
0.119271840392686,2062,1376,188,239,0.14798761609907121,0.55971896955503508,0.23408423114593538,0.59976730657358934,0.41785252263906858,False,False
0.11928110404756227,2063,1375,188,239,0.14807930607187111,0.55971896955503508,0.23419892209701126,0.60005817335660272,0.41759379042690814,False,False
0.11930663628875111,2064,1374,188,239,0.14817110973341599,0.55971896955503508,0.23431372549019605,0.6003490401396161,0.41733505821474776,False,False
0.11931868892221109,2065,1373,188,239,0.14826302729528537,0.55971896955503508,0.23442864149092693,0.60063990692262947,0.41707632600258732,False,False
0.1193402573630917,2066,1372,188,239,0.14835505896958412,0.55971896955503508,0.23454367026496567,0.60093077370564285,0.41681759379042693,False,False
0.11934465176752722,2067,1371,188,239,0.14844720496894409,0.55971896955503508,0.23465881197839961,0.60122164048865623,0.41655886157826649,False,False
0.11936916099235714,2068,1370,188,239,0.1485394655065258,0.55971896955503508,0.23477406679764248,0.60151250727166961,0.41630012936610605,False,False
0.11939641979613552,2069,1369,188,239,0.1486318407960199,0.55971896955503508,0.23488943488943489,0.60180337405468298,0.41604139715394567,False,False
0.11942406808824639,2070,1368,188,239,0.14872433105164903,0.55971896955503508,0.23500491642084562,0.60209424083769636,0.41578266494178523,False,False
0.1194291638513531,2071,1367,188,239,0.14881693648816938,0.55971896955503508,0.23512051155927202,0.60238510762070974,0.41552393272962485,False,False
0.11942971104508288,2071,1367,189,238,0.14828660436137073,0.55737704918032782,0.23425196850393701,0.60238510762070974,0.41526520051746441,False,False
0.11944872523027603,2072,1366,189,238,0.14837905236907731,0.55737704918032782,0.23436730674544559,0.60267597440372311,0.41500646830530402,False,False
0.11947924173594705,2073,1365,189,238,0.14847161572052403,0.55737704918032782,0.23448275862068968,0.60296684118673649,0.41474773609314358,False,False
0.11948522576770856,2074,1364,189,238,0.14856429463171036,0.55737704918032782,0.23459832429768357,0.60325770796974987,0.4144890038809832,False,False
0.11949546816016288,2075,1363,189,238,0.14865708931917551,0.55737704918032782,0.23471400394477315,0.60354857475276324,0.41423027166882276,False,False
0.11951357017724898,2076,1362,189,238,0.14874999999999999,0.55737704918032782,0.23482979773063639,0.60383944153577662,0.41397153945666237,False,False
0.11951926630176941,2077,1361,189,238,0.14884302689180737,0.55737704918032782,0.23494570582428428,0.60413030831879,0.41371280724450193,False,False
0.11955018603037479,2077,1361,190,237,0.14831038798498122,0.55503512880562056,0.23407407407407407,0.60413030831879,0.41345407503234155,False,False
0.11959247635721111,2078,1360,190,237,0.14840325610519725,0.55503512880562056,0.23418972332015811,0.60442117510180338,0.41319534282018111,False,False
0.11964075915753278,2079,1359,190,237,0.14849624060150377,0.55503512880562056,0.23430548690064262,0.60471204188481675,0.41293661060802067,False,False
0.1196501752881708,2080,1358,190,237,0.14858934169278998,0.55503512880562056,0.23442136498516322,0.60500290866783013,0.41267787839586029,False,False
0.11969859177186658,2081,1357,190,237,0.14868255959849436,0.55503512880562056,0.23453735774369122,0.60529377545084351,0.41241914618369985,False,False
0.11972379071785695,2081,1357,191,236,0.14814814814814814,0.5526932084309133,0.23366336633663365,0.60529377545084351,0.41216041397153946,False,False
0.11974688804590573,2082,1356,191,236,0.14824120603015076,0.5526932084309133,0.23377909856364534,0.60558464223385688,0.41190168175937902,False,False
0.11977637743966701,2083,1355,191,236,0.14833438089252043,0.5526932084309133,0.23389494549058473,0.60587550901687026,0.41164294954721864,False,False
0.11980058058109096,2084,1354,191,236,0.14842767295597484,0.5526932084309133,0.23401090728805157,0.60616637579988364,0.4113842173350582,False,False
0.11980147294331878,2085,1353,191,236,0.1485210824417873,0.5526932084309133,0.23412698412698416,0.60645724258289702,0.41112548512289782,False,False
0.11990867513676111,2086,1352,191,236,0.1486146095717884,0.5526932084309133,0.23424317617866003,0.60674810936591039,0.41086675291073738,False,False
0.11991565908788222,2087,1351,191,236,0.148708254568368,0.5526932084309133,0.23435948361469716,0.60703897614892377,0.41060802069857699,False,False
0.11992050213826133,2088,1350,191,236,0.14880201765447668,0.5526932084309133,0.23447590660705417,0.60732984293193715,0.41034928848641655,False,False
0.120044353839836,2089,1349,191,236,0.14889589905362777,0.5526932084309133,0.23459244532803181,0.60762070971495052,0.41009055627425617,False,False
0.12011932136633668,2090,1348,191,236,0.14898989898989898,0.5526932084309133,0.23470909995027345,0.6079115764979639,0.40983182406209573,False,False
0.12013913642361632,2091,1347,191,236,0.14908401768793431,0.5526932084309133,0.23482587064676616,0.60820244328097728,0.40957309184993534,False,False
0.12017182141765693,2092,1346,191,236,0.14917825537294563,0.5526932084309133,0.23494275759084118,0.60849331006399066,0.4093143596377749,False,False
0.12017965663590523,2093,1345,191,236,0.14927261227071473,0.5526932084309133,0.23505976095617528,0.60878417684700403,0.40905562742561447,False,False
0.12018533391788386,2094,1344,191,236,0.14936708860759493,0.5526932084309133,0.23517688091679123,0.60907504363001741,0.40879689521345408,False,False
0.12021225496103387,2095,1343,191,236,0.14946168461051298,0.5526932084309133,0.23529411764705882,0.60936591041303079,0.40853816300129364,False,False
0.1202180351147296,2096,1342,191,236,0.14955640050697086,0.5526932084309133,0.23541147132169579,0.60965677719604416,0.40827943078913326,False,False
0.12021903375300186,2096,1342,192,235,0.14901712111604312,0.55035128805620603,0.2345309381237525,0.60965677719604416,0.40802069857697282,False,False
0.12023461889490449,2097,1341,192,235,0.14911167512690354,0.55035128805620603,0.23464802795806292,0.60994764397905754,0.40776196636481243,False,False
0.12026524171988376,2098,1340,192,235,0.1492063492063492,0.55035128805620603,0.23476523476523475,0.61023851076207092,0.40750323415265199,False,False
0.12033484879463435,2099,1339,192,235,0.14930114358322744,0.55035128805620603,0.23488255872063968,0.61052937754508441,0.40724450194049161,False,False
0.12039213308907282,2100,1338,192,235,0.14939605848696758,0.55035128805620603,0.23499999999999999,0.61082024432809778,0.40698576972833117,False,False
0.12045752252802427,2101,1337,192,235,0.14949109414758269,0.55035128805620603,0.2351175587793897,0.61111111111111116,0.40672703751617079,False,False
0.12048467851767036,2102,1336,192,235,0.14958625079567156,0.55035128805620603,0.23523523523523526,0.61140197789412454,0.40646830530401035,False,False
0.12055035572634692,2103,1335,192,235,0.14968152866242038,0.55035128805620603,0.23535302954431647,0.61169284467713791,0.40620957309184996,False,False
0.12055070622094971,2103,1335,193,234,0.14913957934990441,0.54800936768149888,0.23446893787575154,0.61169284467713791,0.40595084087968952,False,False
0.12061765049831481,2103,1335,194,233,0.1485969387755102,0.54566744730679162,0.23358395989974939,0.61169284467713791,0.40569210866752908,False,False
0.1206196986582064,2104,1334,194,233,0.14869176770899808,0.54566744730679162,0.23370110330992983,0.61198371146015129,0.4054333764553687,False,False
0.12066303320280741,2105,1333,194,233,0.14878671775223498,0.54566744730679162,0.23381836427496236,0.61227457824316467,0.40517464424320826,False,False
0.12066336515321442,2105,1333,195,232,0.14824281150159743,0.54332552693208436,0.2329317269076305,0.61227457824316467,0.40491591203104788,False,False
0.12069368684938843,2106,1332,195,232,0.14833759590792839,0.54332552693208436,0.23304871923656456,0.61256544502617805,0.40465717981888744,False,False
0.12070494354776957,2107,1331,195,232,0.14843250159948818,0.54332552693208436,0.23316582914572867,0.61285631180919142,0.40439844760672705,False,False
0.12070940973677471,2107,1331,196,231,0.14788732394366197,0.54098360655737709,0.23227752639517343,0.61285631180919142,0.40413971539456661,False,False
0.1207412882905855,2108,1330,196,231,0.14798206278026907,0.54098360655737709,0.23239436619718315,0.6131471785922048,0.40388098318240623,False,False
0.12075617396018447,2109,1329,196,231,0.14807692307692308,0.54098360655737709,0.23251132360342222,0.61343804537521818,0.40362225097024579,False,False
0.12076455036665643,2110,1328,196,231,0.14817190506735087,0.54098360655737709,0.23262839879154079,0.61372891215823155,0.4033635187580854,False,False
0.12078592187703822,2111,1327,196,231,0.14826700898587933,0.54098360655737709,0.23274559193954661,0.61401977894124493,0.40310478654592496,False,False
0.12082724886675164,2112,1326,196,231,0.14836223506743737,0.54098360655737709,0.23286290322580644,0.61431064572425831,0.40284605433376458,False,False
0.12083321073207048,2113,1325,196,231,0.14845758354755784,0.54098360655737709,0.23298033282904693,0.61460151250727169,0.40258732212160414,False,False
0.12085438639563295,2114,1324,196,231,0.14855305466237942,0.54098360655737709,0.23309788092835518,0.61489237929028506,0.4023285899094437,False,False
0.12086518918830252,2115,1323,196,231,0.14864864864864866,0.54098360655737709,0.2332155477031802,0.61518324607329844,0.40206985769728332,False,False
0.12088125662538056,2116,1322,196,231,0.14874436574372182,0.54098360655737709,0.23333333333333334,0.61547411285631182,0.40181112548512288,False,False
0.12089012411121956,2116,1322,197,230,0.14819587628865979,0.53864168618266983,0.23244062657908035,0.61547411285631182,0.40155239327296249,False,False
0.12092623692348228,2117,1321,197,230,0.14829142488716957,0.53864168618266983,0.23255813953488372,0.61576497963932519,0.40129366106080205,False,False
0.12092857232656426,2118,1320,197,230,0.14838709677419354,0.53864168618266983,0.23267577137076378,0.61605584642233857,0.40103492884864167,False,False
0.12094567049063804,2119,1319,197,230,0.14848289218850871,0.53864168618266983,0.23279352226720648,0.61634671320535195,0.40077619663648123,False,False
0.12096060278034741,2120,1318,197,230,0.14857881136950904,0.53864168618266983,0.23291139240506331,0.61663757998836533,0.40051746442432085,False,False
0.12096308532903199,2121,1317,197,230,0.1486748545572075,0.53864168618266983,0.23302938196555217,0.6169284467713787,0.40025873221216041,False,False
0.12098612615654672,2121,1317,198,229,0.148124191461837,0.53629976580796257,0.23213380638621392,0.6169284467713787,0.40000000000000002,False,False
0.12098864420301735,2122,1316,198,229,0.14822006472491908,0.53629976580796257,0.23225152129817439,0.61721931355439208,0.39974126778783958,False,False
0.12100181249943694,2123,1315,198,229,0.1483160621761658,0.53629976580796257,0.23236935565702688,0.61751018033740546,0.3994825355756792,False,False
0.12103529645094747,2124,1314,198,229,0.14841218405703174,0.53629976580796257,0.23248730964467004,0.61780104712041883,0.39922380336351876,False,False
0.12106830685488737,2125,1313,198,229,0.14850843060959792,0.53629976580796257,0.23260538344337225,0.61809191390343221,0.39896507115135832,False,False
0.12107128353520238,2126,1312,198,229,0.14860480207657364,0.53629976580796257,0.23272357723577236,0.61838278068644559,0.39870633893919794,False,False
0.12107616619327907,2127,1311,198,229,0.1487012987012987,0.53629976580796257,0.23284189120488055,0.61867364746945896,0.3984476067270375,False,False
0.12107820308626706,2128,1310,198,229,0.14879792072774528,0.53629976580796257,0.23296032553407933,0.61896451425247234,0.39818887451487711,False,False
0.12108671899557114,2129,1309,198,229,0.14889466840052015,0.53629976580796257,0.23307888040712468,0.61925538103548572,0.39793014230271667,False,False
0.1211141938401137,2130,1308,198,229,0.14899154196486664,0.53629976580796257,0.23319755600814665,0.6195462478184991,0.39767141009055629,False,False
0.12111848450101534,2130,1308,199,228,0.1484375,0.53395784543325531,0.23229750382068265,0.6195462478184991,0.39741267787839585,False,False
0.12111964863000493,2130,1308,200,227,0.14788273615635178,0.53161592505854804,0.23139653414882769,0.6195462478184991,0.39715394566623546,False,False
0.12112419766261134,2131,1307,200,227,0.14797913950456323,0.53161592505854804,0.23151453340132586,0.61983711460151247,0.39689521345407502,False,False
0.1211395028888292,2132,1306,200,227,0.14807566862361382,0.53161592505854804,0.23163265306122449,0.62012798138452585,0.39663648124191464,False,False
0.12114657421451983,2133,1305,200,227,0.14817232375979111,0.53161592505854804,0.23175089331291474,0.62041884816753923,0.3963777490297542,False,False
0.12118125983998912,2134,1304,200,227,0.14826910516002612,0.53161592505854804,0.23186925434116443,0.6207097149505526,0.39611901681759382,False,False
0.12119278973719771,2135,1303,200,227,0.14836601307189543,0.53161592505854804,0.23198773633111902,0.62100058173356598,0.39586028460543338,False,False
0.12127159399249067,2135,1303,201,226,0.14780902550686723,0.52927400468384078,0.23108384458077708,0.62100058173356598,0.39560155239327294,False,False
0.12127241915888935,2136,1302,201,226,0.14790575916230367,0.52927400468384078,0.23120204603580563,0.62129144851657936,0.39534282018111255,False,False
0.1212741209851577,2137,1301,201,226,0.14800261951538965,0.52927400468384078,0.23132036847492327,0.62158231529959274,0.39508408796895211,False,False
0.12130803604834013,2137,1301,202,225,0.1474442988204456,0.52693208430913352,0.23041474654377878,0.62158231529959274,0.39482535575679173,False,False
0.12132539823388715,2138,1300,202,225,0.14754098360655737,0.52693208430913352,0.23053278688524587,0.62187318208260611,0.39456662354463129,False,False
0.12135829104653727,2139,1299,202,225,0.14763779527559054,0.52693208430913352,0.23065094823167606,0.6221640488656196,0.39430789133247091,False,False
0.12139286799716641,2140,1298,202,225,0.14773473407747867,0.52693208430913352,0.23076923076923078,0.62245491564863298,0.39404915912031047,False,False
0.1214203141262776,2140,1298,203,224,0.14717477003942181,0.52459016393442626,0.22986146741918934,0.62245491564863298,0.39379042690815008,False,False
0.12142970764176286,2140,1298,204,223,0.14661406969099278,0.52224824355971899,0.22895277207392198,0.62245491564863298,0.39353169469598964,False,False
0.12143231939452741,2141,1297,204,223,0.14671052631578949,0.52224824355971899,0.22907036466358502,0.62274578243164636,0.39327296248382926,False,False
0.12145366389751247,2142,1296,204,223,0.1468071099407505,0.52224824355971899,0.22918807810894143,0.62303664921465973,0.39301423027166882,False,False
0.12151268851617332,2142,1296,205,222,0.14624505928853754,0.51990632318501173,0.2282776349614396,0.62303664921465973,0.39275549805950843,False,False
0.12151716799210127,2143,1295,205,222,0.14634146341463414,0.51990632318501173,0.22839506172839505,0.62332751599767311,0.39249676584734799,False,False
0.12152167301975336,2144,1294,205,222,0.14643799472295516,0.51990632318501173,0.22851260936695833,0.62361838278068649,0.39223803363518756,False,False
0.12152342350619162,2145,1293,205,222,0.14653465346534653,0.51990632318501173,0.22863027806385167,0.62390924956369986,0.39197930142302717,False,False
0.12153984820267885,2146,1292,205,222,0.14663143989431968,0.51990632318501173,0.22874806800618236,0.62420011634671324,0.39172056921086673,False,False
0.12158786644193779,2147,1291,205,222,0.14672835426305353,0.51990632318501173,0.22886597938144332,0.62449098312972662,0.39146183699870635,False,False
0.12160836564079719,2148,1290,205,222,0.14682539682539683,0.51990632318501173,0.22898401237751417,0.62478184991273999,0.39120310478654591,False,False
0.12165922605803992,2149,1289,205,222,0.14692256783587029,0.51990632318501173,0.22910216718266252,0.62507271669575337,0.39094437257438552,False,False
0.12166111393469674,2150,1288,205,222,0.14701986754966886,0.51990632318501173,0.22922044398554464,0.62536358347876675,0.39068564036222508,False,False
0.12169417007725647,2151,1287,205,222,0.14711729622266401,0.51990632318501173,0.2293388429752066,0.62565445026178013,0.3904269081500647,False,False
0.1216999454083651,2152,1286,205,222,0.14721485411140584,0.51990632318501173,0.22945736434108524,0.6259453170447935,0.39016817593790426,False,False
0.12172858466456439,2152,1286,206,221,0.14664897146648972,0.51756440281030447,0.22854188210961737,0.6259453170447935,0.38990944372574388,False,False
0.1217427853620407,2153,1285,206,221,0.14674634794156707,0.51756440281030447,0.22866011381272633,0.62623618382780688,0.38965071151358344,False,False
0.12177579384512038,2154,1284,206,221,0.146843853820598,0.51756440281030447,0.22877846790890272,0.62652705061082026,0.38939197930142305,False,False
0.12178554907268541,2155,1283,206,221,0.14694148936170212,0.51756440281030447,0.22889694458829621,0.62681791739383363,0.38913324708926261,False,False
0.12184901259696562,2156,1282,206,221,0.14703925482368596,0.51756440281030447,0.22901554404145077,0.62710878417684701,0.38887451487710217,False,False
0.12185922128156547,2157,1281,206,221,0.14713715046604528,0.51756440281030447,0.22913426645930537,0.62739965095986039,0.38861578266494179,False,False
0.12187960341944849,2158,1280,206,221,0.14723517654896737,0.51756440281030447,0.22925311203319507,0.62769051774287377,0.38835705045278135,False,False
0.12189619714073904,2159,1279,206,221,0.14733333333333334,0.51756440281030447,0.22937208095485212,0.62798138452588714,0.38809831824062097,False,False
0.12190359241871609,2160,1278,206,221,0.14743162108072047,0.51756440281030447,0.22949117341640707,0.62827225130890052,0.38783958602846053,False,False
0.12197304595343507,2161,1277,206,221,0.14753004005340453,0.51756440281030447,0.22961038961038957,0.6285631180919139,0.38758085381630014,False,False
0.12200207344523702,2162,1276,206,221,0.14762859051436206,0.51756440281030447,0.22972972972972974,0.62885398487492727,0.3873221216041397,False,False
0.12202270401324861,2163,1275,206,221,0.14772727272727273,0.51756440281030447,0.22984919396775874,0.62914485165794065,0.38706338939197932,False,False
0.12207050239701125,2164,1274,206,221,0.14782608695652175,0.51756440281030447,0.22996878251821021,0.62943571844095403,0.38680465717981888,False,False
0.12209444766450628,2165,1273,206,221,0.14792503346720215,0.51756440281030447,0.23008849557522126,0.62972658522396741,0.38654592496765849,False,False
0.12211267096844773,2166,1272,206,221,0.14802411252511721,0.51756440281030447,0.23020833333333332,0.63001745200698078,0.38628719275549805,False,False
0.12213211051590513,2167,1271,206,221,0.14812332439678283,0.51756440281030447,0.23032829598749346,0.63030831878999416,0.38602846054333767,False,False
0.12216479668138674,2168,1270,206,221,0.1482226693494299,0.51756440281030447,0.23044838373305526,0.63059918557300754,0.38576972833117723,False,False
0.12219967316594511,2169,1269,206,221,0.14832214765100671,0.51756440281030447,0.23056859676577987,0.63089005235602091,0.38551099611901679,False,False
0.12220682738439731,2170,1268,206,221,0.14842175957018133,0.51756440281030447,0.23068893528183718,0.63118091913903429,0.38525226390685641,False,False
0.12220784738926141,2171,1267,206,221,0.14852150537634409,0.51756440281030447,0.23080939947780676,0.63147178592204767,0.38499353169469597,False,False
0.12221820536807303,2172,1266,206,221,0.14862138533960995,0.51756440281030447,0.23092998955067917,0.63176265270506105,0.38473479948253558,False,False
0.12221820618228697,2173,1265,206,221,0.14872139973082099,0.51756440281030447,0.23105070569785677,0.63205351948807442,0.38447606727037514,False,False
0.12223003668361819,2174,1264,206,221,0.14882154882154883,0.51756440281030447,0.23117154811715479,0.6323443862710878,0.38421733505821476,False,False
0.12224423399282412,2174,1264,207,220,0.14824797843665768,0.51522248243559721,0.23024594453165881,0.6323443862710878,0.38395860284605432,False,False
0.1222666943478992,2175,1263,207,220,0.14834794335805798,0.51522248243559721,0.23036649214659685,0.63263525305410118,0.38369987063389394,False,False
0.12228147886193338,2176,1262,207,220,0.1484480431848853,0.51522248243559721,0.23048716605552649,0.63292611983711455,0.3834411384217335,False,False
0.12230402762193357,2177,1261,207,220,0.14854827819041189,0.51522248243559721,0.23060796645702306,0.63321698662012793,0.38318240620957311,False,False
0.12230608565079747,2178,1260,207,220,0.14864864864864866,0.51522248243559721,0.23072889355007867,0.63350785340314131,0.38292367399741267,False,False
0.12234373623978136,2179,1259,207,220,0.14874915483434753,0.51522248243559721,0.23084994753410287,0.6337987201861548,0.38266494178525229,False,False
0.12244003217177173,2179,1259,208,219,0.14817320703653586,0.51288056206088994,0.22992125984251968,0.6337987201861548,0.38240620957309185,False,False
0.12247215282581377,2180,1258,208,219,0.14827352742044686,0.51288056206088994,0.2300420168067227,0.63408958696916817,0.38214747736093141,False,False
0.12247281137649453,2181,1257,208,219,0.1483739837398374,0.51288056206088994,0.23016290068313192,0.63438045375218155,0.38188874514877102,False,False
0.12250210757398525,2182,1256,208,219,0.14847457627118643,0.51288056206088994,0.23028391167192427,0.63467132053519493,0.38163001293661059,False,False
0.12250877214526119,2182,1256,209,218,0.14789687924016282,0.51053864168618268,0.22935297211993688,0.63467132053519493,0.3813712807244502,False,False
0.12257730866127088,2183,1255,209,218,0.14799728445349628,0.51053864168618268,0.22947368421052633,0.6349621873182083,0.38111254851228976,False,False
0.12258450196960662,2184,1254,209,218,0.14809782608695651,0.51053864168618268,0.22959452343338596,0.63525305410122168,0.38085381630012938,False,False
0.12258873179478212,2185,1253,209,218,0.14819850441876276,0.51053864168618268,0.22971548998946262,0.63554392088423506,0.38059508408796894,False,False
0.12261486370385875,2186,1252,209,218,0.14829931972789115,0.51053864168618268,0.2298365840801265,0.63583478766724844,0.38033635187580855,False,False
0.12262834971075708,2187,1251,209,218,0.1484002722940776,0.51053864168618268,0.22995780590717299,0.63612565445026181,0.38007761966364811,False,False
0.12265034539562514,2188,1250,209,218,0.14850136239782016,0.51053864168618268,0.23007915567282319,0.63641652123327519,0.37981888745148773,False,False
0.12265338876633451,2189,1249,209,218,0.14860259032038173,0.51053864168618268,0.23020063357972548,0.63670738801628857,0.37956015523932729,False,False
0.12266065497374365,2190,1248,209,218,0.14870395634379263,0.51053864168618268,0.23032223983095618,0.63699825479930194,0.37930142302716691,False,False
0.12268202425511571,2191,1247,209,218,0.14880546075085324,0.51053864168618268,0.23044397463002117,0.63728912158231532,0.37904269081500647,False,False
0.12270209704976262,2192,1246,209,218,0.14890710382513661,0.51053864168618268,0.23056583818085669,0.6375799883653287,0.37878395860284603,False,False
0.12270947104828572,2193,1245,209,218,0.14900888585099112,0.51053864168618268,0.23068783068783069,0.63787085514834208,0.37852522639068564,False,False
0.12272931457318788,2194,1244,209,218,0.1491108071135431,0.51053864168618268,0.23080995235574381,0.63816172193135545,0.3782664941785252,False,False
0.12275105760865238,2195,1243,209,218,0.14921286789869953,0.51053864168618268,0.2309322033898305,0.63845258871436883,0.37800776196636482,False,False
0.1227812269830351,2196,1242,209,218,0.14931506849315068,0.51053864168618268,0.23105458399576045,0.63874345549738221,0.37774902975420438,False,False
0.12278140762392624,2197,1241,209,218,0.14941740918437285,0.51053864168618268,0.23117709437963946,0.63903432228039558,0.377490297542044,False,False
0.12278187408820325,2198,1240,209,218,0.14951989026063101,0.51053864168618268,0.23129973474801058,0.63932518906340896,0.37723156532988356,False,False
0.12282760268573524,2199,1239,209,218,0.14962251201098148,0.51053864168618268,0.23142250530785563,0.63961605584642234,0.37697283311772317,False,False
0.12284063169182161,2200,1238,209,218,0.14972527472527472,0.51053864168618268,0.23154540626659584,0.63990692262943571,0.37671410090556273,False,False
0.12292086202463925,2201,1237,209,218,0.14982817869415807,0.51053864168618268,0.23166843783209348,0.64019778941244909,0.37645536869340235,False,False
0.12297951944287099,2202,1236,209,218,0.1499312242090784,0.51053864168618268,0.23179160021265285,0.64048865619546247,0.37619663648124191,False,False
0.12299419643001973,2203,1235,209,218,0.15003441156228492,0.51053864168618268,0.23191489361702125,0.64077952297847585,0.37593790426908152,False,False
0.12300360191108123,2204,1234,209,218,0.15013774104683195,0.51053864168618268,0.23203831825439064,0.64107038976148922,0.37567917205692108,False,False
0.1230601422836598,2205,1233,209,218,0.15024121295658166,0.51053864168618268,0.2321618743343983,0.6413612565445026,0.37542043984476064,False,False
0.12307910136116051,2206,1232,209,218,0.1503448275862069,0.51053864168618268,0.23228556206712839,0.64165212332751598,0.37516170763260026,False,False
0.12314087123508077,2207,1231,209,218,0.15044858523119392,0.51053864168618268,0.23240938166311295,0.64194299011052935,0.37490297542043982,False,False
0.12319574328584487,2208,1230,209,218,0.15055248618784531,0.51053864168618268,0.23253333333333331,0.64223385689354273,0.37464424320827944,False,False
0.12323771409523829,2209,1229,209,218,0.15065653075328264,0.51053864168618268,0.23265741728922087,0.64252472367655611,0.374385510996119,False,False
0.12324472919928406,2210,1228,209,218,0.15076071922544951,0.51053864168618268,0.23278163374265881,0.64281559045956949,0.37412677878395861,False,False
0.12328285395506319,2211,1227,209,218,0.15086505190311419,0.51053864168618268,0.23290598290598294,0.64310645724258286,0.37386804657179817,False,False
0.12331085927799196,2211,1227,210,217,0.15027700831024932,0.50819672131147542,0.23196151790486375,0.64310645724258286,0.37360931435963779,False,False
0.12331271400904585,2212,1226,210,217,0.15038115038115038,0.50819672131147542,0.23208556149732618,0.64339732402559624,0.37335058214747735,False,False
0.12332477642358501,2213,1225,210,217,0.15048543689320387,0.50819672131147542,0.23220973782771531,0.64368819080860962,0.37309184993531697,False,False
0.12334799994284548,2214,1224,210,217,0.15058986814712005,0.50819672131147542,0.23233404710920771,0.64397905759162299,0.37283311772315653,False,False
0.12336285384546111,2215,1223,210,217,0.15069444444444444,0.50819672131147542,0.23245848955543649,0.64426992437463637,0.37257438551099614,False,False
0.1234370289848857,2216,1222,210,217,0.1507991660875608,0.50819672131147542,0.232583065380493,0.64456079115764975,0.3723156532988357,False,False
0.12344096550310253,2217,1221,210,217,0.15090403337969402,0.50819672131147542,0.2327077747989276,0.64485165794066313,0.37205692108667532,False,False
0.12345626946946818,2218,1220,210,217,0.15100904662491302,0.50819672131147542,0.23283261802575109,0.6451425247236765,0.37179818887451488,False,False
0.12345803206562959,2219,1219,210,217,0.1511142061281337,0.50819672131147542,0.23295759527643584,0.64543339150668999,0.37153945666235444,False,False
0.1234631299781208,2220,1218,210,217,0.15121951219512195,0.50819672131147542,0.23308270676691725,0.64572425828970337,0.37128072445019406,False,False
0.12351324373709324,2221,1217,210,217,0.15132496513249652,0.50819672131147542,0.23320795271359485,0.64601512507271674,0.37102199223803362,False,False
0.12355601199213977,2222,1216,210,217,0.15143056524773202,0.50819672131147542,0.23333333333333331,0.64630599185573012,0.37076326002587323,False,False
0.12362026114807634,2223,1215,210,217,0.15153631284916202,0.50819672131147542,0.23345884884346424,0.6465968586387435,0.37050452781371279,False,False
0.12362495292713964,2224,1214,210,217,0.15164220824598182,0.50819672131147542,0.23358449946178686,0.64688772542175688,0.37024579560155241,False,False
0.12367506946315791,2225,1213,210,217,0.15174825174825174,0.50819672131147542,0.23371028540656974,0.64717859220477025,0.36998706338939197,False,False
0.1237035482500578,2226,1212,210,217,0.15185444366689993,0.50819672131147542,0.23383620689655174,0.64746945898778363,0.36972833117723158,False,False
0.12371097151233997,2227,1211,210,217,0.15196078431372548,0.50819672131147542,0.23396226415094334,0.64776032577079701,0.36946959896507114,False,False
0.12375299449861905,2228,1210,210,217,0.15206727400140155,0.50819672131147542,0.23408845738942827,0.64805119255381038,0.36921086675291076,False,False
0.12379594863106173,2229,1209,210,217,0.15217391304347827,0.50819672131147542,0.23421478683216407,0.64834205933682376,0.36895213454075032,False,False
0.1238295264649181,2230,1208,210,217,0.15228070175438596,0.50819672131147542,0.23434125269978398,0.64863292611983714,0.36869340232858994,False,False
0.12388881538973127,2230,1208,211,216,0.15168539325842698,0.50585480093676816,0.233387358184765,0.64863292611983714,0.3684346701164295,False,False
0.12393018142738584,2231,1207,211,216,0.15179198875614899,0.50585480093676816,0.23351351351351352,0.64892379290285052,0.36817593790426906,False,False
0.12402902190430842,2232,1206,211,216,0.15189873417721519,0.50585480093676816,0.23363980530016223,0.64921465968586389,0.36791720569210867,False,False
0.1240312714234663,2233,1205,211,216,0.15200562983814214,0.50585480093676816,0.23376623376623376,0.64950552646887727,0.36765847347994823,False,False
0.12403593958359335,2234,1204,211,216,0.15211267605633802,0.50585480093676816,0.23389279913373034,0.64979639325189065,0.36739974126778785,False,False
0.12412189639942681,2235,1203,211,216,0.15221987315010571,0.50585480093676816,0.23401950162513541,0.65008726003490402,0.36714100905562741,False,False
0.1242679449606076,2236,1202,211,216,0.15232722143864599,0.50585480093676816,0.23414634146341468,0.6503781268179174,0.36688227684346703,False,False
0.12430228833254729,2237,1201,211,216,0.1524347212420607,0.50585480093676816,0.23427331887201736,0.65066899360093078,0.36662354463130659,False,False
0.12430356292046436,2238,1200,211,216,0.15254237288135594,0.50585480093676816,0.23440043407487793,0.65095986038394416,0.3663648124191462,False,False
0.12433400050368922,2239,1199,211,216,0.15265017667844524,0.50585480093676816,0.23452768729641696,0.65125072716695753,0.36610608020698576,False,False
0.12440585572815371,2240,1198,211,216,0.15275813295615276,0.50585480093676816,0.23465507876154262,0.65154159394997091,0.36584734799482538,False,False
0.12441981842863015,2241,1197,211,216,0.15286624203821655,0.50585480093676816,0.23478260869565218,0.65183246073298429,0.36558861578266494,False,False
0.12442171680870114,2242,1196,211,216,0.15297450424929179,0.50585480093676816,0.23491027732463296,0.65212332751599766,0.36532988357050455,False,False
0.12448683161342303,2243,1195,211,216,0.15308291991495393,0.50585480093676816,0.235038084874864,0.65241419429901104,0.36507115135834411,False,False
0.12451277415158749,2244,1194,211,216,0.15319148936170213,0.50585480093676816,0.23516603157321722,0.65270506108202442,0.36481241914618368,False,False
0.12453400055029148,2245,1193,211,216,0.15330021291696239,0.50585480093676816,0.23529411764705882,0.6529959278650378,0.36455368693402329,False,False
0.1245351226963619,2246,1192,211,216,0.15340909090909091,0.50585480093676816,0.23542234332425066,0.65328679464805117,0.36429495472186285,False,False
0.12454369087520936,2247,1191,211,216,0.15351812366737741,0.50585480093676816,0.2355507088331516,0.65357766143106455,0.36403622250970247,False,False
0.12455234527448057,2248,1190,211,216,0.15362731152204837,0.50585480093676816,0.23567921440261869,0.65386852821407793,0.36377749029754203,False,False
0.12456764374440468,2249,1189,211,216,0.15373665480427046,0.50585480093676816,0.23580786026200873,0.6541593949970913,0.36351875808538164,False,False
0.1246079501135836,2250,1188,211,216,0.15384615384615385,0.50585480093676816,0.23593664664117966,0.65445026178010468,0.3632600258732212,False,False
0.1246364518147495,2251,1187,211,216,0.15395580898075553,0.50585480093676816,0.23606557377049181,0.65474112856311806,0.36300129366106082,False,False
0.12470067317000674,2252,1186,211,216,0.15406562054208273,0.50585480093676816,0.23619464188080916,0.65503199534613143,0.36274256144890038,False,False
0.12473336169982634,2253,1185,211,216,0.15417558886509636,0.50585480093676816,0.23632385120350111,0.65532286212914481,0.36248382923674,False,False
0.12480025337495849,2254,1184,211,216,0.15428571428571428,0.50585480093676816,0.23645320197044337,0.65561372891215819,0.36222509702457956,False,False
0.12480856819124957,2255,1183,211,216,0.15439599714081487,0.50585480093676816,0.23658269441401969,0.65590459569517157,0.36196636481241917,False,False
0.12480978470778059,2256,1182,211,216,0.15450643776824036,0.50585480093676816,0.23671232876712331,0.65619546247818494,0.36170763260025873,False,False
0.12483781629012725,2257,1181,211,216,0.15461703650680028,0.50585480093676816,0.23684210526315791,0.65648632926119832,0.36144890038809829,False,False
0.12484535548405748,2258,1180,211,216,0.15472779369627507,0.50585480093676816,0.23697202413603949,0.6567771960442117,0.36119016817593791,False,False
0.12485514806532311,2259,1179,211,216,0.15483870967741936,0.50585480093676816,0.23710208562019755,0.65706806282722519,0.36093143596377747,True,True
0.1249127712531994,2259,1179,212,215,0.15423242467718795,0.50351288056206089,0.23613399231191654,0.65706806282722519,0.36067270375161709,False,False
0.12492573554596849,2260,1178,212,215,0.15434314429289303,0.50351288056206089,0.23626373626373628,0.65735892961023856,0.36041397153945665,False,False
0.12495935099199164,2261,1177,212,215,0.15445402298850575,0.50351288056206089,0.23639362286970864,0.65764979639325194,0.36015523932729626,False,False
0.12501801355158204,2262,1176,212,215,0.15456506110711718,0.50351288056206089,0.23652365236523648,0.65794066317626532,0.35989650711513582,False,False
0.12503928619211166,2262,1176,213,214,0.1539568345323741,0.50117096018735363,0.2355531095211888,0.65794066317626532,0.35963777490297544,False,False
0.1250612124422574,2262,1176,214,213,0.15334773218142547,0.49882903981264637,0.23458149779735682,0.65794066317626532,0.359379042690815,False,False
0.12515488395330734,2263,1175,214,213,0.15345821325648415,0.49882903981264637,0.23471074380165291,0.65823152995927869,0.35912031047865461,False,False
0.12535824859013026,2264,1174,214,213,0.15356885364095169,0.49882903981264637,0.23484013230429987,0.65852239674229207,0.35886157826649417,False,False
0.12537044111702081,2265,1173,214,213,0.15367965367965367,0.49882903981264637,0.23496966354109211,0.65881326352530545,0.35860284605433379,False,False
0.1253839532589297,2265,1173,215,212,0.15306859205776174,0.49648711943793911,0.23399558498896247,0.65881326352530545,0.35834411384217335,False,False
0.12539408540133065,2266,1172,215,212,0.15317919075144509,0.49648711943793911,0.23412479293208169,0.65910413030831883,0.35808538163001291,False,False
0.12541315861840704,2267,1171,215,212,0.15328994938539406,0.49648711943793911,0.23425414364640881,0.6593949970913322,0.35782664941785253,False,False
0.12541975518234483,2268,1170,215,212,0.15340086830680175,0.49648711943793911,0.23438363736871198,0.65968586387434558,0.35756791720569209,False,False
0.12546278907267924,2269,1169,215,212,0.15351194786386677,0.49648711943793911,0.23451327433628316,0.65997673065735896,0.3573091849935317,False,False
0.12547146303730197,2270,1168,215,212,0.15362318840579711,0.49648711943793911,0.23464305478693967,0.66026759744037233,0.35705045278137126,False,False
0.12547539280167413,2271,1167,215,212,0.15373459028281364,0.49648711943793911,0.23477297895902544,0.66055846422338571,0.35679172056921088,False,False
0.12547826364764192,2272,1166,215,212,0.15384615384615385,0.49648711943793911,0.23490304709141277,0.66084933100639909,0.35653298835705044,False,False
0.1254822204164292,2273,1165,215,212,0.15395787944807551,0.49648711943793911,0.23503325942350331,0.66114019778941246,0.35627425614489006,False,False
0.12548510893238124,2274,1164,215,212,0.15406976744186046,0.49648711943793911,0.23516361619523019,0.66143106457242584,0.35601552393272962,False,False
0.12551775889851649,2275,1163,215,212,0.15418181818181817,0.49648711943793911,0.23529411764705879,0.66172193135543922,0.35575679172056923,False,False
0.12551953103428021,2275,1163,216,211,0.15356622998544395,0.49414519906323184,0.23431426985008325,0.66172193135543922,0.35549805950840879,False,False
0.1255654907764967,2276,1162,216,211,0.15367807720320467,0.49414519906323184,0.23444444444444443,0.6620127981384526,0.35523932729624841,False,False
0.1256061277093074,2277,1161,216,211,0.15379008746355685,0.49414519906323184,0.23457476375764313,0.66230366492146597,0.35498059508408797,False,False
0.12567557991048053,2278,1160,216,211,0.15390226112326769,0.49414519906323184,0.23470522803114574,0.66259453170447935,0.35472186287192753,False,False
0.12569018036768578,2279,1159,216,211,0.15401459854014599,0.49414519906323184,0.23483583750695605,0.66288539848749273,0.35446313065976714,False,False
0.12572326749234644,2279,1159,217,210,0.15339663988312638,0.49180327868852458,0.23385300668151449,0.66288539848749273,0.35420439844760671,False,False
0.12572592682406294,2280,1158,217,210,0.15350877192982457,0.49180327868852458,0.23398328690807799,0.6631762652705061,0.35394566623544632,False,False
0.1257461836430965,2281,1157,217,210,0.15362106803218728,0.49180327868852458,0.23411371237458192,0.66346713205351948,0.35368693402328588,False,False
0.12577124394988604,2282,1156,217,210,0.15373352855051245,0.49180327868852458,0.23424428332403791,0.66375799883653286,0.3534282018111255,False,False
0.12577136622480345,2283,1155,217,210,0.15384615384615385,0.49180327868852458,0.234375,0.66404886561954624,0.35316946959896506,False,False
0.12577544089309056,2284,1154,217,210,0.15395894428152493,0.49180327868852458,0.2345058626465662,0.66433973240255961,0.35291073738680467,False,False
0.12581218827385321,2285,1153,217,210,0.15407190022010273,0.49180327868852458,0.23463687150837989,0.66463059918557299,0.35265200517464423,False,False
0.1258225751646814,2286,1152,217,210,0.15418502202643172,0.49180327868852458,0.23476802683063164,0.66492146596858637,0.35239327296248385,False,False
0.12585182541483425,2287,1151,217,210,0.15429831006612785,0.49180327868852458,0.23489932885906042,0.66521233275159974,0.35213454075032341,False,False
0.12586592444055542,2288,1150,217,210,0.15441176470588236,0.49180327868852458,0.23503077783995524,0.66550319953461312,0.35187580853816303,False,False
0.12586880056704161,2289,1149,217,210,0.1545253863134658,0.49180327868852458,0.23516237402015677,0.6657940663176265,0.35161707632600259,False,False
0.12588246115760929,2290,1148,217,210,0.15463917525773196,0.49180327868852458,0.23529411764705885,0.66608493310063988,0.35135834411384215,False,False
0.12589776150353343,2291,1147,217,210,0.15475313190862197,0.49180327868852458,0.23542600896860988,0.66637579988365325,0.35109961190168176,False,False
0.1259078808160303,2292,1146,217,210,0.15486725663716813,0.49180327868852458,0.23555804823331461,0.66666666666666663,0.35084087968952132,False,False
0.1259245802932043,2293,1145,217,210,0.15498154981549817,0.49180327868852458,0.2356902356902357,0.66695753344968001,0.35058214747736094,False,False
0.12593204098088168,2294,1144,217,210,0.15509601181683899,0.49180327868852458,0.23582257158899494,0.66724840023269338,0.3503234152652005,False,False
0.12595519962520915,2295,1143,217,210,0.15521064301552107,0.49180327868852458,0.2359550561797753,0.66753926701570676,0.35006468305304012,False,False
0.12599735993648234,2295,1143,218,209,0.15458579881656806,0.48946135831381732,0.23496346261944914,0.66753926701570676,0.34980595084087968,False,False
0.12601508156944397,2295,1143,219,208,0.153960029607698,0.48711943793911006,0.23397075365579301,0.66753926701570676,0.34954721862871929,False,False
0.12601937462376514,2296,1142,219,208,0.15407407407407409,0.48711943793911006,0.23410241980866628,0.66783013379872014,0.34928848641655885,False,False
0.12603360703745634,2296,1142,220,207,0.15344699777613047,0.48477751756440279,0.23310810810810811,0.66783013379872014,0.34902975420439847,False,False
0.12603419453892517,2297,1141,220,207,0.15356083086053413,0.48477751756440279,0.2332394366197183,0.66812100058173352,0.34877102199223803,False,False
0.12603463300775611,2298,1140,220,207,0.15367483296213807,0.48477751756440279,0.23337091319052983,0.66841186736474689,0.34851228978007764,False,False
0.12604623999430786,2299,1139,220,207,0.15378900445765231,0.48477751756440279,0.233502538071066,0.66870273414776038,0.3482535575679172,False,False
0.12609886319513355,2300,1138,220,207,0.15390334572490708,0.48477751756440279,0.23363431151241537,0.66899360093077376,0.34799482535575677,False,False
0.12615770225169529,2301,1137,220,207,0.15401785714285715,0.48477751756440279,0.23376623376623379,0.66928446771378713,0.34773609314359638,False,False
0.12619214401896914,2301,1137,221,206,0.15338793745346241,0.48243559718969553,0.23276836158192091,0.66928446771378713,0.34747736093143594,False,False
0.12623008842239988,2302,1136,221,206,0.15350223546944858,0.48243559718969553,0.23289994347088749,0.66957533449680051,0.34721862871927556,False,False
0.12624702972712326,2303,1135,221,206,0.15361670395227442,0.48243559718969553,0.23303167420814477,0.66986620127981389,0.34695989650711512,False,False
0.12627317662534046,2304,1134,221,206,0.15373134328358209,0.48243559718969553,0.23316355404640635,0.67015706806282727,0.34670116429495473,False,False
0.12631644733185657,2305,1133,221,206,0.15384615384615385,0.48243559718969553,0.2332955832389581,0.67044793484584064,0.34644243208279429,False,False
0.12632077078031198,2305,1133,222,205,0.1532137518684604,0.48009367681498827,0.23229461756373937,0.67044793484584064,0.34618369987063391,False,False
0.12633579518157309,2306,1132,222,205,0.15332834704562454,0.48009367681498827,0.23242630385487531,0.67073880162885402,0.34592496765847347,False,False
0.12638741670540071,2307,1131,222,205,0.15344311377245509,0.48009367681498827,0.23255813953488369,0.6710296684118674,0.34566623544631309,False,False
0.12640575509576876,2307,1131,223,204,0.15280898876404495,0.47775175644028101,0.23155505107832011,0.6710296684118674,0.34540750323415265,False,False
0.12642944711356596,2308,1130,223,204,0.15292353823088456,0.47775175644028101,0.23168654173764905,0.67132053519488077,0.34514877102199226,False,False
0.12649019673018083,2309,1129,223,204,0.15303825956489123,0.47775175644028101,0.23181818181818181,0.67161140197789415,0.34489003880983182,False,False
0.12655585728652949,2310,1128,223,204,0.15315315315315314,0.47775175644028101,0.23194997157475838,0.67190226876090753,0.34463130659767138,False,False
0.12662789507358543,2310,1128,224,203,0.15251690458302028,0.47540983606557374,0.23094425483503983,0.67190226876090753,0.344372574385511,False,False
0.12663509903995646,2311,1127,224,203,0.15263157894736842,0.47540983606557374,0.23107569721115534,0.67219313554392091,0.34411384217335056,False,False
0.12664502207939929,2312,1126,224,203,0.1527464258841234,0.47540983606557374,0.23120728929384962,0.67248400232693428,0.34385510996119018,False,False
0.12669132528178742,2313,1125,224,203,0.15286144578313254,0.47540983606557374,0.23133903133903136,0.67277486910994766,0.34359637774902974,False,False
0.1266929282359206,2313,1125,225,202,0.1522230595327807,0.47306791569086654,0.23033067274800453,0.67277486910994766,0.34333764553686935,False,False
0.12674126191909343,2313,1125,226,201,0.15158371040723981,0.47072599531615927,0.22932116371933828,0.67277486910994766,0.34307891332470891,False,False
0.12675366258159529,2313,1125,227,200,0.15094339622641509,0.46838407494145201,0.22831050228310498,0.67277486910994766,0.34282018111254853,False,False
0.12676731328898963,2314,1124,227,200,0.15105740181268881,0.46838407494145201,0.22844089091947456,0.67306573589296104,0.34256144890038809,False,False
0.12677321863034993,2315,1123,227,200,0.15117157974300832,0.46838407494145201,0.22857142857142862,0.67335660267597441,0.3423027166882277,False,False
0.12677515372207415,2316,1122,227,200,0.15128593040847202,0.46838407494145201,0.22870211549456834,0.67364746945898779,0.34204398447606726,False,False
0.12682158598376794,2317,1121,227,200,0.15140045420136261,0.46838407494145201,0.2288329519450801,0.67393833624200117,0.34178525226390688,False,False
0.12683426367915171,2318,1120,227,200,0.15151515151515152,0.46838407494145201,0.2289639381797367,0.67422920302501455,0.34152652005174644,False,False
0.12699716872598169,2319,1119,227,200,0.15163002274450341,0.46838407494145201,0.22909507445589919,0.67452006980802792,0.341267787839586,False,False
0.12703300443999188,2320,1118,227,200,0.15174506828528073,0.46838407494145201,0.22922636103151861,0.6748109365910413,0.34100905562742562,False,False
0.12703596987063337,2320,1118,228,199,0.15110098709187547,0.46604215456674475,0.22821100917431192,0.6748109365910413,0.34075032341526518,False,False
0.12707275778114829,2321,1117,228,199,0.15121580547112462,0.46604215456674475,0.2283419391853127,0.67510180337405468,0.34049159120310479,False,False
0.1270780512320718,2322,1116,228,199,0.15133079847908745,0.46604215456674475,0.22847301951779564,0.67539267015706805,0.34023285899094435,False,False
0.12708672075690036,2323,1115,228,199,0.15144596651445966,0.46604215456674475,0.22860425043078689,0.67568353694008143,0.33997412677878397,False,False
0.1271139661635958,2324,1114,228,199,0.15156130997715156,0.46604215456674475,0.22873563218390802,0.67597440372309481,0.33971539456662353,False,False
0.12712477441943357,2325,1113,228,199,0.15167682926829268,0.46604215456674475,0.22886716503737781,0.67626527050610818,0.33945666235446315,False,False
0.12713382998706627,2326,1112,228,199,0.15179252479023647,0.46604215456674475,0.22899884925201383,0.67655613728912156,0.33919793014230271,False,False
0.12713861288635261,2327,1111,228,199,0.15190839694656488,0.46604215456674475,0.22913068508923429,0.67684700407213494,0.33893919793014232,False,False
0.1271666352110192,2328,1110,228,199,0.15202444614209321,0.46604215456674475,0.22926267281105989,0.67713787085514832,0.33868046571798188,False,False
0.12720375167062026,2329,1109,228,199,0.15214067278287463,0.46604215456674475,0.2293948126801153,0.67742873763816169,0.3384217335058215,False,False
0.12721250951653865,2330,1108,228,199,0.15225707727620505,0.46604215456674475,0.22952710495963091,0.67771960442117507,0.33816300129366106,False,False
0.12725671834914956,2331,1107,228,199,0.15237366003062788,0.46604215456674475,0.22965954991344492,0.67801047120418845,0.33790426908150067,False,False
0.12726151983025794,2331,1107,229,198,0.15172413793103448,0.46370023419203749,0.22863741339491916,0.67801047120418845,0.33764553686934023,False,False
0.12734197493615398,2332,1106,229,198,0.15184049079754602,0.46370023419203749,0.22876949740034663,0.67830133798720182,0.3373868046571798,False,False
0.12739500644019378,2333,1105,229,198,0.15195702225633154,0.46370023419203749,0.22890173410404624,0.6785922047702152,0.33712807244501941,False,False
0.12742462172573496,2334,1104,229,198,0.15207373271889402,0.46370023419203749,0.22903412377096594,0.67888307155322858,0.33686934023285897,False,False
0.12744607992843993,2334,1104,230,197,0.15142198308993082,0.46135831381733022,0.22800925925925924,0.67888307155322858,0.33661060802069859,False,False
0.12744723528863514,2334,1104,231,196,0.15076923076923077,0.45901639344262296,0.22698320787492759,0.67888307155322858,0.33635187580853815,False,False
0.12749621730102376,2335,1103,231,196,0.15088529638183218,0.45901639344262296,0.22711471610660486,0.67917393833624196,0.33609314359637776,False,False
0.12752344707192453,2336,1102,231,196,0.15100154083204931,0.45901639344262296,0.22724637681159418,0.67946480511925533,0.33583441138421732,False,False
0.12755337861803448,2337,1101,231,196,0.15111796453353893,0.45901639344262296,0.22737819025522041,0.67975567190226871,0.33557567917205694,False,False
0.12760296677275729,2338,1100,231,196,0.15123456790123457,0.45901639344262296,0.22751015670342425,0.68004653868528209,0.3353169469598965,False,False
0.12760732260812674,2339,1099,231,196,0.15135135135135136,0.45901639344262296,0.22764227642276422,0.68033740546829558,0.33505821474773612,False,False
0.12760915034069129,2340,1098,231,196,0.15146831530139104,0.45901639344262296,0.22777454968041841,0.68062827225130895,0.33479948253557568,False,False
0.12762016533140164,2341,1097,231,196,0.15158546017014696,0.45901639344262296,0.22790697674418606,0.68091913903432233,0.33454075032341529,False,False
0.12769450156350551,2342,1096,231,196,0.15170278637770898,0.45901639344262296,0.22803955788248978,0.68121000581733571,0.33428201811125485,False,False
0.12777284137726622,2343,1095,231,196,0.15182029434546862,0.45901639344262296,0.22817229336437722,0.68150087260034908,0.33402328589909441,False,False
0.12777702157612425,2344,1094,231,196,0.15193798449612403,0.45901639344262296,0.22830518345952241,0.68179173938336246,0.33376455368693403,False,False
0.12778811418769567,2345,1093,231,196,0.15205585725368503,0.45901639344262296,0.22843822843822842,0.68208260616637584,0.33350582147477359,False,False
0.12779125847499287,2346,1092,231,196,0.15217391304347827,0.45901639344262296,0.22857142857142856,0.68237347294938921,0.33324708926261321,False,False
0.12782219081693266,2347,1091,231,196,0.15229215229215229,0.45901639344262296,0.22870478413068845,0.68266433973240259,0.33298835705045277,False,False
0.1278439791544434,2348,1090,231,196,0.15241057542768274,0.45901639344262296,0.22883829538820782,0.68295520651541597,0.33272962483829238,False,False
0.12784874322181336,2348,1090,232,195,0.1517509727626459,0.4566744730679157,0.22780373831775699,0.68295520651541597,0.33247089262613194,False,False
0.1278641676675337,2349,1089,232,195,0.15186915887850466,0.4566744730679157,0.22793687901811804,0.68324607329842935,0.33221216041397156,False,False
0.12787213721898061,2350,1088,232,195,0.151987529228371,0.4566744730679157,0.22807017543859645,0.68353694008144272,0.33195342820181112,False,False
0.12789018676785849,2351,1087,232,195,0.15210608424336974,0.4566744730679157,0.22820362785254536,0.6838278068644561,0.33169469598965073,False,False
0.12791133952034847,2352,1086,232,195,0.1522248243559719,0.4566744730679157,0.22833723653395788,0.68411867364746948,0.33143596377749029,False,False
0.12792925065550442,2353,1085,232,195,0.15234375,0.4566744730679157,0.22847100175746921,0.68440954043048285,0.33117723156532991,False,False
0.12794233056532367,2354,1084,232,195,0.1524628616106333,0.4566744730679157,0.2286049237983587,0.68470040721349623,0.33091849935316947,False,False
0.12797220342005294,2355,1083,232,195,0.15258215962441316,0.4566744730679157,0.22873900293255131,0.68499127399650961,0.33065976714100903,False,False
0.12797376480967479,2356,1082,232,195,0.15270164447924825,0.4566744730679157,0.22887323943661972,0.68528214077952299,0.33040103492884865,False,False
0.12797405071918458,2357,1081,232,195,0.15282131661442006,0.4566744730679157,0.22900763358778625,0.68557300756253636,0.33014230271668821,False,False
0.12800353391004871,2358,1080,232,195,0.15294117647058825,0.4566744730679157,0.22914218566392483,0.68586387434554974,0.32988357050452782,False,False
0.12806979018602402,2359,1079,232,195,0.15306122448979592,0.4566744730679157,0.22927689594356263,0.68615474112856312,0.32962483829236738,False,False
0.12807387512758212,2360,1078,232,195,0.15318146111547526,0.4566744730679157,0.22941176470588237,0.68644560791157649,0.329366106080207,False,False
0.12808264630096791,2361,1077,232,195,0.15330188679245282,0.4566744730679157,0.22954679223072397,0.68673647469458987,0.32910737386804656,False,False
0.12810118682044794,2361,1077,233,194,0.15263571990558616,0.45433255269320844,0.22850412249705537,0.68673647469458987,0.32884864165588618,False,False
0.1281050097561566,2362,1076,233,194,0.15275590551181104,0.45433255269320844,0.22863877430760166,0.68702734147760325,0.32858990944372574,False,False
0.12815261917466869,2363,1075,233,194,0.152876280535855,0.45433255269320844,0.22877358490566038,0.68731820826061663,0.32833117723156535,False,False
0.12822851815856437,2364,1074,233,194,0.1529968454258675,0.45433255269320844,0.22890855457227138,0.68760907504363,0.32807244501940491,False,False
0.12828022592193106,2365,1073,233,194,0.15311760063141278,0.45433255269320844,0.2290436835891381,0.68789994182664338,0.32781371280724453,False,False
0.12830943172934797,2366,1072,233,194,0.15323854660347552,0.45433255269320844,0.22917897223862965,0.68819080860965676,0.32755498059508409,False,False
0.12840457875596276,2367,1071,233,194,0.15335968379446641,0.45433255269320844,0.22931442080378248,0.68848167539267013,0.32729624838292365,False,False
0.12841337453203583,2368,1070,233,194,0.15348101265822786,0.45433255269320844,0.22945002956830282,0.68877254217568351,0.32703751617076326,False,False
0.12841475778255157,2369,1069,233,194,0.15360253365003959,0.45433255269320844,0.22958579881656807,0.68906340895869689,0.32677878395860283,False,False
0.12847968109310359,2370,1068,233,194,0.15372424722662439,0.45433255269320844,0.22972172883362932,0.68935427574171027,0.32652005174644244,False,False
0.12850355171338518,2371,1067,233,194,0.15384615384615385,0.45433255269320844,0.22985781990521331,0.68964514252472364,0.326261319534282,False,False
0.12851007373874676,2372,1066,233,194,0.15396825396825398,0.45433255269320844,0.22999407231772379,0.68993600930773702,0.32600258732212162,False,False
0.12853993514076181,2373,1065,233,194,0.15409054805401112,0.45433255269320844,0.23013048635824437,0.6902268760907504,0.32574385510996118,False,False
0.12854407611395038,2374,1064,233,194,0.15421303656597773,0.45433255269320844,0.23026706231454003,0.69051774287376377,0.32548512289780079,False,False
0.12855508279135633,2375,1063,233,194,0.15433571996817821,0.45433255269320844,0.23040380047505937,0.69080860965677715,0.32522639068564035,False,False
0.12866936225825967,2376,1062,233,194,0.15445859872611464,0.45433255269320844,0.2305407011289364,0.69109947643979053,0.32496765847347997,False,False
0.12867479940436441,2376,1062,234,193,0.15378486055776894,0.45199063231850117,0.22948870392390014,0.69109947643979053,0.32470892626131953,False,False
0.12876742828449864,2377,1061,234,193,0.15390749601275916,0.45199063231850117,0.22962522308149907,0.6913903432228039,0.32445019404915915,False,False
0.12879058454200257,2378,1060,234,193,0.15403032721468476,0.45199063231850117,0.22976190476190478,0.69168121000581728,0.32419146183699871,False,False
0.12879388698122865,2379,1059,234,193,0.15415335463258786,0.45199063231850117,0.22989874925550921,0.69197207678883077,0.32393272962483827,False,False
0.12882156408467574,2380,1058,234,193,0.15427657873701039,0.45199063231850117,0.23003575685339689,0.69226294357184415,0.32367399741267788,False,False
0.12887674758472795,2381,1057,234,193,0.15440000000000001,0.45199063231850117,0.23017292784734644,0.69255381035485752,0.32341526520051744,False,False
0.12892222640382928,2382,1056,234,193,0.15452361889511609,0.45199063231850117,0.23031026252983292,0.6928446771378709,0.32315653298835706,False,False
0.12892972082600609,2382,1056,235,192,0.15384615384615385,0.44964871194379391,0.22925373134328361,0.6928446771378709,0.32289780077619662,False,False
0.12894812476193154,2383,1055,235,192,0.15396952686447474,0.44964871194379391,0.2293906810035842,0.69313554392088428,0.32263906856403624,False,False
0.12896922323385696,2383,1055,236,191,0.15329052969502407,0.44730679156908665,0.22833233711894801,0.69313554392088428,0.3223803363518758,False,False
0.1289873437165055,2384,1054,236,191,0.15341365461847389,0.44730679156908665,0.22846889952153107,0.69342641070389766,0.32212160413971541,False,False
0.12899889932956765,2384,1054,237,190,0.15273311897106109,0.44496487119437939,0.22740873728306404,0.69342641070389766,0.32186287192755497,False,False
0.12901678474104475,2385,1053,237,190,0.15285599356395815,0.44496487119437939,0.22754491017964074,0.69371727748691103,0.32160413971539459,False,False
0.12904110691762652,2386,1052,237,190,0.1529790660225443,0.44496487119437939,0.22768124625524264,0.69400814426992441,0.32134540750323415,False,False
0.12906919451459781,2387,1051,237,190,0.15310233682514102,0.44496487119437939,0.22781774580335734,0.69429901105293779,0.32108667529107376,False,False
0.12907036583182255,2388,1050,237,190,0.15322580645161291,0.44496487119437939,0.22795440911817635,0.69458987783595116,0.32082794307891332,False,False
0.12913927870145642,2389,1049,237,190,0.15334947538337368,0.44496487119437939,0.22809123649459784,0.69488074461896454,0.32056921086675289,False,False
0.12917987065381653,2390,1048,237,190,0.15347334410339256,0.44496487119437939,0.22822822822822822,0.69517161140197792,0.3203104786545925,False,False
0.12918480439375626,2391,1047,237,190,0.15359741309620048,0.44496487119437939,0.22836538461538458,0.6954624781849913,0.32005174644243206,False,False
0.12921611352584209,2392,1046,237,190,0.15372168284789645,0.44496487119437939,0.2285027059530968,0.69575334496800467,0.31979301423027168,False,False
0.12924445553648106,2393,1045,237,190,0.15384615384615385,0.44496487119437939,0.22864019253910953,0.69604421175101805,0.31953428201811124,False,False
0.12929965839974514,2394,1044,237,190,0.1539708265802269,0.44496487119437939,0.22877784467188442,0.69633507853403143,0.31927554980595085,False,False
0.12931690081466093,2395,1043,237,190,0.154095701540957,0.44496487119437939,0.2289156626506024,0.6966259453170448,0.31901681759379041,False,False
0.12941593001375273,2395,1043,238,189,0.15340909090909091,0.44262295081967212,0.22784810126582278,0.6966259453170448,0.31875808538163003,False,False
0.12942401867795825,2396,1042,238,189,0.15353371242891958,0.44262295081967212,0.22798552472858866,0.69691681210005818,0.31849935316946959,False,False
0.1294348195579085,2397,1041,238,189,0.15365853658536585,0.44262295081967212,0.22812311406155703,0.69720767888307156,0.31824062095730921,False,False
0.12943657744450551,2398,1040,238,189,0.15378356387306755,0.44262295081967212,0.22826086956521741,0.69749854566608493,0.31798188874514877,False,False
0.12945256896607113,2398,1040,239,188,0.15309446254071662,0.44028103044496486,0.22719033232628399,0.69749854566608493,0.31772315653298838,False,False
0.12947381688836751,2399,1039,239,188,0.15321923390383049,0.44028103044496486,0.22732769044740025,0.69778941244909831,0.31746442432082794,False,False
0.12949216140995137,2400,1038,239,188,0.15334420880913541,0.44028103044496486,0.22746521476104054,0.69808027923211169,0.3172056921086675,False,False
0.12952467311056451,2401,1037,239,188,0.15346938775510205,0.44028103044496486,0.22760290556900731,0.69837114601512507,0.31694695989650712,False,False
0.12956409337800973,2402,1036,239,188,0.15359477124183007,0.44028103044496486,0.2277407631738341,0.69866201279813844,0.31668822768434668,False,False
0.12959533659930039,2402,1036,240,187,0.15290269828291086,0.4379391100702576,0.22666666666666663,0.69866201279813844,0.3164294954721863,False,False
0.1296405258517527,2402,1036,241,186,0.15220949263502456,0.43559718969555034,0.22559126743480901,0.69866201279813844,0.31617076326002586,False,False
0.12970725525221549,2403,1035,241,186,0.15233415233415235,0.43559718969555034,0.22572815533980586,0.69895287958115182,0.31591203104786547,False,False
0.12970936741853117,2404,1034,241,186,0.15245901639344261,0.43559718969555034,0.22586520947176686,0.6992437463641652,0.31565329883570503,False,False
0.12978285837351053,2405,1033,241,186,0.15258408531583265,0.43559718969555034,0.22600243013365737,0.69953461314717857,0.31539456662354465,False,False
0.12978710518448258,2406,1032,241,186,0.15270935960591134,0.43559718969555034,0.22613981762917934,0.69982547993019195,0.31513583441138421,False,False
0.12983251935193602,2407,1031,241,186,0.15283483976992604,0.43559718969555034,0.22627737226277372,0.70011634671320533,0.31487710219922382,False,False
0.12986958889315942,2408,1030,241,186,0.15296052631578946,0.43559718969555034,0.22641509433962265,0.70040721349621871,0.31461836998706338,False,False
0.12988213363892304,2409,1029,241,186,0.15308641975308643,0.43559718969555034,0.22655298416565167,0.70069808027923208,0.314359637774903,False,False
0.12990100535769358,2410,1028,241,186,0.15321252059308071,0.43559718969555034,0.22669104204753199,0.70098894706224546,0.31410090556274256,False,False
0.12993395356736387,2411,1027,241,186,0.15333882934872217,0.43559718969555034,0.22682926829268291,0.70127981384525884,0.31384217335058212,False,False
0.12995729093461522,2412,1026,241,186,0.15346534653465346,0.43559718969555034,0.22696766320927395,0.70157068062827221,0.31358344113842174,False,False
0.13002736913016943,2413,1025,241,186,0.15359207266721717,0.43559718969555034,0.22710622710622708,0.70186154741128559,0.3133247089262613,False,False
0.13003085125568983,2414,1024,241,186,0.1537190082644628,0.43559718969555034,0.22724496029321931,0.70215241419429897,0.31306597671410091,False,False
0.13006710135535146,2414,1024,242,185,0.15301902398676592,0.43325526932084307,0.22616136919315399,0.70215241419429897,0.31280724450194047,False,False
0.13009525949958511,2415,1023,242,185,0.15314569536423842,0.43325526932084307,0.22629969418960244,0.70244328097731235,0.31254851228978009,False,False
0.13009996539886284,2416,1022,242,185,0.15327257663628832,0.43325526932084307,0.22643818849449207,0.70273414776032572,0.31228978007761965,False,False
0.13012113930270566,2417,1021,242,185,0.15339966832504145,0.43325526932084307,0.22657685241886097,0.7030250145433391,0.31203104786545927,False,False
0.13012596923998873,2417,1021,243,184,0.15269709543568466,0.43091334894613581,0.2254901960784314,0.7030250145433391,0.31177231565329883,False,False
0.13017327739718454,2418,1020,243,184,0.15282392026578073,0.43091334894613581,0.22562844880441449,0.70331588132635248,0.31151358344113844,False,False
0.13019741142016206,2418,1020,244,183,0.15211970074812967,0.42857142857142855,0.22453987730061348,0.70331588132635248,0.311254851228978,False,False
0.13027429581694511,2419,1019,244,183,0.15224625623960067,0.42857142857142855,0.22467771639042358,0.70360674810936596,0.31099611901681762,False,False
0.1302907604963382,2420,1018,244,183,0.15237302248126561,0.42857142857142855,0.22481572481572479,0.70389761489237934,0.31073738680465718,False,False
0.13034246928973436,2421,1017,244,183,0.1525,0.42857142857142855,0.22495390288875228,0.70418848167539272,0.31047865459249674,False,False
0.13034971840428625,2422,1016,244,183,0.15262718932443703,0.42857142857142855,0.22509225092250923,0.7044793484584061,0.31021992238033635,False,False
0.13037450056934399,2423,1015,244,183,0.15275459098497496,0.42857142857142855,0.22523076923076923,0.70477021524141947,0.30996119016817592,False,False
0.13043867592891015,2424,1014,244,183,0.15288220551378445,0.42857142857142855,0.22536945812807879,0.70506108202443285,0.30970245795601553,False,False
0.13052930088902276,2425,1013,244,183,0.15301003344481606,0.42857142857142855,0.2255083179297597,0.70535194880744623,0.30944372574385509,False,False
0.13053299000542506,2426,1012,244,183,0.15313807531380752,0.42857142857142855,0.22564734895191121,0.7056428155904596,0.30918499353169471,False,False
0.13071880201548633,2427,1011,244,183,0.15326633165829145,0.42857142857142855,0.22578655151141269,0.70593368237347298,0.30892626131953427,False,False
0.13074462803621079,2428,1010,244,183,0.15339480301760269,0.42857142857142855,0.22592592592592589,0.70622454915648636,0.30866752910737388,False,False
0.13075289403168883,2429,1009,244,183,0.15352348993288589,0.42857142857142855,0.22606547251389744,0.70651541593949974,0.30840879689521344,False,False
0.13077963532872511,2430,1008,244,183,0.15365239294710328,0.42857142857142855,0.22620519159456121,0.70680628272251311,0.30815006468305306,False,False
0.1308466169595808,2431,1007,244,183,0.15378151260504203,0.42857142857142855,0.22634508348794069,0.70709714950552649,0.30789133247089262,False,False
0.13089521585052027,2432,1006,244,183,0.15391084945332212,0.42857142857142855,0.22648514851485146,0.70738801628853987,0.30763260025873224,False,False
0.13090037956235565,2433,1005,244,183,0.15404040404040403,0.42857142857142855,0.22662538699690404,0.70767888307155324,0.3073738680465718,False,False
0.13091576966254467,2434,1004,244,183,0.15417017691659646,0.42857142857142855,0.22676579925650556,0.70796974985456662,0.30711513583441136,False,False
0.13091708553183568,2435,1003,244,183,0.15430016863406409,0.42857142857142855,0.22690638561686302,0.70826061663758,0.30685640362225097,False,False
0.13098624964439029,2436,1002,244,183,0.15443037974683543,0.42857142857142855,0.22704714640198509,0.70855148342059338,0.30659767141009053,False,False
0.13099182676851165,2437,1001,244,183,0.1545608108108108,0.42857142857142855,0.22718808193668524,0.70884235020360675,0.30633893919793015,False,False
0.13103103533685453,2438,1000,244,183,0.15469146238377007,0.42857142857142855,0.22732919254658385,0.70913321698662013,0.30608020698576971,False,False
0.13104220421300911,2439,999,244,183,0.1548223350253807,0.42857142857142855,0.22747047855811062,0.70942408376963351,0.30582147477360933,False,False
0.13105822915290366,2440,998,244,183,0.15495342929720576,0.42857142857142855,0.22761194029850748,0.70971495055264688,0.30556274256144889,False,False
0.13109869236979863,2441,997,244,183,0.15508474576271186,0.42857142857142855,0.22775357809583074,0.71000581733566026,0.3053040103492885,False,False
0.13112527099165633,2442,996,244,183,0.15521628498727735,0.42857142857142855,0.22789539227895386,0.71029668411867364,0.30504527813712806,False,False
0.1311413314066304,2443,995,244,183,0.15534804753820033,0.42857142857142855,0.22803738317757008,0.71058755090168702,0.30478654592496768,False,False
0.13114836890085635,2443,995,245,182,0.15463041631265931,0.42622950819672129,0.22693266832917702,0.71058755090168702,0.30452781371280724,False,False
0.13116516508355749,2443,995,246,181,0.15391156462585034,0.42388758782201408,0.22582657517155333,0.71058755090168702,0.30426908150064685,False,False
0.13117658157533327,2444,994,246,181,0.15404255319148935,0.42388758782201408,0.22596754057428217,0.71087841768470039,0.30401034928848641,False,False
0.13122791408444767,2445,993,246,181,0.15417376490630325,0.42388758782201408,0.22610868207370391,0.71116928446771377,0.30375161707632597,False,False
0.13123993368880746,2446,992,246,181,0.15430520034100598,0.42388758782201408,0.22625000000000006,0.71146015125072715,0.30349288486416559,False,False
0.13126933294992862,2447,991,246,181,0.15443686006825938,0.42388758782201408,0.22639149468417763,0.71175101803374052,0.30323415265200515,False,False
0.13130404667592846,2448,990,246,181,0.15456874466268147,0.42388758782201408,0.22653316645807262,0.7120418848167539,0.30297542043984477,False,False
0.13134632661952395,2449,989,246,181,0.15470085470085471,0.42388758782201408,0.22667501565435191,0.71233275159976728,0.30271668822768433,False,False
0.1313729401150586,2450,988,246,181,0.15483319076133448,0.42388758782201408,0.22681704260651628,0.71262361838278065,0.30245795601552394,False,False
0.1314087546890271,2451,987,246,181,0.15496575342465754,0.42388758782201408,0.2269592476489028,0.71291448516579403,0.3021992238033635,False,False
0.13143840931770259,2452,986,246,181,0.15509854327335046,0.42388758782201408,0.22710163111668755,0.71320535194880741,0.30194049159120312,False,False
0.13146098124120673,2453,985,246,181,0.15523156089193826,0.42388758782201408,0.2272441933458883,0.71349621873182079,0.30168175937904268,False,False
0.13153370625213984,2454,984,246,181,0.15536480686695278,0.42388758782201408,0.22738693467336685,0.71378708551483416,0.3014230271668823,False,False
0.1315516962972608,2455,983,246,181,0.15549828178694158,0.42388758782201408,0.22752985543683218,0.71407795229784754,0.30116429495472186,False,False
0.13157124525525399,2456,982,246,181,0.15563198624247634,0.42388758782201408,0.22767295597484274,0.71436881908086092,0.30090556274256147,False,False
0.13158923733859507,2456,982,247,180,0.1549053356282272,0.42154566744730682,0.22655758338577725,0.71436881908086092,0.30064683053040103,False,False
0.13170446736257047,2457,981,247,180,0.15503875968992248,0.42154566744730682,0.22670025188916873,0.71465968586387429,0.30038809831824065,False,False
0.13171110611514056,2458,980,247,180,0.15517241379310345,0.42154566744730682,0.22684310018903595,0.71495055264688767,0.30012936610608021,False,False
0.13172867711528594,2459,979,247,180,0.15530629853321828,0.42154566744730682,0.22698612862547285,0.71524141942990116,0.29987063389391977,False,False
0.13178643253901101,2460,978,247,180,0.15544041450777202,0.42154566744730682,0.22712933753943218,0.71553228621291454,0.29961190168175938,False,False
0.13185257707522655,2461,977,247,180,0.15557476231633535,0.42154566744730682,0.22727272727272724,0.71582315299592791,0.29935316946959895,False,False
0.13187117449199662,2462,976,247,180,0.15570934256055363,0.42154566744730682,0.22741629816803541,0.71611401977894129,0.29909443725743856,False,False
0.13187157367359886,2463,975,247,180,0.15584415584415584,0.42154566744730682,0.22756005056890008,0.71640488656195467,0.29883570504527812,False,False
0.13187482453398661,2464,974,247,180,0.15597920277296359,0.42154566744730682,0.22770398481973433,0.71669575334496805,0.29857697283311774,False,False
0.1318756148807701,2464,974,248,179,0.15524718126626191,0.41920374707259955,0.22658227848101267,0.71669575334496805,0.2983182406209573,False,False
0.13188309704643725,2465,973,248,179,0.15538194444444445,0.41920374707259955,0.22672577580747311,0.71698662012798142,0.29805950840879691,False,False
0.13195827705172106,2466,972,248,179,0.15551694178974804,0.41920374707259955,0.22686945500633712,0.7172774869109948,0.29780077619663647,False,False
0.13197111613375359,2467,971,248,179,0.15565217391304348,0.41920374707259955,0.2270133164235891,0.71756835369400818,0.29754204398447609,False,False
0.13199195810071726,2468,970,248,179,0.15578764142732812,0.41920374707259955,0.22715736040609139,0.71785922047702155,0.29728331177231565,False,False
0.13204812138339897,2469,969,248,179,0.15592334494773519,0.41920374707259955,0.22730158730158728,0.71815008726003493,0.29702457956015527,False,False
0.13204940184431344,2470,968,248,179,0.15605928509154315,0.41920374707259955,0.22744599745870389,0.71844095404304831,0.29676584734799483,False,False
0.13207194880382969,2471,967,248,179,0.156195462478185,0.41920374707259955,0.22759059122695491,0.71873182082606168,0.29650711513583439,False,False
0.13211879613241084,2472,966,248,179,0.15633187772925763,0.41920374707259955,0.22773536895674301,0.71902268760907506,0.296248382923674,False,False
0.13217556877863526,2473,965,248,179,0.15646853146853146,0.41920374707259955,0.22788033099936345,0.71931355439208844,0.29598965071151356,False,False
0.13222311929645938,2474,964,248,179,0.15660542432195976,0.41920374707259955,0.22802547770700635,0.71960442117510182,0.29573091849935318,False,False
0.132236569552622,2475,963,248,179,0.15674255691768826,0.41920374707259955,0.22817080943275972,0.71989528795811519,0.29547218628719274,False,False
0.13230725642242963,2476,962,248,179,0.15687992988606486,0.41920374707259955,0.22831632653061229,0.72018615474112857,0.29521345407503236,False,False
0.13231670875706322,2476,962,249,178,0.156140350877193,0.41686182669789229,0.22718570516911296,0.72018615474112857,0.29495472186287192,False,False
0.13237747427529845,2477,961,249,178,0.15627743634767341,0.41686182669789229,0.227330779054917,0.72047702152414195,0.29469598965071153,False,False
0.13238059058806373,2478,960,249,178,0.15641476274165203,0.41686182669789229,0.22747603833865818,0.72076788830715532,0.29443725743855109,False,False
0.13239446640530539,2479,959,249,178,0.15655233069481089,0.41686182669789229,0.22762148337595906,0.7210587550901687,0.29417852522639071,False,False
0.13241620265021883,2480,958,249,178,0.15669014084507044,0.41686182669789229,0.22776711452335252,0.72134962187318208,0.29391979301423027,False,False
0.13244321663305156,2481,957,249,178,0.15682819383259911,0.41686182669789229,0.22791293213828426,0.72164048865619546,0.29366106080206988,False,False
0.13255283491067818,2482,956,249,178,0.15696649029982362,0.41686182669789229,0.22805893657911597,0.72193135543920883,0.29340232858990944,False,False
0.13255556239071492,2482,956,250,177,0.15622241835834069,0.41451990632318503,0.22692307692307692,0.72193135543920883,0.29314359637774901,False,False
0.13257849730309171,2483,955,250,177,0.15636042402826855,0.41451990632318503,0.22706863373957664,0.72222222222222221,0.29288486416558862,False,False
0.1326050999385158,2484,954,250,177,0.15649867374005305,0.41451990632318503,0.22721437740693193,0.72251308900523559,0.29262613195342818,False,False
0.13260780052624971,2485,953,250,177,0.15663716814159293,0.41451990632318503,0.22736030828516379,0.72280395578824896,0.2923673997412678,False,False
0.1326328524756212,2486,952,250,177,0.15677590788308238,0.41451990632318503,0.22750642673521848,0.72309482257126234,0.29210866752910736,False,False
0.13269573462346362,2487,951,250,177,0.15691489361702127,0.41451990632318503,0.22765273311897105,0.72338568935427572,0.29184993531694697,False,False
0.13269767955522713,2488,950,250,177,0.15705412599822538,0.41451990632318503,0.22779922779922779,0.7236765561372891,0.29159120310478653,False,False
0.13273400190817747,2489,949,250,177,0.15719360568383658,0.41451990632318503,0.22794591113972956,0.72396742292030247,0.29133247089262615,False,False
0.13274057465699063,2490,948,250,177,0.15733333333333333,0.41451990632318503,0.22809278350515463,0.72425828970331585,0.29107373868046571,False,False
0.13277984013975908,2491,947,250,177,0.15747330960854092,0.41451990632318503,0.2282398452611219,0.72454915648632923,0.29081500646830533,False,False
0.13278936681955933,2491,947,251,176,0.15672306322350846,0.41217798594847777,0.22709677419354837,0.72454915648632923,0.29055627425614489,False,False
0.13279987978995911,2491,947,252,175,0.15597147950089127,0.4098360655737705,0.22595222724338279,0.72454915648632923,0.2902975420439845,False,False
0.13284291955923239,2492,946,252,175,0.15611061552185548,0.4098360655737705,0.22609819121447028,0.7248400232693426,0.29003880983182406,False,False
0.132859460382698,2493,945,252,175,0.15625,0.4098360655737705,0.22624434389140274,0.72513089005235598,0.28978007761966362,False,False
0.1329072444884965,2494,944,252,175,0.15638963360142985,0.4098360655737705,0.22639068564036222,0.72542175683536936,0.28952134540750324,False,False
0.13290892948156857,2495,943,252,175,0.15652951699463327,0.4098360655737705,0.22653721682847899,0.72571262361838274,0.2892626131953428,False,False
0.13297213784163353,2496,942,252,175,0.15666965085049239,0.4098360655737705,0.22668393782383423,0.72600349040139611,0.28900388098318242,False,False
0.13298633706497326,2497,941,252,175,0.15681003584229392,0.4098360655737705,0.22683084899546338,0.72629435718440949,0.28874514877102198,False,False
0.1329904639584604,2498,940,252,175,0.15695067264573992,0.4098360655737705,0.2269779507133593,0.72658522396742287,0.28848641655886159,False,False
0.13302421622605617,2498,940,253,174,0.15619389587073609,0.40749414519906324,0.22582738481505515,0.72658522396742287,0.28822768434670115,False,False
0.13303176006305173,2499,939,253,174,0.15633423180592992,0.40749414519906324,0.22597402597402597,0.72687609075043635,0.28796895213454077,False,False
0.1330556955557417,2499,939,254,173,0.15557553956834533,0.40515222482435598,0.2248213125406108,0.72687609075043635,0.28771021992238033,False,False
0.13309129645039752,2500,938,254,173,0.15571557155715571,0.40515222482435598,0.22496749024707416,0.72716695753344973,0.28745148771021994,False,False
0.13312736322938087,2501,937,254,173,0.15585585585585585,0.40515222482435598,0.225113858165257,0.72745782431646311,0.2871927554980595,False,False
0.13317166237189609,2502,936,254,173,0.15599639314697927,0.40515222482435598,0.22526041666666671,0.72774869109947649,0.28693402328589912,False,False
0.13323920941866121,2503,935,254,173,0.15613718411552346,0.40515222482435598,0.22540716612377851,0.72803955788248986,0.28667529107373868,False,False
0.13325651700018223,2504,934,254,173,0.15627822944896116,0.40515222482435598,0.2255541069100391,0.72833042466550324,0.28641655886157824,False,False
0.13326541712021744,2505,933,254,173,0.15641952983725135,0.40515222482435598,0.2257012393998695,0.72862129144851662,0.28615782664941786,False,False
0.13328018337845093,2506,932,254,173,0.15656108597285068,0.40515222482435598,0.2258485639686684,0.72891215823152999,0.28589909443725742,False,False
0.13331916641991812,2506,932,255,172,0.15579710144927536,0.40281030444964872,0.22468974526453298,0.72891215823152999,0.28564036222509703,False,False
0.13333364275682949,2507,931,255,172,0.1559383499546691,0.40281030444964872,0.22483660130718952,0.72920302501454337,0.28538163001293659,False,False
0.1333339755547677,2508,930,255,172,0.1560798548094374,0.40281030444964872,0.22498364944408111,0.72949389179755675,0.28512289780077621,False,False
0.13342787998443095,2508,930,256,171,0.15531335149863759,0.40046838407494145,0.22382198952879581,0.72949389179755675,0.28486416558861577,False,False
0.13355557476322719,2509,929,256,171,0.15545454545454546,0.40046838407494145,0.22396856581532415,0.72978475858057013,0.28460543337645539,False,False
0.13359737145820294,2510,928,256,171,0.15559599636032756,0.40046838407494145,0.22411533420707733,0.7300756253635835,0.28434670116429495,False,False
0.13363674568790415,2510,928,257,170,0.15482695810564662,0.39812646370023419,0.22295081967213112,0.7300756253635835,0.28408796895213456,False,False
0.13366018392855386,2510,928,258,169,0.15405651777575205,0.39578454332552693,0.22178477690288714,0.7300756253635835,0.28382923673997412,False,False
0.13367897538543905,2510,928,259,168,0.15328467153284672,0.39344262295081966,0.22061720288903477,0.7300756253635835,0.28357050452781374,False,False
0.13370128973242884,2511,927,259,168,0.15342465753424658,0.39344262295081966,0.22076215505913271,0.73036649214659688,0.2833117723156533,False,False
0.13373482327110309,2512,926,259,168,0.15356489945155394,0.39344262295081966,0.22090729783037474,0.73065735892961026,0.28305304010349286,False,False
0.13375024581086026,2513,925,259,168,0.15370539798719121,0.39344262295081966,0.22105263157894736,0.73094822571262363,0.28279430789133247,False,False
0.13380067670356205,2514,924,259,168,0.15384615384615385,0.39344262295081966,0.22119815668202764,0.73123909249563701,0.28253557567917204,False,False
0.13381091772582487,2515,923,259,168,0.153987167736022,0.39344262295081966,0.22134387351778653,0.73152995927865039,0.28227684346701165,False,False
0.13383800754633504,2516,922,259,168,0.15412844036697249,0.39344262295081966,0.22148978246539225,0.73182082606166377,0.28201811125485121,False,False
0.13384000384902023,2517,921,259,168,0.15426997245179064,0.39344262295081966,0.22163588390501321,0.73211169284467714,0.28175937904269083,False,False
0.13384391762789008,2518,920,259,168,0.15441176470588236,0.39344262295081966,0.22178217821782178,0.73240255962769052,0.28150064683053039,False,False
0.13388947258160211,2518,920,260,167,0.15363385464581417,0.3911007025761124,0.22060766182298547,0.73240255962769052,0.28124191461837,False,False
0.13405134604821761,2519,919,260,167,0.15377532228360957,0.3911007025761124,0.22075346992729675,0.7326934264107039,0.28098318240620956,False,False
0.13405819331053634,2520,918,260,167,0.15391705069124423,0.3911007025761124,0.2208994708994709,0.73298429319371727,0.28072445019404918,False,False
0.13406247036349703,2521,917,260,167,0.1540590405904059,0.3911007025761124,0.22104566512243548,0.73327515997673065,0.28046571798188874,False,False
0.13408803985798806,2522,916,260,167,0.15420129270544783,0.3911007025761124,0.22119205298013248,0.73356602675974403,0.28020698576972836,False,False
0.13409030570877592,2523,915,260,167,0.15434380776340112,0.3911007025761124,0.2213386348575215,0.7338568935427574,0.27994825355756792,False,False
0.13409794470698361,2524,914,260,167,0.15448658649398705,0.3911007025761124,0.22148541114058357,0.73414776032577078,0.27968952134540748,False,False
0.13411250390384127,2525,913,260,167,0.15462962962962962,0.3911007025761124,0.22163238221632378,0.73443862710878416,0.27943078913324709,False,False
0.13412515358203053,2526,912,260,167,0.15477293790546803,0.3911007025761124,0.22177954847277556,0.73472949389179754,0.27917205692108665,False,False
0.13418717073062339,2527,911,260,167,0.15491651205936921,0.3911007025761124,0.22192691029900335,0.73502036067481091,0.27891332470892627,False,False
0.13420994181958187,2528,910,260,167,0.15506035283194058,0.3911007025761124,0.22207446808510642,0.73531122745782429,0.27865459249676583,False,False
0.13430297131183586,2529,909,260,167,0.15520446096654275,0.3911007025761124,0.22222222222222224,0.73560209424083767,0.27839586028460545,False,False
0.13432507385739068,2529,909,261,166,0.15441860465116278,0.38875878220140514,0.22103861517976031,0.73560209424083767,0.27813712807244501,False,False
0.13433006937855246,2530,908,261,166,0.15456238361266295,0.38875878220140514,0.22118587608261159,0.73589296102385104,0.27787839586028462,False,False
0.13433943083227101,2531,907,261,166,0.15470643056849953,0.38875878220140514,0.22133333333333333,0.73618382780686442,0.27761966364812418,False,False
0.13435494737335116,2532,906,261,166,0.15485074626865672,0.38875878220140514,0.22148098732488328,0.7364746945898778,0.2773609314359638,False,False
0.13439689113652442,2533,905,261,166,0.15499533146591971,0.38875878220140514,0.22162883845126835,0.73676556137289118,0.27710219922380336,False,False
0.13439741095287208,2534,904,261,166,0.15514018691588785,0.38875878220140514,0.22177688710754845,0.73705642815590455,0.27684346701164297,False,False
0.13441170143561165,2535,903,261,166,0.15528531337698784,0.38875878220140514,0.22192513368983957,0.73734729493891793,0.27658473479948253,False,False
0.13445321046608291,2536,902,261,166,0.15543071161048688,0.38875878220140514,0.22207357859531771,0.73763816172193131,0.27632600258732209,False,False
0.13447950484350718,2536,902,262,165,0.15463917525773196,0.38641686182669788,0.22088353413654618,0.73763816172193131,0.27606727037516171,False,False
0.13450390616564406,2537,901,262,165,0.15478424015009382,0.38641686182669788,0.22103148024112523,0.73792902850494468,0.27580853816300127,False,False
0.13450625030561522,2537,901,263,164,0.15399061032863851,0.38407494145199061,0.21983914209115282,0.73792902850494468,0.27554980595084089,False,False
0.13452363908693424,2537,901,264,163,0.15319548872180452,0.38173302107728335,0.21864520456069753,0.73792902850494468,0.27529107373868045,False,False
0.1345668331413607,2538,900,264,163,0.15333960489181561,0.38173302107728335,0.21879194630872481,0.73821989528795806,0.27503234152652006,False,False
0.1346214957622755,2539,899,264,163,0.15348399246704331,0.38173302107728335,0.21893888515782403,0.73851076207097155,0.27477360931435962,False,False
0.13465052504059236,2540,898,264,163,0.15362865221489161,0.38173302107728335,0.21908602150537632,0.73880162885398493,0.27451487710219924,False,False
0.13466793973556346,2541,897,264,163,0.15377358490566037,0.38173302107728335,0.21923335574983185,0.7390924956369983,0.2742561448900388,False,False
0.13467690370514032,2542,896,264,163,0.15391879131255901,0.38173302107728335,0.21938088829071331,0.73938336242001168,0.27399741267787842,False,False
0.13469827613096494,2543,895,264,163,0.15406427221172023,0.38173302107728335,0.21952861952861952,0.73967422920302506,0.27373868046571798,False,False
0.13471655515619571,2543,895,265,162,0.1532639545884579,0.37939110070257609,0.21832884097035041,0.73967422920302506,0.27347994825355759,False,False
0.13473752026731109,2544,894,265,162,0.15340909090909091,0.37939110070257609,0.21847606203641268,0.73996509598603843,0.27322121604139715,False,False
0.13475358104914875,2545,893,265,162,0.15355450236966825,0.37939110070257609,0.21862348178137653,0.74025596276905181,0.27296248382923671,False,False
0.13482106126021615,2545,893,266,161,0.15275142314990511,0.37704918032786883,0.21742066171505742,0.74025596276905181,0.27270375161707633,False,False
0.13482465036924723,2546,892,266,161,0.15289648622981955,0.37704918032786883,0.21756756756756757,0.74054682955206519,0.27244501940491589,False,False
0.13483698791588547,2547,891,266,161,0.15304182509505704,0.37704918032786883,0.21771467207572684,0.74083769633507857,0.2721862871927555,False,False
0.13486464134934978,2548,890,266,161,0.15318744053282587,0.37704918032786883,0.2178619756427605,0.74112856311809194,0.27192755498059507,False,False
0.13486565741810719,2549,889,266,161,0.15333333333333332,0.37704918032786883,0.21800947867298576,0.74141942990110532,0.27166882276843468,False,False
0.13489500959465561,2550,888,266,161,0.15347950428979981,0.37704918032786883,0.21815718157181571,0.7417102966841187,0.27141009055627424,False,False
0.13490134291087788,2550,888,267,160,0.15267175572519084,0.37470725995316162,0.2169491525423729,0.7417102966841187,0.27115135834411386,False,False
0.13493611058341151,2551,887,267,160,0.15281757402101243,0.37470725995316162,0.21709633649932158,0.74200116346713207,0.27089262613195342,False,False
0.13497661605707811,2552,886,267,160,0.15296367112810708,0.37470725995316162,0.21724372029871009,0.74229203025014545,0.27063389391979303,False,False
0.13505442498690393,2552,886,268,159,0.1521531100478469,0.37236533957845436,0.21603260869565219,0.74229203025014545,0.27037516170763259,False,False
0.13506676228188025,2553,885,268,159,0.15229885057471265,0.37236533957845436,0.21617946974847044,0.74258289703315883,0.27011642949547221,False,False
0.13509807155070649,2554,884,268,159,0.15244487056567593,0.37236533957845436,0.21632653061224488,0.74287376381617221,0.26985769728331177,False,False
0.13510427152042098,2555,883,268,159,0.15259117082533588,0.37236533957845436,0.21647379169503064,0.74316463059918558,0.26959896507115133,False,False
0.1351245226128697,2556,882,268,159,0.15273775216138327,0.37236533957845436,0.21662125340599456,0.74345549738219896,0.26934023285899095,False,False
0.1351885587054093,2557,881,268,159,0.1528846153846154,0.37236533957845436,0.21676891615541921,0.74374636416521234,0.26908150064683051,False,False
0.13519007320769388,2558,880,268,159,0.15303176130895091,0.37236533957845436,0.21691678035470671,0.74403723094822571,0.26882276843467012,False,False
0.13519226190101225,2559,879,268,159,0.15317919075144509,0.37236533957845436,0.21706484641638227,0.74432809773123909,0.26856403622250968,False,False
0.13524175458903437,2560,878,268,159,0.15332690453230471,0.37236533957845436,0.21721311475409835,0.74461896451425247,0.2683053040103493,False,False
0.13527313765900406,2561,877,268,159,0.15347490347490347,0.37236533957845436,0.21736158578263842,0.74490983129726585,0.26804657179818886,False,False
0.13534427762193116,2562,876,268,159,0.15362318840579711,0.37236533957845436,0.21751025991792067,0.74520069808027922,0.26778783958602848,False,False
0.13540568523891378,2563,875,268,159,0.15377176015473887,0.37236533957845436,0.21765913757700203,0.7454915648632926,0.26752910737386804,False,False
0.13544514505843061,2564,874,268,159,0.15392061955469508,0.37236533957845436,0.21780821917808221,0.74578243164630598,0.26727037516170765,False,False
0.13546377959059577,2565,873,268,159,0.15406976744186046,0.37236533957845436,0.21795750514050719,0.74607329842931935,0.26701164294954721,False,False
0.13550350347499718,2566,872,268,159,0.1542192046556741,0.37236533957845436,0.21810699588477364,0.74636416521233273,0.26675291073738683,False,False
0.13551552297327865,2567,871,268,159,0.15436893203883495,0.37236533957845436,0.2182566918325326,0.74665503199534611,0.26649417852522639,False,False
0.13551730207178045,2568,870,268,159,0.15451895043731778,0.37236533957845436,0.21840659340659338,0.74694589877835948,0.266235446313066,False,False
0.13557315916789622,2569,869,268,159,0.15466926070038911,0.37236533957845436,0.21855670103092781,0.74723676556137286,0.26597671410090556,False,False
0.13564110494559453,2570,868,268,159,0.15481986368062317,0.37236533957845436,0.21870701513067398,0.74752763234438624,0.26571798188874513,False,False
0.13564764427297157,2571,867,268,159,0.15497076023391812,0.37236533957845436,0.2188575361321404,0.74781849912739962,0.26545924967658474,False,False
0.1356717757921839,2572,866,268,159,0.15512195121951219,0.37236533957845436,0.21900826446280994,0.74810936591041299,0.2652005174644243,False,False
0.13570094298684307,2573,865,268,159,0.1552734375,0.37236533957845436,0.21915920055134394,0.74840023269342637,0.26494178525226392,False,False
0.13571912687207019,2574,864,268,159,0.15542521994134897,0.37236533957845436,0.21931034482758621,0.74869109947643975,0.26468305304010348,False,False
0.13572735805512412,2575,863,268,159,0.15557729941291584,0.37236533957845436,0.21946169772256729,0.74898196625945312,0.26442432082794309,False,False
0.13575186699845454,2576,862,268,159,0.15572967678746327,0.37236533957845436,0.21961325966850831,0.7492728330424665,0.26416558861578265,False,False
0.13589853764839996,2577,861,268,159,0.15588235294117647,0.37236533957845436,0.21976503109882514,0.74956369982547988,0.26390685640362227,False,False
0.13590141594774333,2578,860,268,159,0.15603532875368009,0.37236533957845436,0.21991701244813278,0.74985456660849326,0.26364812419146183,False,False
0.13590748689486018,2579,859,268,159,0.15618860510805502,0.37236533957845436,0.22006920415224915,0.75014543339150674,0.26338939197930145,False,False
0.13591253582092055,2580,858,268,159,0.15634218289085547,0.37236533957845436,0.22022160664819945,0.75043630017452012,0.26313065976714101,False,False
0.13591995791659836,2580,858,269,158,0.15551181102362205,0.37002341920374709,0.21898821898821899,0.75043630017452012,0.26287192755498062,False,False
0.13594742332916368,2581,857,269,158,0.15566502463054188,0.37002341920374709,0.21914008321775313,0.7507271669575335,0.26261319534282018,False,False
0.13601833208832742,2581,857,270,157,0.15483234714003946,0.36768149882903983,0.21790423317140878,0.7507271669575335,0.26235446313065974,False,False
0.13611966615639473,2582,856,270,157,0.15498519249753209,0.36768149882903983,0.21805555555555556,0.75101803374054688,0.26209573091849936,False,False
0.13615140166054546,2583,855,270,157,0.15513833992094861,0.36768149882903983,0.21820708825573312,0.75130890052356025,0.26183699870633892,False,False
0.13616988322636356,2583,855,271,156,0.1543026706231454,0.36533957845433257,0.21696801112656469,0.75130890052356025,0.26157826649417854,False,False
0.13618911450735013,2583,855,272,155,0.15346534653465346,0.36299765807962531,0.21572720946416143,0.75130890052356025,0.2613195342820181,False,False
0.1361901957032238,2584,854,272,155,0.15361744301288405,0.36299765807962531,0.21587743732590534,0.75159976730657363,0.26106080206985771,False,False
0.13627267484405498,2585,853,272,155,0.15376984126984128,0.36299765807962531,0.21602787456445993,0.75189063408958701,0.26080206985769727,False,False
0.13629453564175581,2586,852,272,155,0.15392254220456802,0.36299765807962531,0.2161785216178522,0.75218150087260038,0.26054333764553689,False,False
0.13630199617464223,2587,851,272,155,0.15407554671968191,0.36299765807962531,0.21632937892533149,0.75247236765561376,0.26028460543337645,False,False
0.13634315181808904,2588,850,272,155,0.15422885572139303,0.36299765807962531,0.21648044692737428,0.75276323443862714,0.26002587322121606,False,False
0.13638518888960435,2589,849,272,155,0.15438247011952191,0.36299765807962531,0.21663172606568834,0.75305410122164052,0.25976714100905562,False,False
0.13643478354235425,2590,848,272,155,0.15453639082751744,0.36299765807962531,0.2167832167832168,0.75334496800465389,0.25950840879689524,False,False
0.13643725433321868,2591,847,272,155,0.15469061876247506,0.36299765807962531,0.21693491952414276,0.75363583478766727,0.2592496765847348,False,False
0.13654242826914895,2592,846,272,155,0.15484515484515485,0.36299765807962531,0.21708683473389356,0.75392670157068065,0.25899094437257436,False,False
0.13657417356961202,2593,845,272,155,0.155,0.36299765807962531,0.21723896285914507,0.75421756835369402,0.25873221216041398,False,False
0.13660364138188771,2594,844,272,155,0.15515515515515516,0.36299765807962531,0.21739130434782608,0.7545084351367074,0.25847347994825354,False,False
0.13663124870291055,2595,843,272,155,0.15531062124248496,0.36299765807962531,0.21754385964912276,0.75479930191972078,0.25821474773609315,False,False
0.13665726248142279,2596,842,272,155,0.15546639919759278,0.36299765807962531,0.21769662921348312,0.75509016870273415,0.25795601552393271,False,False
0.13669190659450944,2597,841,272,155,0.15562248995983935,0.36299765807962531,0.21784961349262122,0.75538103548574753,0.25769728331177233,False,False
0.13669513300996669,2598,840,272,155,0.15577889447236182,0.36299765807962531,0.21800281293952178,0.75567190226876091,0.25743855109961189,False,False
0.13672427546925744,2599,839,272,155,0.15593561368209255,0.36299765807962531,0.21815622800844475,0.75596276905177429,0.25717981888745151,False,False
0.13674242959405555,2600,838,272,155,0.15609264853977844,0.36299765807962531,0.21830985915492962,0.75625363583478766,0.25692108667529107,False,False
0.13679104229301164,2600,838,273,154,0.15524193548387097,0.36065573770491804,0.2170542635658915,0.75625363583478766,0.25666235446313068,False,False
0.13679358669698838,2601,837,273,154,0.15539858728557013,0.36065573770491804,0.21720733427362482,0.75654450261780104,0.25640362225097024,False,False
0.13687662098186568,2602,836,273,154,0.15555555555555556,0.36065573770491804,0.21736062103034579,0.75683536940081442,0.25614489003880986,False,False
0.13688347135996284,2602,836,274,153,0.15470171890798787,0.35831381733021078,0.21610169491525427,0.75683536940081442,0.25588615782664942,False,False
0.13689340892167051,2603,835,274,153,0.15485829959514169,0.35831381733021078,0.21625441696113074,0.75712623618382779,0.25562742561448898,False,False
0.13690356514401647,2604,834,274,153,0.15501519756838905,0.35831381733021078,0.21640735502121641,0.75741710296684117,0.25536869340232859,False,False
0.13691364552372662,2605,833,274,153,0.15517241379310345,0.35831381733021078,0.21656050955414011,0.75770796974985455,0.25510996119016816,False,False
0.13691883351574277,2606,832,274,153,0.15532994923857868,0.35831381733021078,0.21671388101983005,0.75799883653286793,0.25485122897800777,False,False
0.13695727250071027,2606,832,275,152,0.15447154471544716,0.35597189695550352,0.21545003543586111,0.75799883653286793,0.25459249676584733,False,False
0.13701920217857613,2607,831,275,152,0.15462868769074262,0.35597189695550352,0.21560283687943263,0.7582897033158813,0.25433376455368695,False,False
0.13704092894884998,2608,830,275,152,0.15478615071283094,0.35597189695550352,0.21575585521646559,0.75858057009889468,0.25407503234152651,False,False
0.13705624069434116,2609,829,275,152,0.15494393476044852,0.35597189695550352,0.21590909090909091,0.75887143688190806,0.25381630012936612,False,False
0.13717933432585069,2609,829,276,151,0.15408163265306121,0.35362997658079626,0.21464108031272208,0.75887143688190806,0.25355756791720568,False,False
0.13720167243759446,2610,828,276,151,0.15423901940755874,0.35362997658079626,0.21479374110953059,0.75916230366492143,0.2532988357050453,False,False
0.13721935133634283,2610,828,277,150,0.15337423312883436,0.35128805620608899,0.21352313167259787,0.75916230366492143,0.25304010349288486,False,False
0.13722811888757924,2610,828,278,149,0.15250767656090072,0.34894613583138173,0.21225071225071226,0.75916230366492143,0.25278137128072448,False,False
0.13723561441408616,2611,827,278,149,0.1526639344262295,0.34894613583138173,0.21240199572344975,0.75945317044793481,0.25252263906856404,False,False
0.13724974844657439,2612,826,278,149,0.15282051282051282,0.34894613583138173,0.21255349500713264,0.75974403723094819,0.2522639068564036,False,False
0.1373081486900842,2613,825,278,149,0.15297741273100615,0.34894613583138173,0.21270521056388295,0.76003490401396157,0.25200517464424321,False,False
0.13737805424331892,2614,824,278,149,0.15313463514902365,0.34894613583138173,0.21285714285714286,0.76032577079697494,0.25174644243208277,False,False
0.13739641610149506,2615,823,278,149,0.15329218106995884,0.34894613583138173,0.21300929235167979,0.76061663757998832,0.25148771021992239,False,False
0.13741573654416592,2616,822,278,149,0.15345005149330587,0.34894613583138173,0.21316165951359084,0.7609075043630017,0.25122897800776195,False,False
0.13753155473114695,2617,821,278,149,0.15360824742268042,0.34894613583138173,0.21331424481030778,0.76119837114601507,0.25097024579560157,False,False
0.13754827272154949,2618,820,278,149,0.15376676986584106,0.34894613583138173,0.21346704871060168,0.76148923792902845,0.25071151358344113,False,False
0.13754831452706107,2619,819,278,149,0.15392561983471073,0.34894613583138173,0.21362007168458783,0.76178010471204194,0.25045278137128074,False,False
0.13759362850438275,2620,818,278,149,0.15408479834539815,0.34894613583138173,0.21377331420373027,0.76207097149505532,0.2501940491591203,False,False
0.13769856834387856,2621,817,278,149,0.15424430641821946,0.34894613583138173,0.21392677674084709,0.76236183827806869,0.24993531694695989,False,False
0.13773002940882029,2622,816,278,149,0.15440414507772021,0.34894613583138173,0.21408045977011494,0.76265270506108207,0.24967658473479948,False,False
0.13774453653791552,2623,815,278,149,0.1545643153526971,0.34894613583138173,0.21423436376707403,0.76294357184409545,0.24941785252263907,False,False
0.13781968550064475,2624,814,278,149,0.15472481827622014,0.34894613583138173,0.2143884892086331,0.76323443862710882,0.24915912031047865,False,False
0.1378294216411908,2625,813,278,149,0.15488565488565489,0.34894613583138173,0.21454283657307413,0.7635253054101222,0.24890038809831824,False,False
0.13784528196842807,2626,812,278,149,0.1550468262226847,0.34894613583138173,0.21469740634005766,0.76381617219313558,0.24864165588615783,False,False
0.13791351851208911,2626,812,279,148,0.15416666666666667,0.34660421545667447,0.21341023792357605,0.76381617219313558,0.24838292367399742,False,False
0.13794537776466737,2626,812,280,147,0.15328467153284672,0.34426229508196721,0.21212121212121213,0.76381617219313558,0.24812419146183701,False,False
0.13800175431938216,2627,811,280,147,0.1534446764091858,0.34426229508196721,0.21227436823104692,0.76410703897614896,0.2478654592496766,False,False
0.13803760268866849,2628,810,280,147,0.15360501567398119,0.34426229508196721,0.21242774566473988,0.76439790575916233,0.24760672703751618,False,False
0.13806096152282274,2629,809,280,147,0.15376569037656904,0.34426229508196721,0.21258134490238612,0.76468877254217571,0.24734799482535574,False,False
0.13810607651428591,2629,809,281,146,0.15287958115183245,0.34192037470725994,0.21128798842257593,0.76468877254217571,0.24708926261319533,False,False
0.13812106491413215,2630,808,281,146,0.15303983228511531,0.34192037470725994,0.2114409847936278,0.76497963932518909,0.24683053040103492,False,False
0.13816006490850644,2630,808,282,145,0.1521511017838405,0.33957845433255268,0.2101449275362319,0.76497963932518909,0.24657179818887451,False,False
0.13819394790334752,2631,807,282,145,0.15231092436974789,0.33957845433255268,0.21029731689630166,0.76527050610820246,0.2463130659767141,False,False
0.13819428513909099,2632,806,282,145,0.15247108307045215,0.33957845433255268,0.21044992743105947,0.76556137289121584,0.24605433376455368,False,False
0.13823823410010719,2632,806,283,144,0.15157894736842106,0.33723653395784542,0.20915032679738563,0.76556137289121584,0.24579560155239327,False,False
0.13834601616782813,2633,805,283,144,0.1517386722866175,0.33723653395784542,0.20930232558139539,0.76585223967422922,0.24553686934023286,False,False
0.13836720285744411,2634,804,283,144,0.15189873417721519,0.33723653395784542,0.20945454545454548,0.7661431064572426,0.24527813712807245,False,False
0.13838799423545547,2635,803,283,144,0.15205913410770855,0.33723653395784542,0.20960698689956334,0.76643397324025597,0.24501940491591204,False,False
0.13840787512787195,2635,803,284,143,0.15116279069767441,0.33489461358313816,0.20830298616168971,0.76643397324025597,0.24476067270375162,False,False
0.13842316678585809,2636,802,284,143,0.15132275132275133,0.33489461358313816,0.20845481049562684,0.76672484002326935,0.24450194049159121,False,False
0.13843235958038788,2637,801,284,143,0.15148305084745764,0.33489461358313816,0.20860685630926332,0.76701570680628273,0.2442432082794308,False,False
0.13843351175066221,2638,800,284,143,0.15164369034994699,0.33489461358313816,0.20875912408759123,0.7673065735892961,0.24398447606727036,False,False
0.13848688051027044,2638,800,285,142,0.15074309978768577,0.33255269320843089,0.20745069393718041,0.7673065735892961,0.24372574385510995,False,False
0.13859876452875888,2639,799,285,142,0.15090329436769395,0.33255269320843089,0.20760233918128657,0.76759744037230948,0.24346701164294954,False,False
0.13864595575924454,2639,799,286,141,0.14999999999999999,0.33021077283372363,0.20629114850036578,0.76759744037230948,0.24320827943078913,False,False
0.13865536200759171,2640,798,286,141,0.15015974440894569,0.33021077283372363,0.20644216691068812,0.76788830715532286,0.24294954721862871,False,False
0.13867769024423623,2641,797,286,141,0.15031982942430705,0.33021077283372363,0.20659340659340661,0.76817917393833623,0.2426908150064683,False,False
0.13870579379026174,2641,797,287,140,0.14941302027748132,0.32786885245901637,0.20527859237536655,0.76817917393833623,0.24243208279430789,False,False
0.13872288955559922,2642,796,287,140,0.14957264957264957,0.32786885245901637,0.20542920029347031,0.76847004072134961,0.24217335058214748,False,False
0.13876609501105966,2643,795,287,140,0.1497326203208556,0.32786885245901637,0.20558002936857558,0.76876090750436299,0.24191461836998707,False,False
0.13878791026336307,2644,794,287,140,0.14989293361884368,0.32786885245901637,0.20573108008817045,0.76905177428737637,0.24165588615782665,False,False
0.13883935042900911,2645,793,287,140,0.15005359056806003,0.32786885245901637,0.20588235294117646,0.76934264107038974,0.24139715394566624,False,False
0.13885485004285891,2646,792,287,140,0.15021459227467812,0.32786885245901637,0.20603384841795438,0.76963350785340312,0.24113842173350583,False,False
0.13887463963839891,2647,791,287,140,0.15037593984962405,0.32786885245901637,0.20618556701030927,0.7699243746364165,0.24087968952134542,False,False
0.1389068298767438,2648,790,287,140,0.15053763440860216,0.32786885245901637,0.20633750921149593,0.77021524141942987,0.24062095730918501,False,False
0.13890920775951648,2649,789,287,140,0.15069967707212056,0.32786885245901637,0.20648967551622419,0.77050610820244325,0.24036222509702457,False,False
0.13892013501850825,2649,789,288,139,0.14978448275862069,0.32552693208430911,0.20516605166051657,0.77050610820244325,0.24010349288486416,False,False
0.13895775230386226,2650,788,288,139,0.1499460625674218,0.32552693208430911,0.20531757754800592,0.77079697498545663,0.23984476067270374,False,False
0.13900889706854389,2650,788,289,138,0.14902807775377969,0.3231850117096019,0.2039911308203991,0.77079697498545663,0.23958602846054333,False,False
0.13901757253330382,2651,787,289,138,0.14918918918918919,0.3231850117096019,0.20414201183431951,0.77108784176847001,0.23932729624838292,False,False
0.13910542136717879,2651,787,290,137,0.14826839826839827,0.32084309133489464,0.20281273131014066,0.77108784176847001,0.23906856403622251,False,False
0.13913267777582791,2652,786,290,137,0.14842903575297942,0.32084309133489464,0.20296296296296298,0.77137870855148338,0.2388098318240621,False,False
0.13915620154944389,2652,786,291,136,0.1475054229934924,0.31850117096018737,0.2016308376575241,0.77137870855148338,0.23855109961190168,False,False
0.139161281929958,2653,785,291,136,0.1476655808903366,0.31850117096018737,0.20178041543026709,0.77166957533449676,0.23829236739974127,False,False
0.13919496946226789,2654,784,291,136,0.14782608695652175,0.31850117096018737,0.20193021529324426,0.77196044211751014,0.23803363518758086,False,False
0.13923971063351057,2655,783,291,136,0.14798694232861806,0.31850117096018737,0.20208023774145614,0.77225130890052351,0.23777490297542045,False,False
0.13924355535148933,2656,782,291,136,0.14814814814814814,0.31850117096018737,0.20223048327137547,0.77254217568353689,0.23751617076326004,False,False
0.13928770690074829,2657,781,291,136,0.14830970556161396,0.31850117096018737,0.20238095238095241,0.77283304246655027,0.23725743855109963,False,False
0.13934706911349509,2658,780,291,136,0.14847161572052403,0.31850117096018737,0.20253164556962028,0.77312390924956365,0.23699870633893919,False,False
0.13938353453236521,2659,779,291,136,0.14863387978142076,0.31850117096018737,0.20268256333830106,0.77341477603257713,0.23673997412677877,False,False
0.13943975426709113,2660,778,291,136,0.1487964989059081,0.31850117096018737,0.20283370618941091,0.77370564281559051,0.23648124191461836,False,False
0.13951439301503288,2661,777,291,136,0.14895947426067907,0.31850117096018737,0.20298507462686566,0.77399650959860389,0.23622250970245795,False,False
0.13952950128731428,2661,777,292,135,0.14802631578947367,0.31615925058548011,0.20164301717699776,0.77399650959860389,0.23596377749029754,False,False
0.13955162581923899,2662,776,292,135,0.14818880351262348,0.31615925058548011,0.20179372197309417,0.77428737638161726,0.23570504527813713,False,False
0.13957295744152676,2663,775,292,135,0.14835164835164835,0.31615925058548011,0.20194465220643232,0.77457824316463064,0.23544631306597671,False,False
0.13960101486716819,2664,774,292,135,0.14851485148514851,0.31615925058548011,0.20209580838323352,0.77486910994764402,0.2351875808538163,False,False
0.13989621444916764,2665,773,292,135,0.14867841409691629,0.31615925058548011,0.20224719101123595,0.7751599767306574,0.23492884864165589,False,False
0.13990006644954037,2666,772,292,135,0.14884233737596472,0.31615925058548011,0.20239880059970014,0.77545084351367077,0.23467011642949548,False,False
0.13992052850566511,2667,771,292,135,0.1490066225165563,0.31615925058548011,0.20255063765941486,0.77574171029668415,0.23441138421733507,False,False
0.13995070822521621,2668,770,292,135,0.14917127071823205,0.31615925058548011,0.20270270270270271,0.77603257707969753,0.23415265200517466,False,False
0.13997229353900609,2669,769,292,135,0.14933628318584072,0.31615925058548011,0.20285499624342601,0.7763234438627109,0.23389391979301424,False,False
0.1400025651699843,2670,768,292,135,0.14950166112956811,0.31615925058548011,0.20300751879699253,0.77661431064572428,0.2336351875808538,False,False
0.14016886757114078,2671,767,292,135,0.14966740576496673,0.31615925058548011,0.20316027088036118,0.77690517742873766,0.23337645536869339,False,False
0.14018863711273627,2672,766,292,135,0.14983351831298558,0.31615925058548011,0.20331325301204822,0.77719604421175104,0.23311772315653298,False,False
0.14018955470035893,2673,765,292,135,0.14999999999999999,0.31615925058548011,0.20346646571213264,0.77748691099476441,0.23285899094437257,False,False
0.14020414105000337,2674,764,292,135,0.15016685205784205,0.31615925058548011,0.20361990950226244,0.77777777777777779,0.23260025873221216,False,False
0.14027337873594295,2675,763,292,135,0.15033407572383073,0.31615925058548011,0.20377358490566036,0.77806864456079117,0.23234152652005174,False,False
0.14030120747872948,2676,762,292,135,0.15050167224080269,0.31615925058548011,0.20392749244712993,0.77835951134380454,0.23208279430789133,False,False
0.14033963047973572,2677,761,292,135,0.15066964285714285,0.31615925058548011,0.20408163265306123,0.77865037812681792,0.23182406209573092,False,False
0.14034699066544404,2678,760,292,135,0.15083798882681565,0.31615925058548011,0.20423600605143724,0.7789412449098313,0.23156532988357051,False,False
0.14036249831273662,2679,759,292,135,0.15100671140939598,0.31615925058548011,0.20439061317183954,0.77923211169284468,0.2313065976714101,False,False
0.14038161907439023,2680,758,292,135,0.15117581187010079,0.31615925058548011,0.20454545454545459,0.77952297847585805,0.23104786545924968,False,False
0.14044842142959679,2680,758,293,134,0.15022421524663676,0.31381733021077285,0.20318423047763456,0.77952297847585805,0.23078913324708927,False,False
0.14047228549440929,2680,758,294,133,0.14927048260381592,0.31147540983606559,0.20182094081942337,0.77952297847585805,0.23053040103492886,False,False
0.14050466832142613,2681,757,294,133,0.14943820224719101,0.31147540983606559,0.20197418375094914,0.77981384525887143,0.23027166882276842,False,False
0.14051617958889331,2681,757,295,132,0.14848143982002249,0.30913348946135832,0.20060790273556231,0.77981384525887143,0.23001293661060801,False,False
0.14055143214150406,2682,756,295,132,0.14864864864864866,0.30913348946135832,0.20076045627376427,0.78010471204188481,0.2297542043984476,False,False
0.14059364687653397,2683,755,295,132,0.14881623449830891,0.30913348946135832,0.20091324200913241,0.78039557882489818,0.22949547218628719,False,False
0.14063219925828399,2684,754,295,132,0.1489841986455982,0.30913348946135832,0.20106626047220108,0.78068644560791156,0.22923673997412677,False,False
0.14063724050594129,2685,753,295,132,0.14915254237288136,0.30913348946135832,0.20121951219512196,0.78097731239092494,0.22897800776196636,False,False
0.1406569360097068,2686,752,295,132,0.14932126696832579,0.30913348946135832,0.20137299771167044,0.78126817917393832,0.22871927554980595,False,False
0.14066680119736105,2687,751,295,132,0.14949037372593432,0.30913348946135832,0.20152671755725191,0.78155904595695169,0.22846054333764554,False,False
0.14066764491321396,2688,750,295,132,0.14965986394557823,0.30913348946135832,0.20168067226890757,0.78184991273996507,0.22820181112548513,False,False
0.14067672963801856,2689,749,295,132,0.14982973893303064,0.30913348946135832,0.20183486238532111,0.78214077952297845,0.22794307891332471,False,False
0.14072674009453076,2690,748,295,132,0.14999999999999999,0.30913348946135832,0.20198928844682476,0.78243164630599182,0.2276843467011643,False,False
0.14076067403143006,2691,747,295,132,0.15017064846416384,0.30913348946135832,0.20214395099540583,0.7827225130890052,0.22742561448900389,False,False
0.14078453841081107,2692,746,295,132,0.15034168564920272,0.30913348946135832,0.20229885057471267,0.78301337987201858,0.22716688227684348,False,False
0.14081665779192201,2693,745,295,132,0.15051311288483465,0.30913348946135832,0.20245398773006135,0.78330424665503195,0.22690815006468304,False,False
0.14082826934735679,2694,744,295,132,0.15068493150684931,0.30913348946135832,0.20260936300844207,0.78359511343804533,0.22664941785252263,False,False
0.14088177182966052,2695,743,295,132,0.15085714285714286,0.30913348946135832,0.20276497695852533,0.78388598022105871,0.22639068564036222,False,False
0.14092366561745961,2696,742,295,132,0.15102974828375287,0.30913348946135832,0.20292083013066875,0.78417684700407209,0.2261319534282018,False,False
0.14094162790195838,2697,741,295,132,0.15120274914089346,0.30913348946135832,0.20307692307692307,0.78446771378708546,0.22587322121604139,False,False
0.14100648821823647,2698,740,295,132,0.15137614678899083,0.30913348946135832,0.20323325635103928,0.78475858057009884,0.22561448900388098,False,False
0.14107911489783148,2699,739,295,132,0.15154994259471871,0.30913348946135832,0.20338983050847456,0.78504944735311233,0.22535575679172057,False,False
0.14108329939378234,2699,739,296,131,0.15057471264367817,0.30679156908665106,0.2020046260601388,0.78504944735311233,0.22509702457956016,False,False
0.14115932969978515,2700,738,296,131,0.15074798619102417,0.30679156908665106,0.20216049382716053,0.78534031413612571,0.22483829236739974,False,False
0.14123720419635913,2701,737,296,131,0.15092165898617513,0.30679156908665106,0.20231660231660231,0.78563118091913908,0.22457956015523933,False,False
0.14124325296060364,2702,736,296,131,0.15109573241061131,0.30679156908665106,0.20247295208655333,0.78592204770215246,0.22432082794307892,False,False
0.14127659482170757,2702,736,297,130,0.15011547344110854,0.3044496487119438,0.20108275328692962,0.78592204770215246,0.22406209573091851,False,False
0.14129845652956674,2703,735,297,130,0.15028901734104047,0.3044496487119438,0.20123839009287925,0.78621291448516584,0.2238033635187581,False,False
0.14129930032931415,2704,734,297,130,0.15046296296296297,0.3044496487119438,0.20139426800929514,0.78650378126817921,0.22354463130659766,False,False
0.14132252795765191,2705,733,297,130,0.15063731170336037,0.3044496487119438,0.20155038759689922,0.78679464805119259,0.22328589909443725,False,False
0.14135468176200908,2706,732,297,130,0.15081206496519722,0.3044496487119438,0.20170674941815361,0.78708551483420597,0.22302716688227683,False,False
0.14157193342346905,2707,731,297,130,0.15098722415795587,0.3044496487119438,0.2018633540372671,0.78737638161721935,0.22276843467011642,False,False
0.14163591080718185,2708,730,297,130,0.15116279069767441,0.3044496487119438,0.20202020202020202,0.78766724840023272,0.22250970245795601,False,False
0.14172909623531699,2709,729,297,130,0.15133876600698487,0.3044496487119438,0.20217729393468117,0.7879581151832461,0.2222509702457956,False,False
0.14173004162393896,2710,728,297,130,0.15151515151515152,0.3044496487119438,0.20233463035019458,0.78824898196625948,0.22199223803363519,False,False
0.1417481725000875,2711,727,297,130,0.1516919486581097,0.3044496487119438,0.20249221183800625,0.78853984874927285,0.22173350582147477,False,False
0.14182814082088371,2711,727,298,129,0.15070093457943926,0.30210772833723654,0.20109119251753702,0.78853984874927285,0.22147477360931436,False,False
0.14188956191744834,2712,726,298,129,0.15087719298245614,0.30210772833723654,0.20124804992199685,0.78883071553228623,0.22121604139715395,False,False
0.14197836360357705,2713,725,298,129,0.15105386416861827,0.30210772833723654,0.20140515222482436,0.78912158231529961,0.22095730918499354,False,False
0.14203258892443302,2714,724,298,129,0.15123094958968347,0.30210772833723654,0.20156250000000001,0.78941244909831298,0.22069857697283313,False,False
0.14211062605328925,2715,723,298,129,0.15140845070422534,0.30210772833723654,0.20172009382329945,0.78970331588132636,0.22043984476067272,False,False
0.14213901056005912,2716,722,298,129,0.15158636897767333,0.30210772833723654,0.20187793427230047,0.78999418266433974,0.2201811125485123,False,False
0.14215843817147866,2717,721,298,129,0.15176470588235294,0.30210772833723654,0.20203602192639,0.79028504944735312,0.21992238033635186,False,False
0.14221297930262536,2718,720,298,129,0.1519434628975265,0.30210772833723654,0.20219435736677116,0.79057591623036649,0.21966364812419145,False,False
0.14225854564392776,2719,719,298,129,0.15212264150943397,0.30210772833723654,0.2023529411764706,0.79086678301337987,0.21940491591203104,False,False
0.14230144940748496,2720,718,298,129,0.15230224321133412,0.30210772833723654,0.20251177394034539,0.79115764979639325,0.21914618369987063,False,False
0.14237665926745388,2721,717,298,129,0.1524822695035461,0.30210772833723654,0.20267085624509035,0.79144851657940662,0.21888745148771022,False,False
0.14238108541262379,2722,716,298,129,0.15266272189349112,0.30210772833723654,0.20283018867924529,0.79173938336242,0.2186287192755498,False,False
0.14244659673179491,2723,715,298,129,0.15284360189573459,0.30210772833723654,0.20298977183320219,0.79203025014543338,0.21836998706338939,False,False
0.14245213896708053,2724,714,298,129,0.15302491103202848,0.30210772833723654,0.20314960629921261,0.79232111692844676,0.21811125485122898,False,False
0.14257564600873088,2725,713,298,129,0.15320665083135393,0.30210772833723654,0.20330969267139481,0.79261198371146013,0.21785252263906857,False,False
0.14258868708563285,2726,712,298,129,0.15338882282996433,0.30210772833723654,0.20347003154574134,0.79290285049447351,0.21759379042690816,False,False
0.1426393727208741,2727,711,298,129,0.15357142857142858,0.30210772833723654,0.20363062352012629,0.79319371727748689,0.21733505821474774,False,False
0.14264442594553367,2728,710,298,129,0.1537544696066746,0.30210772833723654,0.20379146919431279,0.79348458406050026,0.21707632600258733,False,False
0.14267969642324746,2729,709,298,129,0.15393794749403342,0.30210772833723654,0.20395256916996046,0.79377545084351364,0.21681759379042692,False,False
0.14268374179610627,2730,708,298,129,0.15412186379928317,0.30210772833723654,0.20411392405063294,0.79406631762652702,0.21655886157826648,False,False
0.14273907912349978,2731,707,298,129,0.15430622009569378,0.30210772833723654,0.20427553444180521,0.7943571844095404,0.21630012936610607,False,False
0.14279577330887369,2732,706,298,129,0.15449101796407186,0.30210772833723654,0.20443740095087165,0.79464805119255377,0.21604139715394566,False,False
0.14281497534554319,2732,706,299,128,0.15347721822541965,0.29976580796252927,0.20301348136399683,0.79464805119255377,0.21578266494178525,False,False
0.1428160398499338,2733,705,299,128,0.15366146458583432,0.29976580796252927,0.20317460317460317,0.79493891797556715,0.21552393272962483,False,False
0.14281683557578978,2734,704,299,128,0.15384615384615385,0.29976580796252927,0.20333598093725178,0.79522978475858053,0.21526520051746442,False,False
0.14290948961982677,2735,703,299,128,0.15403128760529483,0.29976580796252927,0.20349761526232113,0.7955206515415939,0.21500646830530401,False,False
0.14303842197450226,2736,702,299,128,0.15421686746987953,0.29976580796252927,0.20365950676213207,0.79581151832460728,0.2147477360931436,False,False
0.14304214655212474,2736,702,300,127,0.15319662243667068,0.29742388758782201,0.20222929936305731,0.79581151832460728,0.21448900388098319,False,False
0.14309882334364718,2737,701,300,127,0.15338164251207728,0.29742388758782201,0.20239043824701194,0.79610238510762066,0.21423027166882277,False,False
0.14314562057463717,2738,700,300,127,0.15356711003627568,0.29742388758782201,0.20255183413078151,0.79639325189063404,0.21397153945666236,False,False
0.14315476076953323,2738,700,301,126,0.15254237288135594,0.29508196721311475,0.2011173184357542,0.79639325189063404,0.21371280724450195,False,False
0.14315750518279594,2739,699,301,126,0.15272727272727274,0.29508196721311475,0.20127795527156553,0.79668411867364752,0.21345407503234154,False,False
0.14320332127285412,2740,698,301,126,0.15291262135922329,0.29508196721311475,0.20143884892086328,0.7969749854566609,0.2131953428201811,False,False
0.14325178656697082,2741,697,301,126,0.15309842041312272,0.29508196721311475,0.2016,0.79726585223967428,0.21293661060802069,False,False
0.14329189863078218,2742,696,301,126,0.15328467153284672,0.29508196721311475,0.20176140912730184,0.79755671902268765,0.21267787839586028,False,False
0.14342501413879616,2743,695,301,126,0.15347137637028013,0.29508196721311475,0.20192307692307693,0.79784758580570103,0.21241914618369986,False,False
0.14355891291247644,2744,694,301,126,0.15365853658536585,0.29508196721311475,0.20208500400962309,0.79813845258871441,0.21216041397153945,False,False
0.14361150443508888,2745,693,301,126,0.15384615384615385,0.29508196721311475,0.20224719101123598,0.79842931937172779,0.21190168175937904,False,False
0.14361264420496914,2746,692,301,126,0.15403422982885084,0.29508196721311475,0.20240963855421687,0.79872018615474116,0.21164294954721863,False,False
0.14369345671939007,2747,691,301,126,0.15422276621787026,0.29508196721311475,0.20257234726688103,0.79901105293775454,0.21138421733505822,False,False
0.14372253464278129,2748,690,301,126,0.15441176470588236,0.29508196721311475,0.20273531777956558,0.79930191972076792,0.2111254851228978,False,False
0.14381116901112642,2749,689,301,126,0.15460122699386503,0.29508196721311475,0.20289855072463769,0.79959278650378129,0.21086675291073739,False,False
0.1438157645350531,2749,689,302,125,0.15356265356265356,0.29274004683840749,0.20145044319097502,0.79959278650378129,0.21060802069857698,False,False
0.1438270740013968,2749,689,303,124,0.15252152521525214,0.29039812646370022,0.19999999999999998,0.79959278650378129,0.21034928848641657,False,False
0.14387482006913085,2750,688,303,124,0.15270935960591134,0.29039812646370022,0.20016142050040356,0.79988365328679467,0.21009055627425616,False,False
0.1438958405139906,2751,687,303,124,0.15289765721331688,0.29039812646370022,0.20032310177705975,0.80017452006980805,0.20983182406209572,False,False
0.1439678780143098,2752,686,303,124,0.15308641975308643,0.29039812646370022,0.20048504446240903,0.80046538685282143,0.20957309184993531,False,False
0.1440547577092687,2753,685,303,124,0.15327564894932014,0.29039812646370022,0.20064724919093851,0.8007562536358348,0.20931435963777489,False,False
0.14406514227806691,2754,684,303,124,0.15346534653465346,0.29039812646370022,0.20080971659919025,0.80104712041884818,0.20905562742561448,False,False
0.14406671323966397,2755,683,303,124,0.15365551425030979,0.29039812646370022,0.20097244732576985,0.80133798720186156,0.20879689521345407,False,False
0.14409560166975924,2756,682,303,124,0.15384615384615385,0.29039812646370022,0.20113544201135442,0.80162885398487493,0.20853816300129366,False,False
0.14411340483233517,2757,681,303,124,0.15403726708074533,0.29039812646370022,0.20129870129870131,0.80191972076788831,0.20827943078913325,False,False
0.1441448789812694,2758,680,303,124,0.15422885572139303,0.29039812646370022,0.20146222583265638,0.80221058755090169,0.20802069857697283,False,False
0.14415579549325386,2759,679,303,124,0.15442092154420922,0.29039812646370022,0.2016260162601626,0.80250145433391507,0.20776196636481242,False,False
0.14415700830645639,2759,679,304,123,0.15336658354114713,0.28805620608899296,0.2001627339300244,0.80250145433391507,0.20750323415265201,False,False
0.1441609968236669,2760,678,304,123,0.15355805243445692,0.28805620608899296,0.20032573289902278,0.80279232111692844,0.2072445019404916,False,False
0.14420062787491392,2761,677,304,123,0.15375,0.28805620608899296,0.20048899755501223,0.80308318789994182,0.20698576972833119,False,False
0.14426874247639343,2762,676,304,123,0.15394242803504379,0.28805620608899296,0.20065252854812399,0.8033740546829552,0.20672703751617078,False,False
0.14438309662598411,2763,675,304,123,0.15413533834586465,0.28805620608899296,0.20081632653061221,0.80366492146596857,0.20646830530401034,False,False
0.14442155178155255,2764,674,304,123,0.15432873274780426,0.28805620608899296,0.20098039215686275,0.80395578824898195,0.20620957309184992,False,False
0.14446718561077049,2765,673,304,123,0.15452261306532664,0.28805620608899296,0.20114472608340148,0.80424665503199533,0.20595084087968951,False,False
0.14454286065648472,2766,672,304,123,0.15471698113207547,0.28805620608899296,0.20130932896890344,0.8045375218150087,0.2056921086675291,False,False
0.14455779261628726,2767,671,304,123,0.15491183879093198,0.28805620608899296,0.2014742014742015,0.80482838859802208,0.20543337645536869,False,False
0.14459565749189682,2768,670,304,123,0.15510718789407313,0.28805620608899296,0.20163934426229507,0.80511925538103546,0.20517464424320828,False,False
0.14464257106161546,2769,669,304,123,0.1553030303030303,0.28805620608899296,0.20180475799835931,0.80541012216404884,0.20491591203104786,False,False
0.14471386180705489,2770,668,304,123,0.15549936788874841,0.28805620608899296,0.2019704433497537,0.80570098894706221,0.20465717981888745,False,False
0.14477103072565251,2770,668,305,122,0.15443037974683543,0.2857142857142857,0.20049301561216104,0.80570098894706221,0.20439844760672704,False,False
0.14477200692875164,2770,668,306,121,0.15335868187579213,0.28337236533957844,0.19901315789473684,0.80570098894706221,0.20413971539456663,False,False
0.14478583877371198,2771,667,306,121,0.15355329949238578,0.28337236533957844,0.19917695473251029,0.80599185573007559,0.20388098318240622,False,False
0.14480394503693295,2771,667,307,120,0.15247776365946633,0.28103044496487117,0.19769357495881384,0.80599185573007559,0.20362225097024581,False,False
0.14489001472429358,2772,666,307,120,0.15267175572519084,0.28103044496487117,0.19785655399835117,0.80628272251308897,0.20336351875808539,False,False
0.1448950536160602,2773,665,307,120,0.15286624203821655,0.28103044496487117,0.198019801980198,0.80657358929610234,0.20310478654592498,False,False
0.14491745397023259,2774,664,307,120,0.15306122448979592,0.28103044496487117,0.19818331957060281,0.80686445607911572,0.20284605433376454,False,False
0.14493029897691184,2775,663,307,120,0.1532567049808429,0.28103044496487117,0.19834710743801653,0.8071553228621291,0.20258732212160413,False,False
0.14493578675428334,2776,662,307,120,0.15345268542199489,0.28103044496487117,0.19851116625310175,0.80744618964514248,0.20232858990944372,False,False
0.14495493064235157,2777,661,307,120,0.15364916773367476,0.28103044496487117,0.19867549668874168,0.80773705642815585,0.20206985769728331,False,False
0.14503452767157504,2778,660,307,120,0.15384615384615385,0.28103044496487117,0.19884009942004971,0.80802792321116923,0.20181112548512289,False,False
0.14505428550989299,2779,659,307,120,0.1540436456996149,0.28103044496487117,0.19900497512437809,0.80831878999418272,0.20155239327296248,False,False
0.14507986810217752,2780,658,307,120,0.15424164524421594,0.28103044496487117,0.19917012448132779,0.8086096567771961,0.20129366106080207,False,False
0.14510473912601005,2781,657,307,120,0.15444015444015444,0.28103044496487117,0.19933554817275748,0.80890052356020947,0.20103492884864166,False,False
0.14512599787689173,2782,656,307,120,0.15463917525773196,0.28103044496487117,0.199501246882793,0.80919139034322285,0.20077619663648125,False,False
0.14519442503777069,2783,655,307,120,0.15483870967741936,0.28103044496487117,0.19966722129783696,0.80948225712623623,0.20051746442432083,False,False
0.14522444550646035,2783,655,308,119,0.15374677002583978,0.27868852459016391,0.19816819317235632,0.80948225712623623,0.20025873221216042,False,False
0.14524453430255399,2783,655,309,118,0.15265200517464425,0.27634660421545665,0.19666666666666666,0.80948225712623623,0.20000000000000001,False,False
0.1452470692459914,2784,654,309,118,0.15284974093264247,0.27634660421545665,0.19683069224353628,0.8097731239092496,0.1997412677878396,False,False
0.14530533175553395,2785,653,309,118,0.15304798962386512,0.27634660421545665,0.19699499165275458,0.81006399069226298,0.19948253557567916,False,False
0.14538465924049898,2786,652,309,118,0.15324675324675324,0.27634660421545665,0.1971595655806182,0.81035485747527636,0.19922380336351875,False,False
0.14541741782465623,2786,652,310,117,0.15214564369310793,0.27400468384074944,0.19565217391304349,0.81035485747527636,0.19896507115135834,False,False
0.14541972353439067,2787,651,310,117,0.15234375,0.27400468384074944,0.19581589958158999,0.81064572425828973,0.19870633893919792,False,False
0.14545950819016246,2788,650,310,117,0.15254237288135594,0.27400468384074944,0.19597989949748748,0.81093659104130311,0.19844760672703751,False,False
0.14558869672740207,2789,649,310,117,0.15274151436031333,0.27400468384074944,0.19614417435037723,0.81122745782431649,0.1981888745148771,False,False
0.14572999877055484,2790,648,310,117,0.15294117647058825,0.27400468384074944,0.19630872483221479,0.81151832460732987,0.19793014230271669,False,False
0.14584752541304116,2791,647,310,117,0.15314136125654451,0.27400468384074944,0.19647355163727961,0.81180919139034324,0.19767141009055628,False,False
0.14587109547115895,2792,646,310,117,0.15334207077326342,0.27400468384074944,0.19663865546218487,0.81210005817335662,0.19741267787839586,False,False
0.1459232275228515,2793,645,310,117,0.15354330708661418,0.27400468384074944,0.19680403700588731,0.81239092495637,0.19715394566623545,False,False
0.14602379166466217,2794,644,310,117,0.15374507227332457,0.27400468384074944,0.19696969696969699,0.81268179173938337,0.19689521345407504,False,False
0.14610037225595635,2795,643,310,117,0.15394736842105264,0.27400468384074944,0.19713563605728729,0.81297265852239675,0.19663648124191463,False,False
0.14611381460746417,2795,643,311,116,0.15283267457180499,0.27166276346604218,0.19561551433389546,0.81297265852239675,0.19637774902975422,False,False
0.1461680200859983,2795,643,312,115,0.15171503957783641,0.26932084309133492,0.1940928270042194,0.81297265852239675,0.19611901681759378,False,False
0.14622187618219676,2796,642,312,115,0.15191545574636725,0.26932084309133492,0.19425675675675677,0.81326352530541013,0.19586028460543337,False,False
0.14643383887276709,2797,641,312,115,0.15211640211640212,0.26932084309133492,0.19442096365173286,0.81355439208842351,0.19560155239327295,False,False
0.14643832278395635,2798,640,312,115,0.15231788079470199,0.26932084309133492,0.19458544839255498,0.81384525887143688,0.19534282018111254,False,False
0.14650598235622542,2798,640,313,114,0.15119363395225463,0.26697892271662765,0.19305673158340389,0.81384525887143688,0.19508408796895213,False,False
0.14651902963920016,2799,639,313,114,0.15139442231075698,0.26697892271662765,0.19322033898305085,0.81413612565445026,0.19482535575679172,False,False
0.14667944337245314,2799,639,314,113,0.15026595744680851,0.26463700234192039,0.19168787107718407,0.81413612565445026,0.19456662354463131,False,False
0.1466987394460057,2800,638,314,113,0.15046604527296936,0.26463700234192039,0.19185059422750425,0.81442699243746364,0.19430789133247089,False,False
0.14675400213208498,2801,637,314,113,0.15066666666666667,0.26463700234192039,0.19201359388275274,0.81471785922047701,0.19404915912031048,False,False
0.14691578439546576,2801,637,315,112,0.14953271028037382,0.26229508196721313,0.19047619047619049,0.81471785922047701,0.19379042690815007,False,False
0.14704079187102109,2802,636,315,112,0.1497326203208556,0.26229508196721313,0.19063829787234041,0.81500872600349039,0.19353169469598966,False,False
0.14704398097303473,2802,636,316,111,0.14859437751004015,0.25995316159250587,0.18909710391822823,0.81500872600349039,0.19327296248382925,False,False
0.14712107751264739,2803,635,316,111,0.1487935656836461,0.25995316159250587,0.18925831202046037,0.81529959278650377,0.19301423027166884,False,False
0.14715115525204356,2804,634,316,111,0.14899328859060404,0.25995316159250587,0.18941979522184302,0.81559045956951715,0.1927554980595084,False,False
0.14718612164821632,2805,633,316,111,0.14919354838709678,0.25995316159250587,0.18958155422715625,0.81588132635253052,0.19249676584734798,False,False
0.14725508204560625,2806,632,316,111,0.14939434724091522,0.25995316159250587,0.18974358974358974,0.8161721931355439,0.19223803363518757,False,False
0.14727177736555117,2807,631,316,111,0.14959568733153639,0.25995316159250587,0.18990590248075279,0.81646305991855728,0.19197930142302716,False,False
0.14728914858156889,2808,630,316,111,0.14979757085020243,0.25995316159250587,0.19006849315068491,0.81675392670157065,0.19172056921086675,False,False
0.14730520624168189,2809,629,316,111,0.14999999999999999,0.25995316159250587,0.19023136246786632,0.81704479348458403,0.19146183699870634,False,False
0.14731356042151386,2810,628,316,111,0.15020297699594046,0.25995316159250587,0.19039451114922812,0.81733566026759741,0.19120310478654592,False,False
0.14744744382997524,2811,627,316,111,0.15040650406504066,0.25995316159250587,0.19055793991416312,0.81762652705061079,0.19094437257438551,False,False
0.14754240393320847,2812,626,316,111,0.15061058344640435,0.25995316159250587,0.19072164948453607,0.81791739383362416,0.1906856403622251,False,False
0.14755622224486453,2813,625,316,111,0.15081521739130435,0.25995316159250587,0.19088564058469473,0.81820826061663754,0.19042690815006469,False,False
0.14757584478658872,2814,624,316,111,0.15102040816326531,0.25995316159250587,0.19104991394148024,0.81849912739965092,0.19016817593790428,False,False
0.14761243959104892,2815,623,316,111,0.15122615803814715,0.25995316159250587,0.19121447028423774,0.81878999418266429,0.18990944372574387,False,False
0.14761624899904488,2816,622,316,111,0.15143246930422918,0.25995316159250587,0.19137931034482755,0.81908086096567767,0.18965071151358345,False,False
0.1477208348965717,2817,621,316,111,0.15163934426229508,0.25995316159250587,0.19154443485763589,0.81937172774869105,0.18939197930142301,False,False
0.1477264540131617,2818,620,316,111,0.15184678522571821,0.25995316159250587,0.19170984455958551,0.81966259453170442,0.1891332470892626,False,False
0.1477300141250355,2819,619,316,111,0.15205479452054796,0.25995316159250587,0.19187554019014694,0.81995346131471791,0.18887451487710219,False,False
0.14776267326983686,2819,619,317,110,0.15089163237311384,0.2576112412177986,0.19031141868512111,0.81995346131471791,0.18861578266494178,False,False
0.14782866423462226,2820,618,317,110,0.15109890109890109,0.2576112412177986,0.19047619047619049,0.82024432809773129,0.18835705045278137,False,False
0.14784482683200217,2821,617,317,110,0.15130674002751032,0.2576112412177986,0.19064124783362218,0.82053519488074467,0.18809831824062095,False,False
0.14792315155314001,2822,616,317,110,0.15151515151515152,0.2576112412177986,0.19080659150043364,0.82082606166375804,0.18783958602846054,False,False
0.14797806810208247,2823,615,317,110,0.15172413793103448,0.2576112412177986,0.19097222222222221,0.82111692844677142,0.18758085381630013,False,False
0.14799356583641965,2824,614,317,110,0.15193370165745856,0.2576112412177986,0.19113814074717636,0.8214077952297848,0.18732212160413972,False,False
0.14800851311795948,2825,613,317,110,0.15214384508990317,0.2576112412177986,0.19130434782608696,0.82169866201279818,0.18706338939197931,False,False
0.14801251462231871,2826,612,317,110,0.1523545706371191,0.2576112412177986,0.19147084421235858,0.82198952879581155,0.18680465717981889,False,False
0.14805667188852864,2827,611,317,110,0.15256588072122051,0.2576112412177986,0.19163763066202091,0.82228039557882493,0.18654592496765848,False,False
0.14808306244694669,2827,611,318,109,0.15138888888888888,0.25526932084309134,0.19006102877070621,0.82228039557882493,0.18628719275549807,False,False
0.14816453698560286,2828,610,318,109,0.15159944367176634,0.25526932084309134,0.19022687609075045,0.82257126236183831,0.18602846054333766,False,False
0.14817373466369388,2829,609,318,109,0.15181058495821728,0.25526932084309134,0.19039301310043671,0.82286212914485168,0.18576972833117722,False,False
0.148188136874637,2830,608,318,109,0.15202231520223153,0.25526932084309134,0.19055944055944055,0.82315299592786506,0.18551099611901681,False,False
0.14823458035612053,2831,607,318,109,0.15223463687150837,0.25526932084309134,0.19072615923009623,0.82344386271087844,0.1852522639068564,False,False
0.14824486674856222,2832,606,318,109,0.15244755244755245,0.25526932084309134,0.19089316987740806,0.82373472949389182,0.18499353169469598,False,False
0.14838277339925002,2833,605,318,109,0.15266106442577032,0.25526932084309134,0.19106047326906223,0.82402559627690519,0.18473479948253557,False,False
0.14847133867545917,2833,605,319,108,0.1514726507713885,0.25292740046838408,0.18947368421052629,0.82402559627690519,0.18447606727037516,False,False
0.14852576131104697,2834,604,319,108,0.15168539325842698,0.25292740046838408,0.18964003511852504,0.82431646305991857,0.18421733505821475,False,False
0.14854543127260827,2835,603,319,108,0.15189873417721519,0.25292740046838408,0.18980667838312829,0.82460732984293195,0.18395860284605434,False,False
0.14859851541220559,2836,602,319,108,0.15211267605633802,0.25292740046838408,0.18997361477572561,0.82489819662594532,0.18369987063389392,False,False
0.14861746216163318,2837,601,319,108,0.15232722143864599,0.25292740046838408,0.19014084507042253,0.8251890634089587,0.18344113842173351,False,False
0.14863772064324735,2838,600,319,108,0.15254237288135594,0.25292740046838408,0.1903083700440529,0.82547993019197208,0.1831824062095731,False,False
0.14864286475319455,2839,599,319,108,0.15275813295615276,0.25292740046838408,0.19047619047619049,0.82577079697498545,0.18292367399741269,False,False
0.14874416879292773,2840,598,319,108,0.15297450424929179,0.25292740046838408,0.19064430714916156,0.82606166375799883,0.18266494178525228,False,False
0.14885744927841971,2840,598,320,107,0.15177304964539007,0.25058548009367682,0.1890459363957597,0.82606166375799883,0.18240620957309184,False,False
0.1488903394470843,2840,598,321,106,0.15056818181818182,0.24824355971896955,0.18744473916887711,0.82606166375799883,0.18214747736093143,False,False
0.14897648759175072,2841,597,321,106,0.15078236130867709,0.24824355971896955,0.18761061946902655,0.82635253054101221,0.18188874514877101,False,False
0.14902165247223798,2842,596,321,106,0.150997150997151,0.24824355971896955,0.18777679362267494,0.82664339732402559,0.1816300129366106,False,False
0.14909652839553192,2843,595,321,106,0.15121255349500715,0.24824355971896955,0.18794326241134754,0.82693426410703896,0.18137128072445019,False,False
0.14934526647690707,2844,594,321,106,0.15142857142857144,0.24824355971896955,0.18811002661934342,0.82722513089005234,0.18111254851228978,False,False
0.14935038407682563,2845,593,321,106,0.15164520743919885,0.24824355971896955,0.18827708703374776,0.82751599767306572,0.18085381630012937,False,False
0.14936673476829398,2845,593,322,105,0.1504297994269341,0.24590163934426229,0.1866666666666667,0.82751599767306572,0.18059508408796895,False,False
0.14936962957138714,2846,592,322,105,0.15064562410329985,0.24590163934426229,0.18683274021352311,0.82780686445607909,0.18033635187580854,False,False
0.14943908209094581,2847,591,322,105,0.15086206896551724,0.24590163934426229,0.18699910952804985,0.82809773123909247,0.18007761966364813,False,False
0.14944108107959123,2847,591,323,104,0.14964028776978416,0.24355971896955503,0.18538324420677363,0.82809773123909247,0.17981888745148772,False,False
0.14948827740219986,2848,590,323,104,0.14985590778097982,0.24355971896955503,0.1855486173059768,0.82838859802210585,0.17956015523932731,False,False
0.14955178848604847,2849,589,323,104,0.15007215007215008,0.24355971896955503,0.18571428571428572,0.82867946480511923,0.1793014230271669,False,False
0.14955533199687251,2849,589,324,103,0.14884393063583815,0.24121779859484777,0.18409294012511168,0.82867946480511923,0.17904269081500646,False,False
0.14956701018157748,2850,588,324,103,0.14905933429811866,0.24121779859484777,0.18425760286225401,0.8289703315881326,0.17878395860284604,False,False
0.14962221363539524,2851,587,324,103,0.14927536231884059,0.24121779859484777,0.18442256042972247,0.82926119837114598,0.17852522639068563,False,False
0.14973801396389472,2851,587,325,102,0.14804063860667635,0.2388758782201405,0.18279569892473121,0.82926119837114598,0.17826649417852522,False,False
0.14976693548271766,2851,587,326,101,0.14680232558139536,0.23653395784543327,0.18116591928251125,0.82926119837114598,0.17800776196636481,False,False
0.14984602676385284,2851,587,327,100,0.14556040756914118,0.23419203747072601,0.17953321364452424,0.82926119837114598,0.1777490297542044,False,False
0.1498781118325363,2852,586,327,100,0.1457725947521866,0.23419203747072601,0.17969451931716085,0.82955206515415936,0.17749029754204398,False,False
0.14990922700231399,2853,585,327,100,0.145985401459854,0.23419203747072601,0.17985611510791369,0.82984293193717273,0.17723156532988357,False,False
0.14991347879357295,2854,584,327,100,0.14619883040935672,0.23419203747072601,0.18001800180018002,0.83013379872018611,0.17697283311772316,False,False
0.15002725722110613,2855,583,327,100,0.14641288433382138,0.23419203747072601,0.18018018018018017,0.83042466550319949,0.17671410090556275,False,False
0.15003372796241762,2856,582,327,100,0.1466275659824047,0.23419203747072601,0.18034265103697028,0.83071553228621287,0.17645536869340234,False,False
0.15008463781395134,2857,581,327,100,0.14684287812041116,0.23419203747072601,0.18050541516245486,0.83100639906922624,0.17619663648124193,False,False
0.15008724100851978,2858,580,327,100,0.14705882352941177,0.23419203747072601,0.18066847335140018,0.83129726585223962,0.17593790426908151,False,False
0.15009624701658761,2859,579,327,100,0.14727540500736377,0.23419203747072601,0.18083182640144665,0.83158813263525311,0.17567917205692107,False,False
0.15012617007339618,2860,578,327,100,0.14749262536873156,0.23419203747072601,0.18099547511312217,0.83187899941826648,0.17542043984476066,False,False
0.15016373439966205,2861,577,327,100,0.14771048744460857,0.23419203747072601,0.18115942028985507,0.83216986620127986,0.17516170763260025,False,False
0.15017621047324597,2862,576,327,100,0.14792899408284024,0.23419203747072601,0.18132366273798731,0.83246073298429324,0.17490297542043984,False,False
0.15019060626539932,2863,575,327,100,0.14814814814814814,0.23419203747072601,0.18148820326678766,0.83275159976730662,0.17464424320827943,False,False
0.15020511299075967,2864,574,327,100,0.14836795252225518,0.23419203747072601,0.18165304268846502,0.83304246655031999,0.17438551099611901,False,False
0.15035199577957686,2865,573,327,100,0.14858841010401189,0.23419203747072601,0.18181818181818182,0.83333333333333337,0.1741267787839586,False,False
0.15046141000293631,2866,572,327,100,0.14880952380952381,0.23419203747072601,0.18198362147406735,0.83362420011634675,0.17386804657179819,False,False
0.15053918683771469,2867,571,327,100,0.14903129657228018,0.23419203747072601,0.18214936247723135,0.83391506689936012,0.17360931435963778,False,False
0.15056055769601517,2868,570,327,100,0.14925373134328357,0.23419203747072601,0.18231540565177753,0.8342059336823735,0.17335058214747737,False,False
0.15059372056671377,2869,569,327,100,0.14947683109118087,0.23419203747072601,0.18248175182481755,0.83449680046538688,0.17309184993531695,False,False
0.1506115938825715,2869,569,328,99,0.14820359281437126,0.23185011709601874,0.18082191780821918,0.83449680046538688,0.17283311772315654,False,False
0.15061868866859587,2870,568,328,99,0.14842578710644677,0.23185011709601874,0.18098720292504569,0.83478766724840026,0.17257438551099613,False,False
0.15062026016207372,2871,567,328,99,0.14864864864864866,0.23185011709601874,0.18115279048490393,0.83507853403141363,0.17231565329883569,False,False
0.1507206861545746,2872,566,328,99,0.14887218045112782,0.23185011709601874,0.18131868131868129,0.83536940081442701,0.17205692108667528,False,False
0.15077860601448209,2873,565,328,99,0.14909638554216867,0.23185011709601874,0.18148487626031165,0.83566026759744039,0.17179818887451487,False,False
0.15080383875950876,2874,564,328,99,0.14932126696832579,0.23185011709601874,0.181651376146789,0.83595113438045376,0.17153945666235446,False,False
0.15081482622289849,2875,563,328,99,0.14954682779456194,0.23185011709601874,0.18181818181818182,0.83624200116346714,0.17128072445019404,False,False
0.15088415028636118,2876,562,328,99,0.14977307110438728,0.23185011709601874,0.18198529411764705,0.83653286794648052,0.17102199223803363,False,False
0.15088520250658902,2877,561,328,99,0.14999999999999999,0.23185011709601874,0.18215271389144433,0.8368237347294939,0.17076326002587322,False,False
0.15092993996449589,2878,560,328,99,0.15022761760242792,0.23185011709601874,0.18232044198895028,0.83711460151250727,0.17050452781371281,False,False
0.15107283609312236,2879,559,328,99,0.15045592705167174,0.23185011709601874,0.18248847926267284,0.83740546829552065,0.1702457956015524,False,False
0.1511621487201632,2880,558,328,99,0.15068493150684931,0.23185011709601874,0.18265682656826568,0.83769633507853403,0.16998706338939198,False,False
0.15116524791981359,2881,557,328,99,0.15091463414634146,0.23185011709601874,0.18282548476454294,0.8379872018615474,0.16972833117723157,False,False
0.15122923653403661,2882,556,328,99,0.15114503816793892,0.23185011709601874,0.18299445471349354,0.83827806864456078,0.16946959896507116,False,False
0.15123877568588232,2883,555,328,99,0.15137614678899083,0.23185011709601874,0.18316373728029603,0.83856893542757416,0.16921086675291075,False,False
0.15123938913409571,2884,554,328,99,0.15160796324655437,0.23185011709601874,0.18333333333333335,0.83885980221058754,0.16895213454075034,False,False
0.15127983921506744,2885,553,328,99,0.15184049079754602,0.23185011709601874,0.18350324374420759,0.83915066899360091,0.1686934023285899,False,False
0.15130309064036734,2886,552,328,99,0.15207373271889402,0.23185011709601874,0.18367346938775511,0.83944153577661429,0.16843467011642949,False,False
0.15136729031511226,2887,551,328,99,0.15230769230769231,0.23185011709601874,0.18384401114206128,0.83973240255962767,0.16817593790426907,False,False
0.15150322246947903,2887,551,329,98,0.15100154083204931,0.22950819672131148,0.18215613382899629,0.83973240255962767,0.16791720569210866,False,False
0.15150734883047562,2888,550,329,98,0.15123456790123457,0.22950819672131148,0.18232558139534885,0.84002326934264104,0.16765847347994825,False,False
0.1515955649851729,2889,549,329,98,0.15146831530139104,0.22950819672131148,0.18249534450651769,0.84031413612565442,0.16739974126778784,False,False
0.1517576593116281,2890,548,329,98,0.15170278637770898,0.22950819672131148,0.18266542404473438,0.8406050029086678,0.16714100905562743,False,False
0.15177400121286036,2890,548,330,97,0.15038759689922482,0.22716627634660422,0.18097014925373137,0.8406050029086678,0.16688227684346701,False,False
0.15186987749428532,2891,547,330,97,0.15062111801242237,0.22716627634660422,0.1811391223155929,0.84089586969168117,0.1666235446313066,False,False
0.15199768247484494,2892,546,330,97,0.15085536547433903,0.22716627634660422,0.18130841121495328,0.84118673647469455,0.16636481241914619,False,False
0.1521150375763185,2892,546,331,96,0.14953271028037382,0.22482435597189696,0.17960710944808231,0.84118673647469455,0.16610608020698578,False,False
0.15217409524744915,2893,545,331,96,0.14976599063962559,0.22482435597189696,0.1797752808988764,0.84147760325770793,0.16584734799482537,False,False
0.15222368200881989,2894,544,331,96,0.14999999999999999,0.22482435597189696,0.17994376757263356,0.84176847004072131,0.16558861578266496,False,False
0.15224703147611282,2895,543,331,96,0.15023474178403756,0.22482435597189696,0.1801125703564728,0.84205933682373468,0.16532988357050452,False,False
0.15227217603593904,2896,542,331,96,0.15047021943573669,0.22482435597189696,0.18028169014084505,0.84235020360674806,0.1650711513583441,False,False
0.15229399474708674,2897,541,331,96,0.15070643642072212,0.22482435597189696,0.18045112781954883,0.84264107038976144,0.16481241914618369,False,False
0.15231511876716966,2898,540,331,96,0.15094339622641509,0.22482435597189696,0.18062088428974601,0.84293193717277481,0.16455368693402328,False,False
0.15233765864293322,2899,539,331,96,0.15118110236220472,0.22482435597189696,0.18079096045197737,0.8432228039557883,0.16429495472186287,False,False
0.15256517624087934,2900,538,331,96,0.15141955835962145,0.22482435597189696,0.18096135721017911,0.84351367073880168,0.16403622250970246,False,False
0.15263654424191639,2901,537,331,96,0.15165876777251186,0.22482435597189696,0.1811320754716981,0.84380453752181506,0.16377749029754204,False,False
0.1529216401686985,2901,537,332,95,0.15031645569620253,0.22248243559718969,0.17941454202077431,0.84380453752181506,0.16351875808538163,False,False
0.15293683403521455,2902,536,332,95,0.15055467511885895,0.22248243559718969,0.17958412098298679,0.84409540430482843,0.16326002587322122,False,False
0.15306943405559162,2903,535,332,95,0.15079365079365079,0.22248243559718969,0.17975402081362346,0.84438627108784181,0.16300129366106081,False,False
0.15312465833356917,2904,534,332,95,0.15103338632750399,0.22248243559718969,0.17992424242424246,0.84467713787085519,0.1627425614489004,False,False
0.15312918175531565,2905,533,332,95,0.15127388535031847,0.22248243559718969,0.18009478672985779,0.84496800465386857,0.16248382923673999,False,False
0.15324420775734912,2906,532,332,95,0.15151515151515152,0.22248243559718969,0.18026565464895636,0.84525887143688194,0.16222509702457957,False,False
0.15325001772711461,2907,531,332,95,0.15175718849840256,0.22248243559718969,0.18043684710351379,0.84554973821989532,0.16196636481241913,False,False
0.15325281987328626,2908,530,332,95,0.152,0.22248243559718969,0.1806083650190114,0.8458406050029087,0.16170763260025872,False,False
0.15325997878379344,2909,529,332,95,0.15224358974358973,0.22248243559718969,0.18078020932445288,0.84613147178592207,0.16144890038809831,False,False
0.15327712519891618,2910,528,332,95,0.15248796147672553,0.22248243559718969,0.18095238095238098,0.84642233856893545,0.1611901681759379,False,False
0.15337101307964335,2911,527,332,95,0.15273311897106109,0.22248243559718969,0.18112488083889419,0.84671320535194883,0.16093143596377749,False,False
0.15340218977536896,2912,526,332,95,0.1529790660225443,0.22248243559718969,0.18129770992366409,0.8470040721349622,0.16067270375161707,False,False
0.15341237309808789,2913,525,332,95,0.15322580645161291,0.22248243559718969,0.18147086914995222,0.84729493891797558,0.16041397153945666,False,False
0.1534323053042794,2914,524,332,95,0.15347334410339256,0.22248243559718969,0.18164435946462715,0.84758580570098896,0.16015523932729625,False,False
0.15353996475152568,2915,523,332,95,0.15372168284789645,0.22248243559718969,0.1818181818181818,0.84787667248400234,0.15989650711513584,False,False
0.15361280421623941,2916,522,332,95,0.1539708265802269,0.22248243559718969,0.18199233716475097,0.84816753926701571,0.15963777490297543,False,False
0.15364303795730239,2917,521,332,95,0.15422077922077923,0.22248243559718969,0.18216682646212848,0.84845840605002909,0.15937904269081501,False,False
0.1539745323544662,2918,520,332,95,0.15447154471544716,0.22248243559718969,0.18234165067178507,0.84874927283304247,0.1591203104786546,False,False
0.1539856995381011,2919,519,332,95,0.15472312703583063,0.22248243559718969,0.18251681075888573,0.84904013961605584,0.15886157826649419,False,False
0.15401619147196133,2919,519,333,94,0.15334420880913541,0.22014051522248243,0.18076923076923077,0.84904013961605584,0.15860284605433375,False,False
0.15402724396343201,2920,518,333,94,0.15359477124183007,0.22014051522248243,0.1809432146294514,0.84933100639906922,0.15834411384217334,False,False
0.15403669970432435,2921,517,333,94,0.15384615384615385,0.22014051522248243,0.1811175337186898,0.8496218731820826,0.15808538163001293,False,False
0.154071222454576,2922,516,333,94,0.1540983606557377,0.22014051522248243,0.18129218900675026,0.84991273996509598,0.15782664941785252,False,False
0.15420434567616484,2923,515,333,94,0.15435139573070608,0.22014051522248243,0.18146718146718147,0.85020360674810935,0.1575679172056921,False,False
0.15435016684117583,2924,514,333,94,0.15460526315789475,0.22014051522248243,0.1816425120772947,0.85049447353112273,0.15730918499353169,False,False
0.15440338128761716,2924,514,334,93,0.15321252059308071,0.21779859484777517,0.17988394584139264,0.85049447353112273,0.15705045278137128,False,False
0.15441567907493919,2925,513,334,93,0.15346534653465346,0.21779859484777517,0.18005808325266215,0.85078534031413611,0.15679172056921087,False,False
0.1544361703928171,2926,512,334,93,0.1537190082644628,0.21779859484777517,0.18023255813953487,0.85107620709714948,0.15653298835705046,False,False
0.1544813497066167,2927,511,334,93,0.15397350993377484,0.21779859484777517,0.18040737148399613,0.85136707388016286,0.15627425614489004,False,False
0.15452396312039887,2927,511,335,92,0.15257048092868988,0.21545667447306791,0.17864077669902911,0.85136707388016286,0.15601552393272963,False,False
0.15460548411895039,2928,510,335,92,0.15282392026578073,0.21545667447306791,0.17881438289601553,0.85165794066317624,0.15575679172056922,False,False
0.15464797056704191,2929,509,335,92,0.15307820299500832,0.21545667447306791,0.17898832684824903,0.85194880744618962,0.15549805950840881,False,False
0.15465066521046381,2930,508,335,92,0.15333333333333332,0.21545667447306791,0.17916260954235635,0.85223967422920299,0.15523932729624837,False,False
0.15476629152093557,2931,507,335,92,0.15358931552587646,0.21545667447306791,0.17933723196881093,0.85253054101221637,0.15498059508408796,False,False
0.15476970673258239,2931,507,336,91,0.15217391304347827,0.21311475409836064,0.17756097560975612,0.85253054101221637,0.15472186287192755,False,False
0.1548913408711102,2932,506,336,91,0.15242881072026801,0.21311475409836064,0.177734375,0.85282140779522975,0.15446313065976713,False,False
0.15490145566374933,2933,505,336,91,0.15268456375838926,0.21311475409836064,0.17790811339198434,0.85311227457824312,0.15420439844760672,False,False
0.15497893433280877,2934,504,336,91,0.15294117647058825,0.21311475409836064,0.17808219178082191,0.8534031413612565,0.15394566623544631,False,False
0.15503782110574119,2935,503,336,91,0.1531986531986532,0.21311475409836064,0.17825661116552399,0.85369400814426988,0.1536869340232859,False,False
0.15513350875241819,2936,502,336,91,0.15345699831365936,0.21311475409836064,0.17843137254901961,0.85398487492728326,0.15342820181112549,False,False
0.15516087681469898,2937,501,336,91,0.15371621621621623,0.21311475409836064,0.17860647693817466,0.85427574171029663,0.15316946959896507,False,False
0.15520271479941117,2938,500,336,91,0.15397631133671744,0.21311475409836064,0.17878192534381138,0.85456660849331001,0.15291073738680466,False,False
0.15526747738316063,2939,499,336,91,0.15423728813559323,0.21311475409836064,0.17895771878072761,0.8548574752763235,0.15265200517464425,False,False
0.15528008427657666,2940,498,336,91,0.15449915110356535,0.21311475409836064,0.17913385826771652,0.85514834205933687,0.15239327296248384,False,False
0.15537944566543779,2941,497,336,91,0.15476190476190477,0.21311475409836064,0.1793103448275862,0.85543920884235025,0.15213454075032343,False,False
0.15551749945930882,2942,496,336,91,0.15502555366269166,0.21311475409836064,0.17948717948717946,0.85573007562536363,0.15187580853816299,False,False
0.15552563158154425,2943,495,336,91,0.1552901023890785,0.21311475409836064,0.17966436327739385,0.85602094240837701,0.15161707632600258,False,False
0.15564544571794808,2944,494,336,91,0.15555555555555556,0.21311475409836064,0.17984189723320154,0.85631180919139038,0.15135834411384216,False,False
0.1556623302893041,2945,493,336,91,0.15582191780821919,0.21311475409836064,0.18001978239366964,0.85660267597440376,0.15109961190168175,False,False
0.15566344531363269,2946,492,336,91,0.15608919382504288,0.21311475409836064,0.18019801980198022,0.85689354275741714,0.15084087968952134,False,False
0.15573049604338418,2947,491,336,91,0.1563573883161512,0.21311475409836064,0.18037661050545092,0.85718440954043051,0.15058214747736093,False,False
0.15590609756621987,2947,491,337,90,0.1549053356282272,0.21077283372365341,0.1785714285714286,0.85718440954043051,0.15032341526520052,False,False
0.15595488807033769,2948,490,337,90,0.15517241379310345,0.21077283372365341,0.17874875868917581,0.85747527632344389,0.1500646830530401,False,False
0.15598772627137755,2949,489,337,90,0.15544041450777202,0.21077283372365341,0.17892644135188868,0.85776614310645727,0.14980595084087969,False,False
0.15600250870971724,2950,488,337,90,0.15570934256055363,0.21077283372365341,0.17910447761194032,0.85805700988947065,0.14954721862871928,False,False
0.15602502501810545,2951,487,337,90,0.15597920277296359,0.21077283372365341,0.17928286852589639,0.85834787667248402,0.14928848641655887,False,False
0.15609792053380017,2951,487,338,89,0.1545138888888889,0.20843091334894615,0.17746759720837488,0.85834787667248402,0.14902975420439846,False,False
0.1561098308012043,2952,486,338,89,0.15478260869565216,0.20843091334894615,0.17764471057884229,0.8586387434554974,0.14877102199223805,False,False
0.1561255286636743,2953,485,338,89,0.15505226480836237,0.20843091334894615,0.17782217782217782,0.85892961023851078,0.14851228978007763,False,False
0.15616724132939916,2954,484,338,89,0.15532286212914484,0.20843091334894615,0.17800000000000002,0.85922047702152415,0.14825355756791719,False,False
0.15618545251162119,2955,483,338,89,0.1555944055944056,0.20843091334894615,0.17817817817817816,0.85951134380453753,0.14799482535575678,False,False
0.15623433823461966,2956,482,338,89,0.15586690017513136,0.20843091334894615,0.17835671342685372,0.85980221058755091,0.14773609314359637,False,False
0.15625300351287782,2957,481,338,89,0.156140350877193,0.20843091334894615,0.17853560682046138,0.86009307737056429,0.14747736093143596,False,False
0.15630673381603649,2957,481,339,88,0.15465729349736379,0.20608899297423888,0.17670682730923695,0.86009307737056429,0.14721862871927555,False,False
0.1563357038624332,2958,480,339,88,0.15492957746478872,0.20608899297423888,0.17688442211055275,0.86038394415357766,0.14695989650711513,False,False
0.1563547851639368,2959,479,339,88,0.15520282186948853,0.20608899297423888,0.17706237424547283,0.86067481093659104,0.14670116429495472,False,False
0.15636642368835932,2960,478,339,88,0.15547703180212014,0.20608899297423888,0.1772406847935549,0.86096567771960442,0.14644243208279431,False,False
0.15639250561772094,2961,477,339,88,0.15575221238938053,0.20608899297423888,0.17741935483870966,0.86125654450261779,0.1461836998706339,False,False
0.1564858093426866,2962,476,339,88,0.15602836879432624,0.20608899297423888,0.17759838546922299,0.86154741128563117,0.14592496765847349,False,False
0.15655381718966305,2963,475,339,88,0.15630550621669628,0.20608899297423888,0.17777777777777781,0.86183827806864455,0.14566623544631307,False,False
0.15659083905201907,2964,474,339,88,0.15658362989323843,0.20608899297423888,0.17795753286147623,0.86212914485165792,0.14540750323415266,False,False
0.15663692120202663,2965,473,339,88,0.15686274509803921,0.20608899297423888,0.17813765182186234,0.8624200116346713,0.14514877102199225,False,False
0.15666443132485819,2966,472,339,88,0.15714285714285714,0.20608899297423888,0.17831813576494426,0.86271087841768468,0.14489003880983181,False,False
0.15694134843533705,2967,471,339,88,0.15742397137745975,0.20608899297423888,0.17849898580121704,0.86300174520069806,0.1446313065976714,False,False
0.15698956559533175,2967,471,340,87,0.15591397849462366,0.20374707259953162,0.17664974619289342,0.86300174520069806,0.14437257438551099,False,False
0.15701920654606338,2968,470,340,87,0.15619389587073609,0.20374707259953162,0.17682926829268295,0.86329261198371143,0.14411384217335058,False,False
0.15704003094785926,2969,469,340,87,0.15647482014388489,0.20374707259953162,0.17700915564598166,0.86358347876672481,0.14385510996119016,False,False
0.15712944035367571,2970,468,340,87,0.15675675675675677,0.20374707259953162,0.17718940936863545,0.86387434554973819,0.14359637774902975,False,False
0.15715054089482994,2971,467,340,87,0.15703971119133575,0.20374707259953162,0.17737003058103976,0.86416521233275156,0.14333764553686934,False,False
0.15719443729331367,2972,466,340,87,0.15732368896925858,0.20374707259953162,0.17755102040816326,0.86445607911576494,0.14307891332470893,False,False
0.15719577169623558,2973,465,340,87,0.15760869565217392,0.20374707259953162,0.17773237997957098,0.86474694589877832,0.14282018111254852,False,False
0.15721413467613962,2974,464,340,87,0.15789473684210525,0.20374707259953162,0.17791411042944785,0.8650378126817917,0.1425614489003881,False,False
0.15730267835916545,2974,464,341,86,0.15636363636363637,0.20140515222482436,0.1760491299897646,0.8650378126817917,0.14230271668822769,False,False
0.15732897718571717,2975,463,341,86,0.15664845173041894,0.20140515222482436,0.17622950819672129,0.86532867946480507,0.14204398447606728,False,False
0.15736270701692648,2976,462,341,86,0.15693430656934307,0.20140515222482436,0.1764102564102564,0.86561954624781845,0.14178525226390687,False,False
0.15736611899162681,2977,461,341,86,0.15722120658135283,0.20140515222482436,0.17659137577002051,0.86591041303083183,0.14152652005174643,False,False
0.15743773928626176,2978,460,341,86,0.1575091575091575,0.20140515222482436,0.17677286742034942,0.8662012798138452,0.14126778783958602,False,False
0.15745703336557584,2979,459,341,86,0.15779816513761469,0.20140515222482436,0.17695473251028809,0.86649214659685869,0.14100905562742561,False,False
0.15748623385873312,2980,458,341,86,0.15808823529411764,0.20140515222482436,0.17713697219361482,0.86678301337987207,0.14075032341526519,False,False
0.15762115433729257,2981,457,341,86,0.15837937384898712,0.20140515222482436,0.17731958762886596,0.86707388016288545,0.14049159120310478,False,False
0.15769400697017641,2982,456,341,86,0.15867158671586715,0.20140515222482436,0.17750257997936017,0.86736474694589882,0.14023285899094437,False,False
0.15770404482996989,2983,455,341,86,0.15896487985212571,0.20140515222482436,0.17768595041322313,0.8676556137289122,0.13997412677878396,False,False
0.15771114608525769,2984,454,341,86,0.15925925925925927,0.20140515222482436,0.17786970010341263,0.86794648051192558,0.13971539456662355,False,False
0.15771661592952893,2984,454,342,85,0.15769944341372913,0.19906323185011709,0.17598343685300208,0.86794648051192558,0.13945666235446313,False,False
0.15781205320549341,2985,453,342,85,0.15799256505576209,0.19906323185011709,0.17616580310880831,0.86823734729493895,0.13919793014230272,False,False
0.15795935819403276,2986,452,342,85,0.15828677839851024,0.19906323185011709,0.17634854771784231,0.86852821407795233,0.13893919793014231,False,False
0.15812605565512952,2987,451,342,85,0.15858208955223882,0.19906323185011709,0.17653167185877464,0.86881908086096571,0.1386804657179819,False,False
0.15816546188477637,2988,450,342,85,0.15887850467289719,0.19906323185011709,0.1767151767151767,0.86910994764397909,0.13842173350582149,False,False
0.1581668913841856,2989,449,342,85,0.15917602996254682,0.19906323185011709,0.17689906347554632,0.86940081442699246,0.13816300129366105,False,False
0.1582884052832679,2990,448,342,85,0.15947467166979362,0.19906323185011709,0.17708333333333331,0.86969168121000584,0.13790426908150064,False,False
0.15835812677026895,2991,447,342,85,0.15977443609022557,0.19906323185011709,0.17726798748696559,0.86998254799301922,0.13764553686934022,False,False
0.15844513891282891,2992,446,342,85,0.160075329566855,0.19906323185011709,0.17745302713987474,0.87027341477603259,0.13738680465717981,False,False
0.15867175172794293,2993,445,342,85,0.16037735849056603,0.19906323185011709,0.17763845350052246,0.87056428155904597,0.1371280724450194,False,False
0.15887158183084674,2994,444,342,85,0.16068052930056712,0.19906323185011709,0.17782426778242683,0.87085514834205935,0.13686934023285899,False,False
0.15914765614652313,2994,444,343,84,0.15909090909090909,0.19672131147540983,0.17591623036649215,0.87085514834205935,0.13661060802069858,False,False
0.15936708625908627,2995,443,343,84,0.15939278937381404,0.19672131147540983,0.1761006289308176,0.87114601512507273,0.13635187580853816,False,False
0.15950579250661051,2996,442,343,84,0.1596958174904943,0.19672131147540983,0.1762854144805876,0.8714368819080861,0.13609314359637775,False,False
0.15961091519970241,2997,441,343,84,0.16,0.19672131147540983,0.1764705882352941,0.87172774869109948,0.13583441138421734,False,False
0.15967995484814348,2998,440,343,84,0.16030534351145037,0.19672131147540983,0.17665615141955837,0.87201861547411286,0.13557567917205693,False,False
0.15972493962565895,2999,439,343,84,0.16061185468451242,0.19672131147540983,0.17684210526315786,0.87230948225712623,0.13531694695989652,False,False
0.15975583218848705,3000,438,343,84,0.16091954022988506,0.19672131147540983,0.17702845100105372,0.87260034904013961,0.13505821474773611,False,False
0.15978909717712178,3001,437,343,84,0.16122840690978887,0.19672131147540983,0.17721518987341772,0.87289121582315299,0.13479948253557567,False,False
0.15981057415162078,3002,436,343,84,0.16153846153846155,0.19672131147540983,0.17740232312565998,0.87318208260616637,0.13454075032341525,False,False
0.15996689462010727,3003,435,343,84,0.16184971098265896,0.19672131147540983,0.17758985200845664,0.87347294938917974,0.13428201811125484,False,False
0.16002824263836884,3004,434,343,84,0.16216216216216217,0.19672131147540983,0.17777777777777776,0.87376381617219312,0.13402328589909443,False,False
0.16006789391587176,3005,433,343,84,0.16247582205029013,0.19672131147540983,0.17796610169491528,0.8740546829552065,0.13376455368693402,False,False
0.16007917385524964,3006,432,343,84,0.16279069767441862,0.19672131147540983,0.17815482502651114,0.87434554973821987,0.13350582147477361,False,False
0.16015462947274989,3007,431,343,84,0.16310679611650486,0.19672131147540983,0.17834394904458598,0.87463641652123325,0.13324708926261319,False,False
0.1602002441924662,3008,430,343,84,0.16342412451361868,0.19672131147540983,0.1785334750265675,0.87492728330424663,0.13298835705045278,False,False
0.16020060870787048,3009,429,343,84,0.16374269005847952,0.19672131147540983,0.17872340425531913,0.87521815008726001,0.13272962483829237,False,False
0.16031929780916751,3010,428,343,84,0.1640625,0.19672131147540983,0.17891373801916935,0.87550901687027338,0.13247089262613196,False,False
0.16040312425794889,3011,427,343,84,0.16438356164383561,0.19672131147540983,0.17910447761194029,0.87579988365328676,0.13221216041397155,False,False
0.16048240175181328,3012,426,343,84,0.16470588235294117,0.19672131147540983,0.17929562433297758,0.87609075043630014,0.13195342820181113,False,False
0.16049338360206575,3013,425,343,84,0.16502946954813361,0.19672131147540983,0.17948717948717952,0.87638161721931351,0.13169469598965072,False,False
0.16049447142833592,3013,425,344,83,0.16338582677165353,0.19437939110070257,0.17754010695187167,0.87638161721931351,0.13143596377749031,False,False
0.16060539730392059,3014,424,344,83,0.16370808678500987,0.19437939110070257,0.17773019271948606,0.87667248400232689,0.13117723156532987,False,False
0.16061302623462251,3014,424,345,82,0.16205533596837945,0.19203747072599531,0.17577706323687031,0.87667248400232689,0.13091849935316946,False,False
0.16063901201369962,3015,423,345,82,0.16237623762376238,0.19203747072599531,0.17596566523605148,0.87696335078534027,0.13065976714100905,False,False
0.16063930489113185,3016,422,345,82,0.1626984126984127,0.19203747072599531,0.17615467239527391,0.87725421756835364,0.13040103492884864,False,False
0.16066350731776491,3016,422,346,81,0.1610337972166998,0.18969555035128804,0.17419354838709677,0.87725421756835364,0.13014230271668822,False,False
0.16072999516111128,3016,422,347,80,0.15936254980079681,0.18735362997658081,0.17222820236813779,0.87725421756835364,0.12988357050452781,False,False
0.16074930554739708,3016,422,348,79,0.15768463073852296,0.18501170960187355,0.17025862068965517,0.87725421756835364,0.1296248382923674,False,False
0.16096591474568597,3017,421,348,79,0.158,0.18501170960187355,0.17044228694714131,0.87754508435136702,0.12936610608020699,False,False
0.16097293854239497,3018,420,348,79,0.15831663326653306,0.18501170960187355,0.17062634989200864,0.8778359511343804,0.12910737386804658,False,False
0.16099210559582255,3019,419,348,79,0.15863453815261044,0.18501170960187355,0.17081081081081081,0.87812681791739389,0.12884864165588616,False,False
0.16100949904856815,3019,419,349,78,0.15694164989939638,0.18266978922716628,0.16883116883116883,0.87812681791739389,0.12858990944372575,False,False
0.16105308944116195,3020,418,349,78,0.15725806451612903,0.18266978922716628,0.16901408450704228,0.87841768470040726,0.12833117723156534,False,False
0.16106773856352155,3021,417,349,78,0.15757575757575756,0.18266978922716628,0.16919739696312364,0.87870855148342064,0.12807244501940493,False,False
0.16110747234991141,3022,416,349,78,0.15789473684210525,0.18266978922716628,0.16938110749185664,0.87899941826643402,0.12781371280724449,False,False
0.16118530153697885,3023,415,349,78,0.15821501014198783,0.18266978922716628,0.16956521739130434,0.8792902850494474,0.12755498059508408,False,False
0.16121955566983356,3024,414,349,78,0.15853658536585366,0.18266978922716628,0.16974972796517954,0.87958115183246077,0.12729624838292367,False,False
0.16122548972033768,3025,413,349,78,0.15885947046843177,0.18266978922716628,0.16993464052287582,0.87987201861547415,0.12703751617076325,False,False
0.16127272237892387,3026,412,349,78,0.15918367346938775,0.18266978922716628,0.17011995637949837,0.88016288539848753,0.12677878395860284,False,False
0.16152175871495303,3027,411,349,78,0.15950920245398773,0.18266978922716628,0.1703056768558952,0.8804537521815009,0.12652005174644243,False,False
0.16166027030031324,3028,410,349,78,0.1598360655737705,0.18266978922716628,0.17049180327868854,0.88074461896451428,0.12626131953428202,False,False
0.16187245970203229,3028,410,350,77,0.15811088295687886,0.18032786885245902,0.16849015317286653,0.88074461896451428,0.12600258732212161,False,False
0.16199332535583724,3028,410,351,76,0.15637860082304528,0.17798594847775176,0.16648411829134718,0.88074461896451428,0.12574385510996119,False,False
0.16201593857829127,3029,409,351,76,0.15670103092783505,0.17798594847775176,0.16666666666666669,0.88103548574752766,0.12548512289780078,False,False
0.16206769923837666,3030,408,351,76,0.15702479338842976,0.17798594847775176,0.16684961580680571,0.88132635253054104,0.12522639068564037,False,False
0.16214324859780721,3031,407,351,76,0.15734989648033126,0.17798594847775176,0.16703296703296705,0.88161721931355441,0.12496765847347995,False,False
0.16215298977257728,3032,406,351,76,0.15767634854771784,0.17798594847775176,0.16721672167216722,0.88190808609656779,0.12470892626131953,False,False
0.16230263230093983,3033,405,351,76,0.15800415800415801,0.17798594847775176,0.16740088105726875,0.88219895287958117,0.12445019404915912,False,False
0.16242548594052639,3034,404,351,76,0.15833333333333333,0.17798594847775176,0.16758544652701213,0.88248981966259454,0.12419146183699871,False,False
0.16248348269005972,3034,404,352,75,0.15657620041753653,0.1756440281030445,0.16556291390728475,0.88248981966259454,0.1239327296248383,False,False
0.16257642611255574,3035,403,352,75,0.15690376569037656,0.1756440281030445,0.16574585635359118,0.88278068644560792,0.12367399741267787,False,False
0.16257886905560698,3036,402,352,75,0.15723270440251572,0.1756440281030445,0.16592920353982299,0.8830715532286213,0.12341526520051746,False,False
0.16260725137531659,3037,401,352,75,0.15756302521008403,0.1756440281030445,0.16611295681063123,0.88336242001163467,0.12315653298835705,False,False
0.16309429233891895,3038,400,352,75,0.15789473684210525,0.1756440281030445,0.16629711751662971,0.88365328679464805,0.12289780077619664,False,False
0.16309482215936022,3039,399,352,75,0.15822784810126583,0.1756440281030445,0.16648168701442842,0.88394415357766143,0.12263906856403622,False,False
0.16312474437126348,3040,398,352,75,0.15856236786469344,0.1756440281030445,0.16666666666666666,0.88423502036067481,0.12238033635187581,False,False
0.16333086626888008,3041,397,352,75,0.15889830508474576,0.1756440281030445,0.16685205784204674,0.88452588714368818,0.1221216041397154,False,False
0.16345029335223396,3041,397,353,74,0.15711252653927812,0.17330210772833723,0.16481069042316257,0.88452588714368818,0.12186287192755497,False,False
0.1635382209734344,3041,397,354,73,0.15531914893617021,0.17096018735362997,0.16276477146042362,0.88452588714368818,0.12160413971539456,False,False
0.16376765045976191,3042,396,354,73,0.15565031982942432,0.17096018735362997,0.16294642857142858,0.88481675392670156,0.12134540750323415,False,False
0.16376962143246765,3043,395,354,73,0.15598290598290598,0.17096018735362997,0.16312849162011173,0.88510762070971494,0.12108667529107374,False,False
0.16383284037583132,3044,394,354,73,0.15631691648822268,0.17096018735362997,0.16331096196868009,0.88539848749272831,0.12082794307891333,False,False
0.16391378438445761,3045,393,354,73,0.15665236051502146,0.17096018735362997,0.16349384098544231,0.88568935427574169,0.12056921086675292,False,False
0.16396948178926513,3046,392,354,73,0.15698924731182795,0.17096018735362997,0.16367713004484305,0.88598022105875507,0.1203104786545925,False,False
0.16401203290777841,3047,391,354,73,0.15732758620689655,0.17096018735362997,0.16386083052749717,0.88627108784176845,0.12005174644243208,False,False
0.16417932105039598,3048,390,354,73,0.15766738660907129,0.17096018735362997,0.16404494382022472,0.88656195462478182,0.11979301423027167,False,False
0.164273910385176,3049,389,354,73,0.15800865800865802,0.17096018735362997,0.16422947131608548,0.8868528214077952,0.11953428201811125,False,False
0.16432369397756444,3050,388,354,73,0.15835140997830802,0.17096018735362997,0.1644144144144144,0.88714368819080858,0.11927554980595084,False,False
0.16448801396916332,3051,387,354,73,0.15869565217391304,0.17096018735362997,0.16459977452085683,0.88743455497382195,0.11901681759379043,False,False
0.16448973964087191,3052,386,354,73,0.15904139433551198,0.17096018735362997,0.16478555304740405,0.88772542175683533,0.11875808538163002,False,False
0.16453982913120901,3053,385,354,73,0.15938864628820962,0.17096018735362997,0.16497175141242937,0.88801628853984871,0.11849935316946959,False,False
0.16465830676989268,3054,384,354,73,0.15973741794310722,0.17096018735362997,0.16515837104072398,0.88830715532286209,0.11824062095730918,False,False
0.16466123674349159,3055,383,354,73,0.16008771929824561,0.17096018735362997,0.16534541336353342,0.88859802210587546,0.11798188874514877,False,False
0.16468150455319364,3056,382,354,73,0.16043956043956045,0.17096018735362997,0.1655328798185941,0.88888888888888884,0.11772315653298836,False,False
0.16471268723159269,3057,381,354,73,0.16079295154185022,0.17096018735362997,0.16572077185017026,0.88917975567190222,0.11746442432082795,False,False
0.16474628841764824,3058,380,354,73,0.16114790286975716,0.17096018735362997,0.16590909090909089,0.88947062245491559,0.11720569210866753,False,False
0.16478209424920665,3059,379,354,73,0.16150442477876106,0.17096018735362997,0.16609783845278725,0.88976148923792908,0.11694695989650712,False,False
0.16484539875150542,3060,378,354,73,0.16186252771618626,0.17096018735362997,0.16628701594533032,0.89005235602094246,0.1166882276843467,False,False
0.16487815238014,3061,377,354,73,0.16222222222222221,0.17096018735362997,0.16647662485746861,0.89034322280395584,0.11642949547218628,False,False
0.16494931314648298,3062,376,354,73,0.16258351893095768,0.17096018735362997,0.16666666666666669,0.89063408958696921,0.11617076326002587,False,False
0.16513358513062146,3063,375,354,73,0.16294642857142858,0.17096018735362997,0.16685714285714284,0.89092495636998259,0.11591203104786546,False,False
0.16517433891343802,3064,374,354,73,0.16331096196868009,0.17096018735362997,0.16704805491990846,0.89121582315299597,0.11565329883570505,False,False
0.1652839185064636,3064,374,355,72,0.16143497757847533,0.16861826697892271,0.16494845360824742,0.89121582315299597,0.11539456662354464,False,False
0.16529892831628834,3065,373,355,72,0.16179775280898875,0.16861826697892271,0.16513761467889909,0.89150668993600934,0.11513583441138421,False,False
0.16547495595141617,3066,372,355,72,0.16216216216216217,0.16861826697892271,0.16532721010332954,0.89179755671902272,0.1148771021992238,False,False
0.16551413372606499,3067,371,355,72,0.16252821670428894,0.16861826697892271,0.16551724137931034,0.8920884235020361,0.11461836998706339,False,False
0.16556401699574494,3068,370,355,72,0.16289592760180996,0.16861826697892271,0.16570771001150747,0.89237929028504948,0.11435963777490298,False,False
0.16560335411871824,3069,369,355,72,0.16326530612244897,0.16861826697892271,0.16589861751152074,0.89267015706806285,0.11410090556274256,False,False
0.16596616666420269,3069,369,356,71,0.16136363636363638,0.16627634660421545,0.16378316032295273,0.89267015706806285,0.11384217335058215,False,False
0.1660053621452981,3070,368,356,71,0.16173120728929385,0.16627634660421545,0.16397228637413394,0.89296102385107623,0.11358344113842174,False,False
0.16605011473715187,3071,367,356,71,0.16210045662100456,0.16627634660421545,0.16416184971098266,0.89325189063408961,0.11332470892626131,False,False
0.16607963778652671,3071,367,357,70,0.16018306636155608,0.16393442622950818,0.16203703703703703,0.89325189063408961,0.1130659767141009,False,False
0.16614987632026895,3072,366,357,70,0.16055045871559634,0.16393442622950818,0.16222479721900349,0.89354275741710298,0.11280724450194049,False,False
0.16631657155002291,3073,365,357,70,0.16091954022988506,0.16393442622950818,0.16241299303944315,0.89383362420011636,0.11254851228978008,False,False
0.16631725416511534,3074,364,357,70,0.16129032258064516,0.16393442622950818,0.16260162601626016,0.89412449098312974,0.11228978007761967,False,False
0.16650346591045309,3075,363,357,70,0.16166281755196305,0.16393442622950818,0.16279069767441859,0.89441535776614312,0.11203104786545925,False,False
0.16673488219102658,3076,362,357,70,0.16203703703703703,0.16393442622950818,0.16298020954598369,0.89470622454915649,0.11177231565329883,False,False
0.16676827548566778,3077,361,357,70,0.16241299303944315,0.16393442622950818,0.16317016317016317,0.89499709133216987,0.11151358344113842,False,False
0.16700520555484177,3078,360,357,70,0.16279069767441862,0.16393442622950818,0.16336056009334887,0.89528795811518325,0.11125485122897801,False,False
0.16704748170903397,3078,360,358,69,0.16083916083916083,0.16159250585480095,0.16121495327102806,0.89528795811518325,0.11099611901681759,False,False
0.16727564790951038,3079,359,358,69,0.16121495327102803,0.16159250585480095,0.16140350877192983,0.89557882489819662,0.11073738680465718,False,False
0.16738152424390693,3080,358,358,69,0.16159250585480095,0.16159250585480095,0.16159250585480095,0.89586969168121,0.11047865459249677,False,False
0.16744293280485562,3081,357,358,69,0.1619718309859155,0.16159250585480095,0.16178194607268465,0.89616055846422338,0.11021992238033636,False,False
0.16750611975311722,3082,356,358,69,0.16235294117647059,0.16159250585480095,0.1619718309859155,0.89645142524723676,0.10996119016817593,False,False
0.16752154483858947,3083,355,358,69,0.16273584905660377,0.16159250585480095,0.16216216216216217,0.89674229203025013,0.10970245795601552,False,False
0.16758731591539594,3084,354,358,69,0.16312056737588654,0.16159250585480095,0.16235294117647062,0.89703315881326351,0.10944372574385511,False,False
0.16774494991224814,3085,353,358,69,0.16350710900473933,0.16159250585480095,0.16254416961130741,0.89732402559627689,0.1091849935316947,False,False
0.16776585908462691,3086,352,358,69,0.16389548693586697,0.16159250585480095,0.16273584905660377,0.89761489237929026,0.10892626131953428,False,False
0.16788491244928644,3087,351,358,69,0.16428571428571428,0.16159250585480095,0.16292798110979928,0.89790575916230364,0.10866752910737387,False,False
0.16803165702749609,3088,350,358,69,0.16467780429594273,0.16159250585480095,0.16312056737588651,0.89819662594531702,0.10840879689521346,False,False
0.16806577050576327,3089,349,358,69,0.16507177033492823,0.16159250585480095,0.16331360946745566,0.89848749272833039,0.10815006468305303,False,False
0.16814926749053319,3090,348,358,69,0.16546762589928057,0.16159250585480095,0.16350710900473933,0.89877835951134377,0.10789133247089262,False,False
0.16821112106933164,3091,347,358,69,0.16586538461538461,0.16159250585480095,0.16370106761565836,0.89906922629435715,0.10763260025873221,False,False
0.1686669228406128,3092,346,358,69,0.16626506024096385,0.16159250585480095,0.163895486935867,0.89936009307737053,0.1073738680465718,False,False
0.16870544979177821,3093,345,358,69,0.16666666666666666,0.16159250585480095,0.16409036860879905,0.8996509598603839,0.10711513583441139,False,False
0.1687615661789991,3094,344,358,69,0.16707021791767554,0.16159250585480095,0.16428571428571428,0.89994182664339728,0.10685640362225098,False,False
0.16888879509815238,3095,343,358,69,0.16747572815533981,0.16159250585480095,0.16448152562574497,0.90023269342641066,0.10659767141009055,False,False
0.16893213978694438,3096,342,358,69,0.16788321167883211,0.16159250585480095,0.16467780429594273,0.90052356020942403,0.10633893919793014,False,False
0.1689835352270784,3097,341,358,69,0.16829268292682928,0.16159250585480095,0.16487455197132619,0.90081442699243741,0.10608020698576973,False,False
0.16901443833654906,3098,340,358,69,0.1687041564792176,0.16159250585480095,0.16507177033492823,0.90110529377545079,0.10582147477360931,False,False
0.16907467447893676,3099,339,358,69,0.16911764705882354,0.16159250585480095,0.16526946107784432,0.90139616055846428,0.1055627425614489,False,False
0.16922962579461912,3099,339,359,68,0.16707616707616707,0.15925058548009369,0.16306954436450841,0.90139616055846428,0.10530401034928849,False,False
0.16923100496283536,3100,338,359,68,0.16748768472906403,0.15925058548009369,0.16326530612244899,0.90168702734147765,0.10504527813712808,False,False
0.16964756450527393,3101,337,359,68,0.16790123456790124,0.15925058548009369,0.16346153846153846,0.90197789412449103,0.10478654592496765,False,False
0.16981592563042142,3102,336,359,68,0.16831683168316833,0.15925058548009369,0.16365824308062579,0.90226876090750441,0.10452781371280724,False,False
0.1698468314278497,3103,335,359,68,0.16873449131513649,0.15925058548009369,0.16385542168674702,0.90255962769051779,0.10426908150064683,False,False
0.17007724238908437,3104,334,359,68,0.1691542288557214,0.15925058548009369,0.16405307599517494,0.90285049447353116,0.10401034928848642,False,False
0.17020977522987538,3105,333,359,68,0.16957605985037408,0.15925058548009369,0.16425120772946861,0.90314136125654454,0.10375161707632601,False,False
0.17028975152050518,3106,332,359,68,0.17000000000000001,0.15925058548009369,0.16444981862152361,0.90343222803955792,0.10349288486416559,False,False
0.17031353278832445,3107,331,359,68,0.17042606516290726,0.15925058548009369,0.16464891041162227,0.90372309482257129,0.10323415265200517,False,False
0.17033499174752176,3108,330,359,68,0.17085427135678391,0.15925058548009369,0.16484848484848486,0.90401396160558467,0.10297542043984476,False,False
0.1703727344266168,3109,329,359,68,0.1712846347607053,0.15925058548009369,0.16504854368932043,0.90430482838859805,0.10271668822768434,False,False
0.17051291882984257,3110,328,359,68,0.17171717171717171,0.15925058548009369,0.16524908869987848,0.90459569517161142,0.10245795601552393,False,False
0.17053733857471978,3111,327,359,68,0.17215189873417722,0.15925058548009369,0.16545012165450124,0.9048865619546248,0.10219922380336352,False,False
0.17103948787377035,3112,326,359,68,0.17258883248730963,0.15925058548009369,0.16565164433617538,0.90517742873763818,0.10194049159120311,False,False
0.17116431656991946,3113,325,359,68,0.17302798982188294,0.15925058548009369,0.16585365853658537,0.90546829552065156,0.1016817593790427,False,False
0.17120770145169367,3114,324,359,68,0.17346938775510204,0.15925058548009369,0.16605616605616605,0.90575916230366493,0.10142302716688227,False,False
0.17127223016576579,3114,324,360,67,0.17135549872122763,0.15690866510538642,0.16381418092909536,0.90575916230366493,0.10116429495472186,False,False
0.17130359020347105,3115,323,360,67,0.1717948717948718,0.15690866510538642,0.16401468788249693,0.90605002908667831,0.10090556274256145,False,False
0.17130821821251049,3116,322,360,67,0.17223650385604114,0.15690866510538642,0.16421568627450983,0.90634089586969169,0.10064683053040104,False,False
0.17131927973925765,3116,322,361,66,0.17010309278350516,0.15456674473067916,0.16196319018404909,0.90634089586969169,0.10038809831824062,False,False
0.17143272696222006,3117,321,361,66,0.17054263565891473,0.15456674473067916,0.16216216216216214,0.90663176265270506,0.10012936610608021,False,False
0.17152558089470971,3118,320,361,66,0.17098445595854922,0.15456674473067916,0.16236162361623616,0.90692262943571844,0.0998706338939198,False,False
0.17155698619045903,3119,319,361,66,0.17142857142857143,0.15456674473067916,0.1625615763546798,0.90721349621873182,0.099611901681759374,False,False
0.17157432307944215,3120,318,361,66,0.171875,0.15456674473067916,0.16276202219482122,0.9075043630017452,0.099353169469598962,False,False
0.171632604627031,3121,317,361,66,0.17232375979112272,0.15456674473067916,0.16296296296296295,0.90779522978475857,0.09909443725743855,False,False
0.17169359789099156,3122,316,361,66,0.17277486910994763,0.15456674473067916,0.16316440049443759,0.90808609656777195,0.098835705045278138,False,False
0.1717766449591859,3123,315,361,66,0.17322834645669291,0.15456674473067916,0.16336633663366337,0.90837696335078533,0.098576972833117726,False,False
0.17184561560182096,3124,314,361,66,0.1736842105263158,0.15456674473067916,0.16356877323420074,0.9086678301337987,0.098318240620957315,False,False
0.17189561542747753,3125,313,361,66,0.17414248021108181,0.15456674473067916,0.16377171215880895,0.90895869691681208,0.098059508408796889,False,False
0.17189853465354496,3126,312,361,66,0.17460317460317459,0.15456674473067916,0.1639751552795031,0.90924956369982546,0.097800776196636477,False,False
0.17190797626624846,3126,312,362,65,0.17241379310344829,0.1522248243559719,0.16169154228855723,0.90924956369982546,0.097542043984476065,False,False
0.17203454962335682,3127,311,362,65,0.17287234042553193,0.1522248243559719,0.16189290161892902,0.90954043048283884,0.097283311772315653,False,False
0.17209691972942981,3128,310,362,65,0.17333333333333334,0.1522248243559719,0.16209476309226933,0.90983129726585221,0.097024579560155241,False,False
0.17220648350631815,3129,309,362,65,0.17379679144385027,0.1522248243559719,0.16229712858926343,0.91012216404886559,0.096765847347994829,False,False
0.17261746684758428,3130,308,362,65,0.17426273458445041,0.1522248243559719,0.16250000000000001,0.91041303083187897,0.096507115135834418,False,False
0.17267324265483691,3131,307,362,65,0.17473118279569894,0.1522248243559719,0.16270337922403005,0.91070389761489234,0.096248382923673992,False,False
0.17289050031394843,3132,306,362,65,0.17520215633423181,0.1522248243559719,0.16290726817042606,0.91099476439790572,0.09598965071151358,False,False
0.17301488074575222,3132,306,363,64,0.17297297297297298,0.14988290398126464,0.16060225846925974,0.91099476439790572,0.095730918499353168,False,False
0.17304603912064659,3133,305,363,64,0.17344173441734417,0.14988290398126464,0.16080402010050251,0.9112856311809191,0.095472186287192756,False,False
0.17312711398809716,3134,304,363,64,0.17391304347826086,0.14988290398126464,0.16100628930817609,0.91157649796393247,0.095213454075032344,False,False
0.17315838228602148,3135,303,363,64,0.17438692098092642,0.14988290398126464,0.16120906801007559,0.91186736474694585,0.094954721862871933,False,False
0.17326264831212163,3136,302,363,64,0.17486338797814208,0.14988290398126464,0.16141235813366958,0.91215823152995923,0.094695989650711507,False,False
0.17337275950644709,3137,301,363,64,0.17534246575342466,0.14988290398126464,0.1616161616161616,0.91244909831297261,0.094437257438551095,False,False
0.1733884423026272,3137,301,364,63,0.17307692307692307,0.14754098360655737,0.15929203539823009,0.91244909831297261,0.094178525226390683,False,False
0.17345074195682847,3138,300,364,63,0.17355371900826447,0.14754098360655737,0.15949367088607594,0.91273996509598598,0.093919793014230271,False,False
0.17361440978816675,3138,300,365,62,0.17127071823204421,0.14519906323185011,0.15716096324461343,0.91273996509598598,0.093661060802069859,False,False
0.17363574946173616,3139,299,365,62,0.17174515235457063,0.14519906323185011,0.15736040609137059,0.91303083187899947,0.093402328589909447,False,False
0.1739188066766581,3140,298,365,62,0.17222222222222222,0.14519906323185011,0.15756035578144853,0.91332169866201285,0.093143596377749036,False,False
0.17393552541182528,3141,297,365,62,0.17270194986072424,0.14519906323185011,0.15776081424936386,0.91361256544502623,0.09288486416558861,False,False
0.17394629904319514,3142,296,365,62,0.17318435754189945,0.14519906323185011,0.15796178343949044,0.9139034322280396,0.092626131953428198,False,False
0.17397333120058239,3143,295,365,62,0.17366946778711484,0.14519906323185011,0.15816326530612243,0.91419429901105298,0.092367399741267786,False,False
0.17399845086212384,3144,294,365,62,0.17415730337078653,0.14519906323185011,0.15836526181353766,0.91448516579406636,0.092108667529107374,False,False
0.17400537778203459,3145,293,365,62,0.17464788732394365,0.14519906323185011,0.15856777493606139,0.91477603257707973,0.091849935316946962,False,False
0.17403409607372625,3146,292,365,62,0.1751412429378531,0.14519906323185011,0.15877080665813062,0.91506689936009311,0.09159120310478655,False,False
0.17463309716446976,3147,291,365,62,0.17563739376770537,0.14519906323185011,0.15897435897435896,0.91535776614310649,0.091332470892626139,False,False
0.17464735181321481,3148,290,365,62,0.17613636363636365,0.14519906323185011,0.15917843388960207,0.91564863292611987,0.091073738680465713,False,False
0.17470319196827042,3149,289,365,62,0.17663817663817663,0.14519906323185011,0.15938303341902313,0.91593949970913324,0.090815006468305301,False,False
0.17472802995886369,3150,288,365,62,0.17714285714285713,0.14519906323185011,0.15958815958815958,0.91623036649214662,0.090556274256144889,False,False
0.17478182725052882,3151,287,365,62,0.17765042979942694,0.14519906323185011,0.15979381443298968,0.91652123327516,0.090297542043984477,False,False
0.1747996762036173,3152,286,365,62,0.17816091954022989,0.14519906323185011,0.16,0.91681210005817337,0.090038809831824065,False,False
0.17491800886314424,3153,285,365,62,0.17867435158501441,0.14519906323185011,0.16020671834625325,0.91710296684118675,0.089780077619663654,False,False
0.17501229109799382,3154,284,365,62,0.1791907514450867,0.14519906323185011,0.16041397153945663,0.91739383362420013,0.089521345407503228,False,False
0.17503964311239806,3155,283,365,62,0.17971014492753623,0.14519906323185011,0.16062176165803108,0.91768470040721351,0.089262613195342816,False,False
0.17512040481657126,3156,282,365,62,0.18023255813953487,0.14519906323185011,0.16083009079118027,0.91797556719022688,0.089003880983182404,False,False
0.17513033316207105,3157,281,365,62,0.18075801749271136,0.14519906323185011,0.16103896103896104,0.91826643397324026,0.088745148771021992,False,False
0.17519801982944658,3158,280,365,62,0.18128654970760233,0.14519906323185011,0.16124837451235371,0.91855730075625364,0.08848641655886158,False,False
0.17521017659145255,3159,279,365,62,0.18181818181818182,0.14519906323185011,0.16145833333333334,0.91884816753926701,0.088227684346701168,False,False
0.17522783129822853,3160,278,365,62,0.18235294117647058,0.14519906323185011,0.16166883963494133,0.91913903432228039,0.087968952134540757,False,False
0.17524074425202044,3161,277,365,62,0.18289085545722714,0.14519906323185011,0.16187989556135771,0.91942990110529377,0.087710219922380331,False,False
0.17524194251507183,3161,277,366,61,0.18047337278106509,0.14285714285714285,0.15947712418300655,0.91942990110529377,0.087451487710219919,False,False
0.17525817393309509,3162,276,366,61,0.18100890207715134,0.14285714285714285,0.15968586387434555,0.91972076788830714,0.087192755498059507,False,False
0.17536025424183244,3162,276,367,60,0.17857142857142858,0.14051522248243559,0.15727391874180865,0.91972076788830714,0.086934023285899095,False,False
0.17537840908904861,3162,276,368,59,0.17611940298507461,0.13817330210772832,0.15485564304461941,0.91972076788830714,0.086675291073738683,False,False
0.17561936717988599,3163,275,368,59,0.17664670658682635,0.13817330210772832,0.1550591327201051,0.92001163467132052,0.086416558861578271,False,False
0.1756599504418592,3164,274,368,59,0.17717717717717718,0.13817330210772832,0.15526315789473683,0.9203025014543339,0.086157826649417846,False,False
0.17572239402589782,3165,273,368,59,0.17771084337349397,0.13817330210772832,0.15546772068511197,0.92059336823734728,0.085899094437257434,False,False
0.1757245119115457,3166,272,368,59,0.1782477341389728,0.13817330210772832,0.15567282321899734,0.92088423502036065,0.085640362225097022,False,False
0.17576061344965704,3167,271,368,59,0.1787878787878788,0.13817330210772832,0.15587846763540292,0.92117510180337403,0.08538163001293661,False,False
0.17590983562685233,3168,270,368,59,0.17933130699088146,0.13817330210772832,0.15608465608465608,0.92146596858638741,0.085122897800776198,False,False
0.17610519343914527,3169,269,368,59,0.1798780487804878,0.13817330210772832,0.15629139072847681,0.92175683536940078,0.084864165588615786,False,False
0.17615404924437028,3170,268,368,59,0.18042813455657492,0.13817330210772832,0.15649867374005305,0.92204770215241416,0.084605433376455375,False,False
0.17618229408482322,3171,267,368,59,0.18098159509202455,0.13817330210772832,0.15670650730411687,0.92233856893542754,0.084346701164294949,False,False
0.17618786361254779,3172,266,368,59,0.18153846153846154,0.13817330210772832,0.15691489361702127,0.92262943571844092,0.084087968952134537,False,False
0.17635634258414445,3173,265,368,59,0.18209876543209877,0.13817330210772832,0.15712383488681758,0.92292030250145429,0.083829236739974125,False,False
0.17639729080353209,3174,264,368,59,0.1826625386996904,0.13817330210772832,0.15733333333333333,0.92321116928446767,0.083570504527813713,False,False
0.17640858283380398,3175,263,368,59,0.18322981366459629,0.13817330210772832,0.157543391188251,0.92350203606748105,0.083311772315653301,False,False
0.17662162738530987,3176,262,368,59,0.18380062305295949,0.13817330210772832,0.15775401069518719,0.92379290285049442,0.083053040103492889,False,False
0.17666438786819635,3177,261,368,59,0.18437500000000001,0.13817330210772832,0.15796519410977242,0.9240837696335078,0.082794307891332478,False,False
0.1774155325271084,3178,260,368,59,0.18495297805642633,0.13817330210772832,0.15817694369973187,0.92437463641652118,0.082535575679172052,False,False
0.17752698734511901,3178,260,369,58,0.18238993710691823,0.13583138173302109,0.15570469798657718,0.92437463641652118,0.08227684346701164,False,False
0.17759104257274355,3179,259,369,58,0.18296529968454259,0.13583138173302109,0.15591397849462366,0.92466550319953467,0.082018111254851228,False,False
0.17787476075391059,3180,258,369,58,0.18354430379746836,0.13583138173302109,0.15612382234185734,0.92495636998254804,0.081759379042690816,False,False
0.17797245830868147,3181,257,369,58,0.18412698412698414,0.13583138173302109,0.15633423180592992,0.92524723676556142,0.081500646830530404,False,False
0.17800520434762845,3181,257,370,57,0.18152866242038215,0.13348946135831383,0.15384615384615385,0.92524723676556142,0.081241914618369993,False,False
0.17812252563452866,3181,257,371,56,0.17891373801916932,0.13114754098360656,0.15135135135135136,0.92524723676556142,0.080983182406209567,False,False
0.17812716908793738,3182,256,371,56,0.17948717948717949,0.13114754098360656,0.15155615696887687,0.9255381035485748,0.080724450194049155,False,False
0.17833347646506287,3183,255,371,56,0.18006430868167203,0.13114754098360656,0.15176151761517617,0.92582897033158817,0.080465717981888743,False,False
0.17844148447471198,3184,254,371,56,0.18064516129032257,0.13114754098360656,0.1519674355495251,0.92611983711460155,0.080206985769728331,False,False
0.17874266703474276,3184,254,372,55,0.17799352750809061,0.1288056206088993,0.1494565217391304,0.92611983711460155,0.079948253557567919,False,False
0.17876935317629764,3184,254,373,54,0.17532467532467533,0.12646370023419204,0.14693877551020407,0.92611983711460155,0.079689521345407507,False,False
0.17883064679113805,3185,253,373,54,0.1758957654723127,0.12646370023419204,0.14713896457765668,0.92641070389761493,0.079430789133247096,False,False
0.17885479764927698,3186,252,373,54,0.17647058823529413,0.12646370023419204,0.14733969986357434,0.92670157068062831,0.07917205692108667,False,False
0.17894363151578371,3187,251,373,54,0.17704918032786884,0.12646370023419204,0.14754098360655737,0.92699243746364168,0.078913324708926258,False,False
0.17902619264837838,3188,250,373,54,0.17763157894736842,0.12646370023419204,0.14774281805745557,0.92728330424665506,0.078654592496765846,False,False
0.1793224044793322,3188,250,374,53,0.17491749174917492,0.12412177985948478,0.14520547945205478,0.92728330424665506,0.078395860284605434,False,False
0.17937403119121953,3189,249,374,53,0.17549668874172186,0.12412177985948478,0.14540466392318244,0.92757417102966844,0.078137128072445022,False,False
0.17944988873167597,3190,248,374,53,0.17607973421926909,0.12412177985948478,0.14560439560439561,0.92786503781268181,0.07787839586028461,False,False
0.17949784792968501,3190,248,375,52,0.17333333333333334,0.12177985948477751,0.14305364511691884,0.92786503781268181,0.077619663648124185,False,False
0.17975902942465952,3191,247,375,52,0.17391304347826086,0.12177985948477751,0.14325068870523414,0.92815590459569519,0.077360931435963773,False,False
0.1802371401333448,3191,247,376,51,0.17114093959731544,0.11943793911007025,0.1406896551724138,0.92815590459569519,0.077102199223803361,False,False
0.18035123058824681,3192,246,376,51,0.17171717171717171,0.11943793911007025,0.14088397790055246,0.92844677137870857,0.076843467011642949,False,False
0.18059165042667141,3193,245,376,51,0.17229729729729729,0.11943793911007025,0.14107883817427386,0.92873763816172195,0.076584734799482537,False,False
0.18063058307660901,3194,244,376,51,0.17288135593220338,0.11943793911007025,0.14127423822714683,0.92902850494473532,0.076326002587322125,False,False
0.18101510653832398,3195,243,376,51,0.17346938775510204,0.11943793911007025,0.14147018030513175,0.9293193717277487,0.076067270375161714,False,False
0.18104982322851199,3196,242,376,51,0.17406143344709898,0.11943793911007025,0.14166666666666666,0.92961023851076208,0.075808538163001288,False,False
0.18136434736689633,3197,241,376,51,0.17465753424657535,0.11943793911007025,0.14186369958275383,0.92990110529377545,0.075549805950840876,False,False
0.18161470929400261,3198,240,376,51,0.17525773195876287,0.11943793911007025,0.14206128133704737,0.93019197207678883,0.075291073738680464,False,False
0.18161587497163015,3199,239,376,51,0.17586206896551723,0.11943793911007025,0.14225941422594143,0.93048283885980221,0.075032341526520052,False,False
0.18175691875397995,3200,238,376,51,0.17647058823529413,0.11943793911007025,0.14245810055865921,0.93077370564281559,0.07477360931435964,False,False
0.18192324072973373,3201,237,376,51,0.17708333333333334,0.11943793911007025,0.14265734265734265,0.93106457242582896,0.074514877102199228,False,False
0.18196748047613104,3202,236,376,51,0.17770034843205576,0.11943793911007025,0.14285714285714285,0.93135543920884234,0.074256144890038817,False,False
0.18200038433061561,3203,235,376,51,0.17832167832167833,0.11943793911007025,0.14305750350631133,0.93164630599185572,0.073997412677878391,False,False
0.18201684017774516,3204,234,376,51,0.17894736842105263,0.11943793911007025,0.1432584269662921,0.93193717277486909,0.073738680465717979,False,False
0.1821595368141472,3205,233,376,51,0.1795774647887324,0.11943793911007025,0.14345991561181434,0.93222803955788247,0.073479948253557567,False,False
0.18218833000787638,3206,232,376,51,0.18021201413427562,0.11943793911007025,0.14366197183098595,0.93251890634089585,0.073221216041397155,False,False
0.18233663888092763,3207,231,376,51,0.18085106382978725,0.11943793911007025,0.14386459802538787,0.93280977312390922,0.072962483829236743,False,False
0.1823602430841563,3207,231,377,50,0.17793594306049823,0.117096018735363,0.14124293785310735,0.93280977312390922,0.072703751617076331,False,False
0.18260213718469867,3207,231,378,49,0.17499999999999999,0.11475409836065574,0.1386138613861386,0.93280977312390922,0.072445019404915906,False,False
0.18289313245018934,3208,230,378,49,0.17562724014336917,0.11475409836065574,0.13881019830028329,0.9331006399069226,0.072186287192755494,False,False
0.18307262341724403,3209,229,378,49,0.17625899280575538,0.11475409836065574,0.13900709219858157,0.93339150668993598,0.071927554980595082,False,False
0.18334778072404442,3209,229,379,48,0.17328519855595667,0.11241217798594848,0.13636363636363638,0.93339150668993598,0.07166882276843467,False,False
0.18342679919064322,3210,228,379,48,0.17391304347826086,0.11241217798594848,0.13655761024182075,0.93368237347294936,0.071410090556274258,False,False
0.18352500782331554,3210,228,380,47,0.1709090909090909,0.11007025761124122,0.13390313390313388,0.93368237347294936,0.071151358344113846,False,False
0.18374472314961537,3210,228,381,46,0.16788321167883211,0.10772833723653395,0.13124108416547789,0.93368237347294936,0.070892626131953435,False,False
0.18386666358313719,3211,227,381,46,0.16849816849816851,0.10772833723653395,0.13142857142857142,0.93397324025596273,0.070633893919793009,False,False
0.18389998832295901,3212,226,381,46,0.16911764705882354,0.10772833723653395,0.13161659513590843,0.93426410703897611,0.070375161707632597,False,False
0.18434628775027248,3213,225,381,46,0.16974169741697417,0.10772833723653395,0.13180515759312322,0.93455497382198949,0.070116429495472185,False,False
0.1844745543804609,3214,224,381,46,0.17037037037037037,0.10772833723653395,0.13199426111908177,0.93484584060500286,0.069857697283311773,False,False
0.18457882152352229,3215,223,381,46,0.17100371747211895,0.10772833723653395,0.13218390804597699,0.93513670738801624,0.069598965071151361,False,False
0.18469426381206053,3216,222,381,46,0.17164179104477612,0.10772833723653395,0.13237410071942446,0.93542757417102962,0.069340232858990949,False,False
0.1847372367482378,3217,221,381,46,0.17228464419475656,0.10772833723653395,0.13256484149855907,0.935718440954043,0.069081500646830524,False,False
0.18493881034458978,3217,221,382,45,0.16917293233082706,0.1053864168618267,0.12987012987012986,0.935718440954043,0.068822768434670112,False,False
0.18497601056333993,3218,220,382,45,0.16981132075471697,0.1053864168618267,0.13005780346820811,0.93600930773705637,0.0685640362225097,False,False
0.18520018828536303,3219,219,382,45,0.17045454545454544,0.1053864168618267,0.13024602026049206,0.93630017452006986,0.068305304010349288,False,False
0.18535005766501939,3220,218,382,45,0.17110266159695817,0.1053864168618267,0.13043478260869565,0.93659104130308324,0.068046571798188876,False,False
0.18547767364072446,3221,217,382,45,0.1717557251908397,0.1053864168618267,0.13062409288824384,0.93688190808609662,0.067787839586028464,False,False
0.18557468759147522,3222,216,382,45,0.17241379310344829,0.1053864168618267,0.1308139534883721,0.93717277486910999,0.067529107373868053,False,False
0.18563457037810552,3223,215,382,45,0.17307692307692307,0.1053864168618267,0.13100436681222707,0.93746364165212337,0.067270375161707627,False,False
0.18572363066593697,3224,214,382,45,0.17374517374517376,0.1053864168618267,0.13119533527696794,0.93775450843513675,0.067011642949547215,False,False
0.18589514435624591,3225,213,382,45,0.1744186046511628,0.1053864168618267,0.13138686131386865,0.93804537521815012,0.066752910737386803,False,False
0.18592349750669965,3226,212,382,45,0.17509727626459143,0.1053864168618267,0.13157894736842107,0.9383362420011635,0.066494178525226391,False,False
0.18615733267210774,3227,211,382,45,0.17578125,0.1053864168618267,0.13177159590043924,0.93862710878417688,0.066235446313065979,False,False
0.18632380081143271,3228,210,382,45,0.17647058823529413,0.1053864168618267,0.13196480938416422,0.93891797556719025,0.065976714100905567,False,False
0.18641088812105669,3229,209,382,45,0.17716535433070865,0.1053864168618267,0.13215859030837002,0.93920884235020363,0.065717981888745156,False,False
0.18644185703020158,3230,208,382,45,0.17786561264822134,0.1053864168618267,0.13235294117647062,0.93949970913321701,0.06545924967658473,False,False
0.1864777160908436,3231,207,382,45,0.17857142857142858,0.1053864168618267,0.13254786450662737,0.93979057591623039,0.065200517464424318,False,False
0.18650156281233438,3232,206,382,45,0.17928286852589642,0.1053864168618267,0.13274336283185842,0.94008144269924376,0.064941785252263906,False,False
0.18670388076979338,3233,205,382,45,0.17999999999999999,0.1053864168618267,0.13293943870014771,0.94037230948225714,0.064683053040103494,False,False
0.18689306686433618,3234,204,382,45,0.18072289156626506,0.1053864168618267,0.1331360946745562,0.94066317626527052,0.064424320827943082,False,False
0.18752258390872073,3234,204,383,44,0.17741935483870969,0.10304449648711944,0.13037037037037039,0.94066317626527052,0.06416558861578267,False,False
0.18760243756936035,3234,204,384,43,0.17408906882591094,0.10070257611241218,0.12759643916913949,0.94066317626527052,0.063906856403622245,False,False
0.18784361854021428,3234,204,385,42,0.17073170731707318,0.098360655737704916,0.12481426448736999,0.94066317626527052,0.063648124191461833,False,False
0.18829258520681955,3235,203,385,42,0.17142857142857143,0.098360655737704916,0.125,0.94095404304828389,0.063389391979301421,False,False
0.18872114052743494,3235,203,386,41,0.16803278688524589,0.096018735362997654,0.12220566318926973,0.94095404304828389,0.063130659767141009,False,False
0.18874401331741253,3236,202,386,41,0.16872427983539096,0.096018735362997654,0.12238805970149252,0.94124490983129727,0.062871927554980597,False,False
0.18887220633746471,3237,201,386,41,0.16942148760330578,0.096018735362997654,0.12257100149476829,0.94153577661431065,0.062613195342820185,False,False
0.18908018771897261,3238,200,386,41,0.17012448132780084,0.096018735362997654,0.12275449101796405,0.94182664339732403,0.062354463130659767,False,False
0.18910992723209419,3239,199,386,41,0.17083333333333334,0.096018735362997654,0.12293853073463266,0.9421175101803374,0.062095730918499355,False,False
0.18928862146679259,3239,199,387,40,0.16736401673640167,0.093676814988290405,0.12012012012012013,0.9421175101803374,0.061836998706338936,False,False
0.18931834231996564,3240,198,387,40,0.16806722689075632,0.093676814988290405,0.12030075187969926,0.94240837696335078,0.061578266494178524,False,False
0.18933523041271635,3241,197,387,40,0.16877637130801687,0.093676814988290405,0.12048192771084337,0.94269924374636416,0.061319534282018112,False,False
0.18949957072421522,3242,196,387,40,0.16949152542372881,0.093676814988290405,0.12066365007541478,0.94299011052937753,0.0610608020698577,False,False
0.19007043182016359,3243,195,387,40,0.1702127659574468,0.093676814988290405,0.12084592145015106,0.94328097731239091,0.060802069857697282,False,False
0.1908299343394704,3244,194,387,40,0.17094017094017094,0.093676814988290405,0.12102874432677761,0.94357184409540429,0.06054333764553687,False,False
0.1909312957457662,3245,193,387,40,0.17167381974248927,0.093676814988290405,0.1212121212121212,0.94386271087841767,0.060284605433376458,False,False
0.19098968826098706,3246,192,387,40,0.17241379310344829,0.093676814988290405,0.12139605462822459,0.94415357766143104,0.060025873221216039,False,False
0.1910384438582777,3247,191,387,40,0.17316017316017315,0.093676814988290405,0.12158054711246201,0.94444444444444442,0.059767141009055627,False,False
0.19104297901702713,3247,191,388,39,0.16956521739130434,0.091334894613583142,0.11872146118721461,0.94444444444444442,0.059508408796895215,False,False
0.1913413627280475,3248,190,388,39,0.1703056768558952,0.091334894613583142,0.11890243902439025,0.9447353112274578,0.059249676584734796,False,False
0.19150981179241849,3249,189,388,39,0.17105263157894737,0.091334894613583142,0.11908396946564885,0.94502617801047117,0.058990944372574385,False,False
0.1915246490735607,3250,188,388,39,0.17180616740088106,0.091334894613583142,0.11926605504587158,0.94531704479348455,0.058732212160413973,False,False
0.19166213347552999,3250,188,389,38,0.16814159292035399,0.08899297423887588,0.11638591117917305,0.94531704479348455,0.058473479948253561,False,False
0.19170509720781237,3250,188,390,37,0.16444444444444445,0.086651053864168617,0.11349693251533743,0.94531704479348455,0.058214747736093142,False,False
0.19196413376878937,3251,187,390,37,0.16517857142857142,0.086651053864168617,0.11367127496159754,0.94560791157649793,0.05795601552393273,False,False
0.19211705740843879,3252,186,390,37,0.16591928251121077,0.086651053864168617,0.11384615384615385,0.94589877835951131,0.057697283311772318,False,False
0.19229210867786739,3253,185,390,37,0.16666666666666666,0.086651053864168617,0.11402157164869028,0.94618964514252468,0.057438551099611899,False,False
0.19262170571491891,3253,185,391,36,0.16289592760180996,0.084309133489461355,0.11111111111111109,0.94618964514252468,0.057179818887451488,False,False
0.19276983849818102,3254,184,391,36,0.16363636363636364,0.084309133489461355,0.11128284389489955,0.94648051192553806,0.056921086675291076,False,False
0.19284621351296372,3254,184,392,35,0.15981735159817351,0.081967213114754092,0.10835913312693499,0.94648051192553806,0.056662354463130657,False,False
0.19333730447185196,3255,183,392,35,0.16055045871559634,0.081967213114754092,0.10852713178294573,0.94677137870855144,0.056403622250970245,False,False
0.19340066895044056,3256,182,392,35,0.16129032258064516,0.081967213114754092,0.10869565217391304,0.94706224549156481,0.056144890038809833,False,False
0.19365776606125468,3257,181,392,35,0.16203703703703703,0.081967213114754092,0.1088646967340591,0.94735311227457819,0.055886157826649414,False,False
0.19401925943013468,3258,180,392,35,0.16279069767441862,0.081967213114754092,0.1090342679127726,0.94764397905759157,0.055627425614489003,False,False
0.19404216270437707,3259,179,392,35,0.16355140186915887,0.081967213114754092,0.10920436817472698,0.94793484584060506,0.055368693402328591,False,False
0.1940796705376277,3260,178,392,35,0.16431924882629109,0.081967213114754092,0.10937499999999999,0.94822571262361843,0.055109961190168179,False,False
0.19409591049866909,3261,177,392,35,0.1650943396226415,0.081967213114754092,0.10954616588419405,0.94851657940663181,0.05485122897800776,False,False
0.1943674891638425,3262,176,392,35,0.16587677725118483,0.081967213114754092,0.10971786833855798,0.94880744618964519,0.054592496765847348,False,False
0.19438039106475927,3263,175,392,35,0.16666666666666666,0.081967213114754092,0.10989010989010987,0.94909831297265856,0.054333764553686936,False,False
0.19453329936615815,3264,174,392,35,0.1674641148325359,0.081967213114754092,0.110062893081761,0.94938917975567194,0.054075032341526517,False,False
0.19461309317957862,3265,173,392,35,0.16826923076923078,0.081967213114754092,0.11023622047244096,0.94968004653868532,0.053816300129366106,False,False
0.19466237326171448,3266,172,392,35,0.16908212560386474,0.081967213114754092,0.11041009463722395,0.9499709133216987,0.053557567917205694,False,False
0.19480137108801118,3267,171,392,35,0.16990291262135923,0.081967213114754092,0.11058451816745654,0.95026178010471207,0.053298835705045275,False,False
0.19488071333002147,3268,170,392,35,0.17073170731707318,0.081967213114754092,0.11075949367088607,0.95055264688772545,0.053040103492884863,False,False
0.19500752917200923,3269,169,392,35,0.17156862745098039,0.081967213114754092,0.11093502377179081,0.95084351367073883,0.052781371280724451,False,False
0.19514327286830102,3270,168,392,35,0.17241379310344829,0.081967213114754092,0.11111111111111112,0.9511343804537522,0.052522639068564039,False,False
0.19520526121212087,3271,167,392,35,0.17326732673267325,0.081967213114754092,0.11128775834658187,0.95142524723676558,0.05226390685640362,False,False
0.19523792530033374,3271,167,393,34,0.1691542288557214,0.079625292740046844,0.10828025477707007,0.95142524723676558,0.052005174644243209,False,False
0.19658242176306234,3272,166,393,34,0.17000000000000001,0.079625292740046844,0.10845295055821372,0.95171611401977896,0.051746442432082797,False,False
0.19665428135963528,3273,165,393,34,0.17085427135678391,0.079625292740046844,0.1086261980830671,0.95200698080279234,0.051487710219922378,False,False
0.19667765877214297,3274,164,393,34,0.17171717171717171,0.079625292740046844,0.10880000000000001,0.95229784758580571,0.051228978007761966,False,False
0.19671353463559185,3275,163,393,34,0.17258883248730963,0.079625292740046844,0.10897435897435898,0.95258871436881909,0.050970245795601554,False,False
0.19671522325677723,3276,162,393,34,0.17346938775510204,0.079625292740046844,0.10914927768860352,0.95287958115183247,0.050711513583441135,False,False
0.19692162922349432,3277,161,393,34,0.17435897435897435,0.079625292740046844,0.10932475884244372,0.95317044793484584,0.050452781371280724,False,False
0.19694739106743867,3278,160,393,34,0.17525773195876287,0.079625292740046844,0.10950080515297905,0.95346131471785922,0.050194049159120312,False,False
0.19696722746835207,3278,160,394,33,0.17098445595854922,0.077283372365339581,0.1064516129032258,0.95346131471785922,0.0499353169469599,False,False
0.1971842950579622,3279,159,394,33,0.171875,0.077283372365339581,0.10662358642972537,0.9537521815008726,0.049676584734799481,False,False
0.19796227023085813,3280,158,394,33,0.17277486910994763,0.077283372365339581,0.10679611650485438,0.95404304828388597,0.049417852522639069,False,False
0.19816422465211975,3280,158,395,32,0.16842105263157894,0.074941451990632318,0.10372771474878444,0.95404304828388597,0.049159120310478657,False,False
0.1984719261820008,3280,158,396,31,0.16402116402116401,0.072599531615925056,0.10064935064935064,0.95404304828388597,0.048900388098318238,False,False
0.1988965986425982,3281,157,396,31,0.16489361702127658,0.072599531615925056,0.10081300813008129,0.95433391506689935,0.048641655886157827,False,False
0.19915041917493004,3282,156,396,31,0.16577540106951871,0.072599531615925056,0.10097719869706839,0.95462478184991273,0.048382923673997415,False,False
0.19924911852449842,3283,155,396,31,0.16666666666666666,0.072599531615925056,0.10114192495921696,0.95491564863292611,0.048124191461836996,False,False
0.19933609906419902,3283,155,397,30,0.16216216216216217,0.070257611241217793,0.098039215686274495,0.95491564863292611,0.047865459249676584,False,False
0.19937437632158905,3284,154,397,30,0.16304347826086957,0.070257611241217793,0.098199672667757767,0.95520651541593948,0.047606727037516172,False,False
0.19959806886904863,3285,153,397,30,0.16393442622950818,0.070257611241217793,0.098360655737704902,0.95549738219895286,0.047347994825355753,False,False
0.20008982409944981,3286,152,397,30,0.16483516483516483,0.070257611241217793,0.09852216748768472,0.95578824898196624,0.047089262613195342,False,False
0.20020405376769071,3287,151,397,30,0.16574585635359115,0.070257611241217793,0.098684210526315777,0.95607911576497961,0.04683053040103493,False,False
0.20049916400456341,3287,151,398,29,0.16111111111111112,0.067915690866510545,0.095551894563426706,0.95607911576497961,0.046571798188874518,False,False
0.20054884770969966,3287,151,399,28,0.15642458100558659,0.065573770491803282,0.092409240924092403,0.95607911576497961,0.046313065976714099,False,False
0.20077988122343235,3287,151,400,27,0.15168539325842698,0.06323185011709602,0.089256198347107449,0.95607911576497961,0.046054333764553687,False,False
0.2008603674432359,3288,150,400,27,0.15254237288135594,0.06323185011709602,0.089403973509933787,0.95636998254799299,0.045795601552393275,False,False
0.20107833312399842,3289,149,400,27,0.15340909090909091,0.06323185011709602,0.089552238805970158,0.95666084933100637,0.045536869340232856,False,False
0.201486947727264,3290,148,400,27,0.15428571428571428,0.06323185011709602,0.089700996677740868,0.95695171611401975,0.045278137128072445,False,False
0.2019585557144567,3291,147,400,27,0.15517241379310345,0.06323185011709602,0.089850249584026626,0.95724258289703312,0.045019404915912033,False,False
0.20218563480261476,3292,146,400,27,0.15606936416184972,0.06323185011709602,0.090000000000000011,0.9575334496800465,0.044760672703751614,False,False
0.20285285937470593,3293,145,400,27,0.15697674418604651,0.06323185011709602,0.090150250417362257,0.95782431646305988,0.044501940491591202,False,False
0.20385373468827631,3294,144,400,27,0.15789473684210525,0.06323185011709602,0.090301003344481601,0.95811518324607325,0.04424320827943079,False,False
0.20389146775575381,3295,143,400,27,0.1588235294117647,0.06323185011709602,0.090452261306532666,0.95840605002908663,0.043984476067270378,False,False
0.20393526310260643,3295,143,401,26,0.15384615384615385,0.060889929742388757,0.087248322147650992,0.95840605002908663,0.043725743855109959,False,False
0.2042013224324514,3296,142,401,26,0.15476190476190477,0.060889929742388757,0.087394957983193272,0.95869691681210001,0.043467011642949548,False,False
0.20426184929247324,3297,141,401,26,0.15568862275449102,0.060889929742388757,0.087542087542087532,0.95898778359511339,0.043208279430789136,False,False
0.20444702411479573,3298,140,401,26,0.15662650602409639,0.060889929742388757,0.087689713322091065,0.95927865037812676,0.042949547218628717,False,False
0.20469959834505452,3298,140,402,25,0.15151515151515152,0.058548009367681501,0.084459459459459457,0.95927865037812676,0.042690815006468305,False,False
0.20476817175276532,3299,139,402,25,0.1524390243902439,0.058548009367681501,0.084602368866328256,0.95956951716114025,0.042432082794307893,False,False
0.20476834815883799,3300,138,402,25,0.15337423312883436,0.058548009367681501,0.084745762711864403,0.95986038394415363,0.042173350582147474,False,False
0.20559053714349615,3300,138,403,24,0.14814814814814814,0.056206088992974239,0.081494057724957561,0.95986038394415363,0.041914618369987063,False,False
0.20565776298078542,3301,137,403,24,0.14906832298136646,0.056206088992974239,0.081632653061224483,0.960151250727167,0.041655886157826651,False,False
0.20597870833660423,3302,136,403,24,0.14999999999999999,0.056206088992974239,0.081771720613287899,0.96044211751018038,0.041397153945666239,False,False
0.20635356216995138,3303,135,403,24,0.15094339622641509,0.056206088992974239,0.08191126279863481,0.96073298429319376,0.04113842173350582,False,False
0.20666707923401037,3304,134,403,24,0.15189873417721519,0.056206088992974239,0.082051282051282051,0.96102385107620714,0.040879689521345408,False,False
0.20678864869212352,3304,134,404,23,0.1464968152866242,0.053864168618266976,0.078767123287671229,0.96102385107620714,0.040620957309184996,False,False
0.20692055871847129,3305,133,404,23,0.14743589743589744,0.053864168618266976,0.07890222984562606,0.96131471785922051,0.040362225097024577,False,False
0.20772053867336973,3306,132,404,23,0.14838709677419354,0.053864168618266976,0.07903780068728522,0.96160558464223389,0.040103492884864166,False,False
0.20785197647919698,3307,131,404,23,0.14935064935064934,0.053864168618266976,0.079173838209982778,0.96189645142524727,0.039844760672703754,False,False
0.20827318962124786,3307,131,405,22,0.1437908496732026,0.051522248243559721,0.07586206896551724,0.96189645142524727,0.039586028460543335,False,False
0.20850841328305417,3308,130,405,22,0.14473684210526316,0.051522248243559721,0.07599309153713299,0.96218731820826064,0.039327296248382923,False,False
0.20936316838551861,3309,129,405,22,0.14569536423841059,0.051522248243559721,0.076124567474048443,0.96247818499127402,0.039068564036222511,False,False
0.20948545686732792,3310,128,405,22,0.14666666666666667,0.051522248243559721,0.076256499133448868,0.9627690517742874,0.038809831824062092,False,False
0.21002272413597448,3311,127,405,22,0.1476510067114094,0.051522248243559721,0.076388888888888895,0.96305991855730078,0.03855109961190168,False,False
0.21010932484141906,3312,126,405,22,0.14864864864864866,0.051522248243559721,0.076521739130434779,0.96335078534031415,0.038292367399741269,False,False
0.21027938523817027,3313,125,405,22,0.14965986394557823,0.051522248243559721,0.076655052264808371,0.96364165212332753,0.038033635187580857,False,False
0.21066448800378026,3314,124,405,22,0.15068493150684931,0.051522248243559721,0.076788830715532289,0.96393251890634091,0.037774902975420438,False,False
0.21102692161427017,3315,123,405,22,0.15172413793103448,0.051522248243559721,0.076923076923076927,0.96422338568935428,0.037516170763260026,False,False
0.21105892545430313,3316,122,405,22,0.15277777777777779,0.051522248243559721,0.077057793345008757,0.96451425247236766,0.037257438551099614,False,False
0.21157072799709756,3317,121,405,22,0.15384615384615385,0.051522248243559721,0.077192982456140341,0.96480511925538104,0.036998706338939195,False,False
0.21167025892170924,3318,120,405,22,0.15492957746478872,0.051522248243559721,0.077328646748681909,0.96509598603839442,0.036739974126778784,False,False
0.21203891022621318,3318,120,406,21,0.14893617021276595,0.049180327868852458,0.073943661971830985,0.96509598603839442,0.036481241914618372,False,False
0.21208582642694632,3318,120,407,20,0.14285714285714285,0.046838407494145202,0.07054673721340389,0.96509598603839442,0.036222509702457953,False,False
0.21246970846605792,3319,119,407,20,0.14388489208633093,0.046838407494145202,0.070671378091872794,0.96538685282140779,0.035963777490297541,False,False
0.21284085452921356,3320,118,407,20,0.14492753623188406,0.046838407494145202,0.070796460176991149,0.96567771960442117,0.035705045278137129,False,False
0.2140196195196902,3321,117,407,20,0.145985401459854,0.046838407494145202,0.070921985815602842,0.96596858638743455,0.035446313065976717,False,False
0.21462341548880173,3322,116,407,20,0.14705882352941177,0.046838407494145202,0.071047957371225587,0.96625945317044792,0.035187580853816298,False,False
0.21581001177154499,3323,115,407,20,0.14814814814814814,0.046838407494145202,0.071174377224199295,0.9665503199534613,0.034928848641655887,False,False
0.21657067435031616,3324,114,407,20,0.14925373134328357,0.046838407494145202,0.07130124777183601,0.96684118673647468,0.034670116429495475,False,False
0.21663339319882274,3324,114,408,19,0.14285714285714285,0.04449648711943794,0.067857142857142866,0.96684118673647468,0.034411384217335056,False,False
0.21697724041465258,3324,114,409,18,0.13636363636363635,0.042154566744730677,0.064400715563506253,0.96684118673647468,0.034152652005174644,False,False
0.21804037263744258,3325,113,409,18,0.13740458015267176,0.042154566744730677,0.064516129032258063,0.96713205351948806,0.033893919793014232,False,False
0.21829833508977023,3326,112,409,18,0.13846153846153847,0.042154566744730677,0.064631956912028721,0.96742292030250143,0.033635187580853813,False,False
0.21883504131565026,3327,111,409,18,0.13953488372093023,0.042154566744730677,0.064748201438848921,0.96771378708551481,0.033376455368693402,False,False
0.21948206667494477,3328,110,409,18,0.140625,0.042154566744730677,0.064864864864864868,0.96800465386852819,0.03311772315653299,False,False
0.21977810099421427,3329,109,409,18,0.14173228346456693,0.042154566744730677,0.064981949458483748,0.96829552065154156,0.032858990944372578,False,False
0.21985345932651082,3330,108,409,18,0.14285714285714285,0.042154566744730677,0.0650994575045208,0.96858638743455494,0.032600258732212159,False,False
0.22020637604834556,3331,107,409,18,0.14399999999999999,0.042154566744730677,0.065217391304347824,0.96887725421756832,0.032341526520051747,False,False
0.22023844467494696,3332,106,409,18,0.14516129032258066,0.042154566744730677,0.065335753176043551,0.96916812100058169,0.032082794307891335,False,False
0.220823055693429,3333,105,409,18,0.14634146341463414,0.042154566744730677,0.065454545454545446,0.96945898778359507,0.031824062095730916,False,False
0.22111676604782446,3334,104,409,18,0.14754098360655737,0.042154566744730677,0.065573770491803282,0.96974985456660845,0.031565329883570505,False,False
0.22117219827513993,3335,103,409,18,0.1487603305785124,0.042154566744730677,0.06569343065693431,0.97004072134962183,0.031306597671410093,False,False
0.22119915752764999,3336,102,409,18,0.14999999999999999,0.042154566744730677,0.065813528336380253,0.9703315881326352,0.031047865459249677,False,False
0.22154974213490999,3337,101,409,18,0.15126050420168066,0.042154566744730677,0.065934065934065936,0.97062245491564858,0.030789133247089262,False,False
0.22156037896902483,3338,100,409,18,0.15254237288135594,0.042154566744730677,0.066055045871559637,0.97091332169866196,0.03053040103492885,False,False
0.22163685928633939,3338,100,410,17,0.14529914529914531,0.039812646370023422,0.0625,0.97091332169866196,0.030271668822768435,False,False
0.22220819715141957,3339,99,410,17,0.14655172413793102,0.039812646370023422,0.062615101289134431,0.97120418848167545,0.030012936610608019,False,False
0.22221873405484227,3340,98,410,17,0.14782608695652175,0.039812646370023422,0.06273062730627306,0.97149505526468882,0.029754204398447608,False,False
0.22224150312180393,3341,97,410,17,0.14912280701754385,0.039812646370023422,0.062846580406654334,0.9717859220477022,0.029495472186287192,False,False
0.22231076815821318,3342,96,410,17,0.15044247787610621,0.039812646370023422,0.062962962962962971,0.97207678883071558,0.02923673997412678,False,False
0.22283436179641972,3343,95,410,17,0.15178571428571427,0.039812646370023422,0.06307977736549164,0.97236765561372895,0.028978007761966365,False,False
0.22328634305114123,3343,95,411,16,0.14414414414414414,0.037470725995316159,0.059479553903345722,0.97236765561372895,0.02871927554980595,False,False
0.22417039886595314,3344,94,411,16,0.14545454545454545,0.037470725995316159,0.059590316573556804,0.97265852239674233,0.028460543337645538,False,False
0.22459997508273788,3345,93,411,16,0.14678899082568808,0.037470725995316159,0.059701492537313432,0.97294938917975571,0.028201811125485123,False,False
0.22496957432665848,3346,92,411,16,0.14814814814814814,0.037470725995316159,0.059813084112149535,0.97324025596276909,0.027943078913324707,False,False
0.22576679644280823,3347,91,411,16,0.14953271028037382,0.037470725995316159,0.059925093632958795,0.97353112274578246,0.027684346701164295,False,False
0.22683770527335273,3348,90,411,16,0.15094339622641509,0.037470725995316159,0.060037523452157592,0.97382198952879584,0.02742561448900388,False,False
0.22725592204590753,3349,89,411,16,0.15238095238095239,0.037470725995316159,0.060150375939849628,0.97411285631180922,0.027166882276843468,False,False
0.22779343307925823,3350,88,411,16,0.15384615384615385,0.037470725995316159,0.060263653483992471,0.97440372309482259,0.026908150064683053,False,False
0.22831692354559299,3350,88,412,15,0.14563106796116504,0.035128805620608897,0.056603773584905662,0.97440372309482259,0.026649417852522637,False,False
0.22843416596261268,3351,87,412,15,0.14705882352941177,0.035128805620608897,0.056710775047258979,0.97469458987783597,0.026390685640362226,False,False
0.22859416110043701,3352,86,412,15,0.14851485148514851,0.035128805620608897,0.056818181818181809,0.97498545666084935,0.02613195342820181,False,False
0.22872969048865688,3353,85,412,15,0.14999999999999999,0.035128805620608897,0.056925996204933584,0.97527632344386272,0.025873221216041398,False,False
0.22895418518423402,3354,84,412,15,0.15151515151515152,0.035128805620608897,0.057034220532319387,0.9755671902268761,0.025614489003880983,False,False
0.22937323003617274,3355,83,412,15,0.15306122448979592,0.035128805620608897,0.057142857142857141,0.97585805700988948,0.025355756791720568,False,False
0.22971280737618446,3356,82,412,15,0.15463917525773196,0.035128805620608897,0.057251908396946563,0.97614892379290286,0.025097024579560156,False,False
0.22982097936402818,3357,81,412,15,0.15625,0.035128805620608897,0.05736137667304015,0.97643979057591623,0.024838292367399741,False,False
0.22985337859975868,3358,80,412,15,0.15789473684210525,0.035128805620608897,0.057471264367816091,0.97673065735892961,0.024579560155239329,False,False
0.22992584137681432,3359,79,412,15,0.15957446808510639,0.035128805620608897,0.057581573896353169,0.97702152414194299,0.024320827943078913,False,False
0.23019528563167665,3360,78,412,15,0.16129032258064516,0.035128805620608897,0.057692307692307682,0.97731239092495636,0.024062095730918498,False,False
0.23109024401829337,3360,78,413,14,0.15217391304347827,0.032786885245901641,0.053949903660886318,0.97731239092495636,0.023803363518758086,False,False
0.23328961504791648,3361,77,413,14,0.15384615384615385,0.032786885245901641,0.054054054054054057,0.97760325770796974,0.023544631306597671,False,False
0.23343481614646838,3362,76,413,14,0.15555555555555556,0.032786885245901641,0.054158607350096706,0.97789412449098312,0.023285899094437259,False,False
0.2340184585086369,3363,75,413,14,0.15730337078651685,0.032786885245901641,0.054263565891472867,0.9781849912739965,0.023027166882276844,False,False
0.23410282178572914,3364,74,413,14,0.15909090909090909,0.032786885245901641,0.054368932038834951,0.97847585805700987,0.022768434670116428,False,False
0.23492130189562424,3365,73,413,14,0.16091954022988506,0.032786885245901641,0.054474708171206233,0.97876672484002325,0.022509702457956016,False,False
0.23497610520234849,3366,72,413,14,0.16279069767441862,0.032786885245901641,0.054580896686159841,0.97905759162303663,0.022250970245795601,False,False
0.23525649546550167,3367,71,413,14,0.16470588235294117,0.032786885245901641,0.054687500000000007,0.97934845840605,0.021992238033635189,False,False
0.23611125106756184,3368,70,413,14,0.16666666666666666,0.032786885245901641,0.054794520547945202,0.97963932518906338,0.021733505821474774,False,False
0.23677749616951194,3369,69,413,14,0.16867469879518071,0.032786885245901641,0.054901960784313732,0.97993019197207676,0.021474773609314358,False,False
0.23759814674143678,3370,68,413,14,0.17073170731707318,0.032786885245901641,0.0550098231827112,0.98022105875509014,0.021216041397153947,False,False
0.23855173517750458,3371,67,413,14,0.1728395061728395,0.032786885245901641,0.055118110236220472,0.98051192553810351,0.020957309184993531,False,False
0.23893149216046811,3372,66,413,14,0.17499999999999999,0.032786885245901641,0.055226824457593686,0.98080279232111689,0.020698576972833119,False,False
0.23900091606783216,3373,65,413,14,0.17721518987341772,0.032786885245901641,0.05533596837944664,0.98109365910413027,0.020439844760672704,False,False
0.23904878856666778,3373,65,414,13,0.16666666666666666,0.030444964871194378,0.051485148514851482,0.98109365910413027,0.020181112548512289,False,False
0.23954555760364762,3374,64,414,13,0.16883116883116883,0.030444964871194378,0.051587301587301584,0.98138452588714364,0.019922380336351877,False,False
0.23972436286658186,3375,63,414,13,0.17105263157894737,0.030444964871194378,0.051689860834990053,0.98167539267015702,0.019663648124191462,False,False
0.24124316797231832,3376,62,414,13,0.17333333333333334,0.030444964871194378,0.05179282868525896,0.9819662594531704,0.019404915912031046,False,False
0.24194290030008886,3377,61,414,13,0.17567567567567569,0.030444964871194378,0.051896207584830337,0.98225712623618378,0.019146183699870634,False,False
0.24208458237228594,3378,60,414,13,0.17808219178082191,0.030444964871194378,0.051999999999999991,0.98254799301919715,0.018887451487710219,False,False
0.2421864147922585,3379,59,414,13,0.18055555555555555,0.030444964871194378,0.052104208416833664,0.98283885980221064,0.018628719275549807,False,False
0.24226339849920256,3379,59,415,12,0.16901408450704225,0.028103044496487119,0.048192771084337345,0.98283885980221064,0.018369987063389392,False,False
0.24297262997586913,3380,58,415,12,0.17142857142857143,0.028103044496487119,0.048289738430583498,0.98312972658522402,0.018111254851228976,False,False
0.24309824928763252,3381,57,415,12,0.17391304347826086,0.028103044496487119,0.048387096774193547,0.98342059336823739,0.017852522639068565,False,False
0.24331828691513477,3382,56,415,12,0.17647058823529413,0.028103044496487119,0.048484848484848485,0.98371146015125077,0.017593790426908149,False,False
0.24361487721697148,3383,55,415,12,0.17910447761194029,0.028103044496487119,0.048582995951417005,0.98400232693426415,0.017335058214747737,False,False
0.24477581159885453,3384,54,415,12,0.18181818181818182,0.028103044496487119,0.048681541582150101,0.98429319371727753,0.017076326002587322,False,False
0.24549382640440742,3385,53,415,12,0.18461538461538463,0.028103044496487119,0.048780487804878044,0.9845840605002909,0.016817593790426907,False,False
0.24583571468605855,3386,52,415,12,0.1875,0.028103044496487119,0.048879837067209775,0.98487492728330428,0.016558861578266495,False,False
0.24662829737087641,3387,51,415,12,0.19047619047619047,0.028103044496487119,0.048979591836734691,0.98516579406631766,0.016300129366106079,False,False
0.24667270979041458,3388,50,415,12,0.19354838709677419,0.028103044496487119,0.049079754601226995,0.98545666084933103,0.016041397153945668,False,False
0.24698553651081748,3389,49,415,12,0.19672131147540983,0.028103044496487119,0.049180327868852458,0.98574752763234441,0.015782664941785252,False,False
0.24756893026803645,3390,48,415,12,0.20000000000000001,0.028103044496487119,0.049281314168377818,0.98603839441535779,0.015523932729624839,False,False
0.24854537998097434,3391,47,415,12,0.20338983050847459,0.028103044496487119,0.04938271604938272,0.98632926119837117,0.015265200517464425,False,False
0.24925668489157937,3391,47,416,11,0.18965517241379309,0.02576112412177986,0.045360824742268047,0.98632926119837117,0.01500646830530401,False,False
0.24976620871388877,3392,46,416,11,0.19298245614035087,0.02576112412177986,0.045454545454545456,0.98662012798138454,0.014747736093143596,False,False
0.25132319489384813,3393,45,416,11,0.19642857142857142,0.02576112412177986,0.045548654244306423,0.98691099476439792,0.014489003880983183,False,False
0.25161005863178165,3394,44,416,11,0.20000000000000001,0.02576112412177986,0.045643153526970959,0.9872018615474113,0.014230271668822769,False,False
0.25286826051140715,3394,44,417,10,0.18518518518518517,0.023419203747072601,0.041580041580041582,0.9872018615474113,0.013971539456662354,False,False
0.25299896834921176,3395,43,417,10,0.18867924528301888,0.023419203747072601,0.041666666666666671,0.98749272833042467,0.01371280724450194,False,False
0.25849480024568078,3395,43,418,9,0.17307692307692307,0.021077283372365339,0.037578288100208766,0.98749272833042467,0.013454075032341526,False,False
0.26124685630215699,3396,42,418,9,0.17647058823529413,0.021077283372365339,0.037656903765690378,0.98778359511343805,0.013195342820181113,False,False
0.2613002332440954,3397,41,418,9,0.17999999999999999,0.021077283372365339,0.037735849056603772,0.98807446189645143,0.012936610608020699,False,False
0.26581911233207256,3398,40,418,9,0.18367346938775511,0.021077283372365339,0.037815126050420166,0.98836532867946481,0.012677878395860284,False,False
0.26684595779448733,3399,39,418,9,0.1875,0.021077283372365339,0.037894736842105266,0.98865619546247818,0.01241914618369987,False,False
0.2678555640336352,3399,39,419,8,0.1702127659574468,0.01873536299765808,0.033755274261603373,0.98865619546247818,0.012160413971539457,False,False
0.26827697197954764,3400,38,419,8,0.17391304347826086,0.01873536299765808,0.03382663847780127,0.98894706224549156,0.011901681759379043,False,False
0.26841980873851773,3401,37,419,8,0.17777777777777778,0.01873536299765808,0.033898305084745763,0.98923792902850494,0.011642949547218629,False,False
0.26872793864355055,3402,36,419,8,0.18181818181818182,0.01873536299765808,0.033970276008492568,0.98952879581151831,0.011384217335058214,False,False
0.2722750245796064,3403,35,419,8,0.18604651162790697,0.01873536299765808,0.034042553191489362,0.98981966259453169,0.011125485122897801,False,False
0.27253152460587432,3404,34,419,8,0.19047619047619047,0.01873536299765808,0.034115138592750532,0.99011052937754507,0.010866752910737387,False,False
0.2733124255137529,3404,34,420,7,0.17073170731707318,0.016393442622950821,0.029914529914529919,0.99011052937754507,0.010608020698576973,False,False
0.27527535047485802,3405,33,420,7,0.17499999999999999,0.016393442622950821,0.029978586723768737,0.99040139616055844,0.01034928848641656,False,False
0.27607849053266381,3406,32,420,7,0.17948717948717949,0.016393442622950821,0.030042918454935622,0.99069226294357182,0.010090556274256144,False,False
0.27779481111619397,3407,31,420,7,0.18421052631578946,0.016393442622950821,0.030107526881720432,0.9909831297265852,0.0098318240620957308,False,False
0.27800585893370194,3408,30,420,7,0.1891891891891892,0.016393442622950821,0.030172413793103453,0.99127399650959858,0.0095730918499353172,False,False
0.27822826392452671,3409,29,420,7,0.19444444444444445,0.016393442622950821,0.030237580993520523,0.99156486329261195,0.0093143596377749036,False,False
0.28008413783982411,3410,28,420,7,0.20000000000000001,0.016393442622950821,0.030303030303030307,0.99185573007562533,0.0090556274256144882,False,False
0.28058664330398647,3411,27,420,7,0.20588235294117646,0.016393442622950821,0.030368763557483733,0.99214659685863871,0.0087968952134540746,False,False
0.28131619340845532,3412,26,420,7,0.21212121212121213,0.016393442622950821,0.030434782608695657,0.99243746364165208,0.008538163001293661,False,False
0.28382982377593979,3413,25,420,7,0.21875,0.016393442622950821,0.030501089324618737,0.99272833042466546,0.0082794307891332474,False,False
0.28388289262945737,3413,25,421,6,0.19354838709677419,0.01405152224824356,0.026200873362445417,0.99272833042466546,0.0080206985769728338,False,False
0.28645774620782566,3414,24,421,6,0.20000000000000001,0.01405152224824356,0.026258205689277898,0.99301919720767884,0.0077619663648124193,False,False
0.28749941461511946,3415,23,421,6,0.20689655172413793,0.01405152224824356,0.026315789473684213,0.99331006399069222,0.0075032341526520049,False,False
0.28824923490594656,3416,22,421,6,0.21428571428571427,0.01405152224824356,0.026373626373626374,0.99360093077370559,0.0072445019404915913,False,False
0.29287961989368166,3417,21,421,6,0.22222222222222221,0.01405152224824356,0.026431718061674013,0.99389179755671897,0.0069857697283311768,False,False
0.29299486812122733,3418,20,421,6,0.23076923076923078,0.01405152224824356,0.026490066225165563,0.99418266433973235,0.0067270375161707632,False,False
0.29306929057814146,3419,19,421,6,0.23999999999999999,0.01405152224824356,0.026548672566371681,0.99447353112274584,0.0064683053040103496,False,False
0.29489272235110492,3420,18,421,6,0.25,0.01405152224824356,0.026607538802660754,0.99476439790575921,0.0062095730918499351,False,False
0.29823724942819468,3421,17,421,6,0.2608695652173913,0.01405152224824356,0.026666666666666665,0.99505526468877259,0.0059508408796895215,False,False
0.29951070069218955,3422,16,421,6,0.27272727272727271,0.01405152224824356,0.026726057906458794,0.99534613147178597,0.0056921086675291071,False,False
0.29969956339384812,3423,15,421,6,0.2857142857142857,0.01405152224824356,0.026785714285714288,0.99563699825479934,0.0054333764553686935,False,False
0.30121507768202599,3424,14,421,6,0.29999999999999999,0.01405152224824356,0.026845637583892617,0.99592786503781272,0.0051746442432082798,False,False
0.30304975012707674,3425,13,421,6,0.31578947368421051,0.01405152224824356,0.026905829596412554,0.9962187318208261,0.0049159120310478654,False,False
0.30585789659902901,3426,12,421,6,0.33333333333333331,0.01405152224824356,0.026966292134831461,0.99650959860383947,0.0046571798188874518,False,False
0.30635774989921316,3427,11,421,6,0.35294117647058826,0.01405152224824356,0.027027027027027025,0.99680046538685285,0.0043984476067270373,False,False
0.30681273849859769,3428,10,421,6,0.375,0.01405152224824356,0.027088036117381489,0.99709133216986623,0.0041397153945666237,False,False
0.31238671609834023,3428,10,422,5,0.33333333333333331,0.011709601873536301,0.022624434389140271,0.99709133216986623,0.0038809831824062097,False,False
0.31297346239071167,3429,9,422,5,0.35714285714285715,0.011709601873536301,0.022675736961451247,0.99738219895287961,0.0036222509702457956,False,False
0.31398903200368838,3430,8,422,5,0.38461538461538464,0.011709601873536301,0.022727272727272731,0.99767306573589298,0.0033635187580853816,False,False
0.31833628767644906,3431,7,422,5,0.41666666666666669,0.011709601873536301,0.02277904328018223,0.99796393251890636,0.0031047865459249676,False,False
0.31948094073753613,3431,7,423,4,0.36363636363636365,0.0093676814988290398,0.018264840182648401,0.99796393251890636,0.0028460543337645535,False,False
0.32002723437169994,3432,6,423,4,0.40000000000000002,0.0093676814988290398,0.018306636155606407,0.99825479930191974,0.0025873221216041399,False,False
0.32235518350460013,3432,6,424,3,0.33333333333333331,0.0070257611241217799,0.013761467889908258,0.99825479930191974,0.0023285899094437259,False,False
0.32760682160989457,3433,5,424,3,0.375,0.0070257611241217799,0.013793103448275862,0.99854566608493311,0.0020698576972833119,False,False
0.33334253323451973,3434,4,424,3,0.42857142857142855,0.0070257611241217799,0.013824884792626727,0.99883653286794649,0.0018111254851228978,False,False
0.34785375994822182,3434,4,425,2,0.33333333333333331,0.0046838407494145199,0.0092378752886836026,0.99883653286794649,0.0015523932729624838,False,False
0.35362622338992289,3435,3,425,2,0.40000000000000002,0.0046838407494145199,0.0092592592592592587,0.99912739965095987,0.00129366106080207,False,False
0.3811982577880943,3436,2,425,2,0.5,0.0046838407494145199,0.0092807424593967514,0.99941826643397325,0.0010349288486416559,False,False
0.4100353968184422,3437,1,425,2,0.66666666666666663,0.0046838407494145199,0.0093023255813953487,0.99970913321698662,0.00077619663648124189,False,False
0.42383639015612229,3438,0,425,2,1,0.0046838407494145199,0.009324009324009324,1,0.00051746442432082796,False,False
0.44986998289681784,3438,0,426,1,1,0.00234192037470726,0.0046728971962616819,1,0.00025873221216041398,False,False
